[{"division":"0","ta":{"q1":"112.97999999999999%","q2":"1.6%","q3":"124.58000000000001%"},"si":{"q1":"A+","q2":"D","q3":"A+"},"sai":{"q1":"10%","q2":"-15%","q3":"10%"},"$$hashKey":"object:5"},{"division":"1","ta":{"q1":"89.05%","q2":"2.4%","q3":"100.47%"},"si":{"q1":"B-","q2":"D","q3":"A-"},"sai":{"q1":"0%","q2":"-15%","q3":"5%"},"$$hashKey":"object:6"},{"division":"2","ta":{"q1":"20%","q2":"0.12%","q3":"6%","q4":"0.1%"},"si":{"q1":"D","q2":"D","q3":"D","q4":"D"},"sai":{"q1":"-15%","q2":"-15%","q3":"-15%","q4":"-15%"},"$$hashKey":"object:7"},{"division":"3","ta":{"q1":"4.25%","q2":"5.1%","q3":"4.25%","q4":"4.25%"},"si":{"q1":"D","q2":"D","q3":"D","q4":"D"},"sai":{"q1":"-15%","q2":"-15%","q3":"-15%","q4":"-15%"},"$$hashKey":"object:8"},{"division":"4","ta":{"q1":"4.25%","q2":"5.1%","q3":"4.25%","q4":"4.25%"},"si":{"q1":"D","q2":"D","q3":"D","q4":"D"},"sai":{"q1":"-15%","q2":"-15%","q3":"-15%","q4":"-15%"},"$$hashKey":"object:9"},{"division":"5","ta":{"q1":"4.25%","q2":"5.1%","q3":"4.25%","q4":"4.25%"},"si":{"q1":"D","q2":"D","q3":"D","q4":"D"},"sai":{"q1":"-15%","q2":"-15%","q3":"-15%","q4":"-15%"},"$$hashKey":"object:10"},{"division":"6","ta":{"q1":"4.25%","q2":"5.1%","q3":"4.25%","q4":"4.25%"},"si":{"q1":"D","q2":"D","q3":"D","q4":"D"},"sai":{"q1":"-15%","q2":"-15%","q3":"-15%","q4":"-15%"},"$$hashKey":"object:11"},{"division":"7","ta":{"q1":"104.5%","q2":"0%","q3":"0%","q4":"0%"},"si":{"q1":"A","q2":"D","q3":"D","q4":"D"},"sai":{"q1":"7.5%","q2":"-15%","q3":"-15%","q4":"-15%"},"$$hashKey":"object:12"},{"division":"8","ta":{"q1":"4.25%","q2":"5.1%","q3":"4.25%","q4":"4.25%"},"si":{"q1":"D","q2":"D","q3":"D","q4":"D"},"sai":{"q1":"-15%","q2":"-15%","q3":"-15%","q4":"-15%"},"$$hashKey":"object:13"},{"division":"9","ta":{"q1":"4.25%","q2":"5.1%","q3":"4.25%","q4":"4.25%"},"si":{"q1":"D","q2":"D","q3":"D","q4":"D"},"sai":{"q1":"-15%","q2":"-15%","q3":"-15%","q4":"-15%"},"$$hashKey":"object:14"},{"division":"10","ta":{"q1":"0%","q2":"0%","q3":"0%","q4":"0%"},"si":{"q1":"D","q2":"D","q3":"D","q4":"D"},"sai":{"q1":"-15%","q2":"-15%","q3":"-15%","q4":"-15%"},"$$hashKey":"object:15"}]