[{"nama_jabatan":"公司名称 Company","child":[],"bisa_punya_anak":false,"index":0,"$$hashKey":"object:5","parent":82,"level":0,"deletable":false,"users":[0]},{"nama_jabatan":"董事长、总裁 President Director","child":[2,3,7,8,26],"bisa_punya_anak":true,"index":1,"$$hashKey":"object:6","parent":82,"level":0,"deletable":false,"users":[1]},{"nama_jabatan":"副董事长 Vice President Director","child":[],"bisa_punya_anak":false,"index":2,"$$hashKey":"object:7","parent":1,"level":1,"deletable":false,"users":[2]},{"nama_jabatan":"公司副总裁、园区总裁 VP Perusahaan & President Kawasan Industri","child":[4,5,6,9,10,11,12,22],"bisa_punya_anak":true,"index":3,"$$hashKey":"object:8","parent":1,"level":1,"deletable":false,"users":[3]},{"nama_jabatan":"电厂部分管副总裁 VP Power Plant","child":[21,23],"bisa_punya_anak":true,"index":4,"$$hashKey":"object:9","parent":3,"level":2,"deletable":false,"users":[9]},{"nama_jabatan":"公司副总裁、园区总监 VP Perusahaan & COO Kawasan Industri","child":[24],"bisa_punya_anak":true,"index":5,"$$hashKey":"object:10","parent":3,"level":2,"deletable":false,"users":[7]},{"nama_jabatan":"矿山部分管副总裁 VP Mining","child":[16],"bisa_punya_anak":true,"index":6,"$$hashKey":"object:11","parent":3,"level":2,"deletable":false,"users":[13]},{"nama_jabatan":"公司董事、财务总监 Direksi Perusahaan & VP FA","child":[19,25],"bisa_punya_anak":true,"index":7,"$$hashKey":"object:12","parent":1,"level":1,"deletable":false,"users":[15]},{"nama_jabatan":"公司董事、园区副总裁 Direksi Perusahaan & VP HRPR","child":[17],"bisa_punya_anak":true,"index":8,"$$hashKey":"object:13","parent":1,"level":1,"deletable":false,"users":[18]},{"nama_jabatan":"营销物流部总经理 GM Marketing & Logistic","child":[15],"bisa_punya_anak":true,"index":9,"parent":3,"level":1,"deletable":true,"users":[5]},{"nama_jabatan":"生产安全环保部 GM PSEP","child":[],"bisa_punya_anak":true,"index":10,"parent":3,"level":1,"deletable":true,"users":[6]},{"nama_jabatan":"冶炼部总经理 GM Smelter Plant","child":[13,14,28,31],"bisa_punya_anak":true,"index":11,"parent":3,"level":1,"deletable":true,"users":[4]},{"nama_jabatan":"GM Production Support","child":[],"bisa_punya_anak":true,"index":12,"parent":3,"level":1,"deletable":true,"users":[25]},{"nama_jabatan":"Deputi GM Production","child":[27,32,33,34],"bisa_punya_anak":true,"index":13,"parent":11,"level":2,"deletable":true,"users":[27]},{"nama_jabatan":"Deputi GM Equipment","child":[29],"bisa_punya_anak":true,"index":14,"parent":11,"level":2,"deletable":true,"users":[39]},{"nama_jabatan":"VGM Logistic","child":[],"bisa_punya_anak":true,"index":15,"parent":9,"level":2,"deletable":true,"users":[28]},{"nama_jabatan":"矿山部总经理 GM Mining","child":[],"bisa_punya_anak":true,"index":16,"parent":6,"level":1,"deletable":true,"users":[29]},{"nama_jabatan":"GM HR & PR","child":[18],"bisa_punya_anak":true,"index":17,"parent":8,"level":1,"deletable":true,"users":[30]},{"nama_jabatan":"Deputi GM HR","child":[70,71,72,73],"bisa_punya_anak":true,"index":18,"parent":17,"level":2,"deletable":true,"users":[49]},{"nama_jabatan":"财务部总经理 GM Finance & Accounting","child":[],"bisa_punya_anak":true,"index":19,"parent":7,"level":1,"deletable":true,"users":[32]},{"nama_jabatan":"GM General Affairs","child":[],"bisa_punya_anak":true,"index":20,"parent":7,"level":1,"deletable":true,"users":[33]},{"nama_jabatan":"电厂部总经理 GM Power Plant","child":[],"bisa_punya_anak":true,"index":21,"parent":4,"level":1,"deletable":true,"users":[]},{"nama_jabatan":"总工程师 KTT","child":[],"bisa_punya_anak":true,"index":22,"parent":3,"level":1,"deletable":true,"users":[]},{"nama_jabatan":"技术质量检测部总经理 GM TQM","child":[],"bisa_punya_anak":true,"index":23,"parent":4,"level":1,"deletable":true,"users":[]},{"nama_jabatan":"投资规划和资产管理部总经理 GM BCO","child":[],"bisa_punya_anak":true,"index":24,"parent":5,"level":1,"deletable":true,"users":[]},{"nama_jabatan":"行政部总经理 GM GA","child":[],"bisa_punya_anak":true,"index":25,"parent":7,"level":1,"deletable":true,"users":[]},{"nama_jabatan":"Kuded 123","child":[],"bisa_punya_anak":true,"index":26,"parent":1,"users":[],"deletable":true,"level":1},{"nama_jabatan":"Manager Production","child":[35,36],"bisa_punya_anak":true,"index":27,"parent":13,"users":[40],"deletable":true,"level":3},{"nama_jabatan":"Deputi GM Electric","child":[30],"bisa_punya_anak":true,"index":28,"parent":11,"users":[35],"deletable":true,"level":2},{"nama_jabatan":"Manager Equipment","child":[],"bisa_punya_anak":true,"index":29,"parent":14,"users":[],"deletable":true,"level":3},{"nama_jabatan":"Manager Technician","child":[],"bisa_punya_anak":true,"index":30,"parent":28,"users":[],"deletable":true,"level":3},{"nama_jabatan":"Manager Cooperation","child":[],"bisa_punya_anak":true,"index":31,"parent":11,"users":[38],"deletable":true,"level":2},{"nama_jabatan":"Metalurgist 1","child":[],"bisa_punya_anak":true,"index":32,"parent":13,"users":[],"deletable":true,"level":3},{"nama_jabatan":"Metallurgist 2","child":[],"bisa_punya_anak":true,"index":33,"parent":13,"users":[43],"deletable":true,"level":3},{"nama_jabatan":"Assistant Manager","child":[],"bisa_punya_anak":true,"index":34,"parent":13,"users":[],"deletable":true,"level":3},{"nama_jabatan":"Ketua Area Oproduksi","child":[37,38,39],"bisa_punya_anak":true,"index":35,"parent":27,"users":[44],"deletable":true,"level":4},{"nama_jabatan":"Wakil Ketua Area Produksi","child":[],"bisa_punya_anak":true,"index":36,"parent":27,"users":[45],"deletable":true,"level":4},{"nama_jabatan":"Ketua Regu 1","child":[40,41,53],"bisa_punya_anak":true,"index":37,"parent":35,"users":[46],"deletable":true,"level":5},{"nama_jabatan":"Ketua Regu 2","child":[],"bisa_punya_anak":true,"index":38,"parent":35,"users":[47],"deletable":true,"level":5},{"nama_jabatan":"Ketua Regu 3","child":[],"bisa_punya_anak":true,"index":39,"parent":35,"users":[48],"deletable":true,"level":5},{"nama_jabatan":"Ketua Seksi Praolahan","child":[42,43,44,45,46,47,48,49,50,51,52],"bisa_punya_anak":true,"index":40,"parent":37,"users":[],"deletable":true,"level":6},{"nama_jabatan":"Ketua Seksi Kalsinasi","child":[54,55,56,57,58,59],"bisa_punya_anak":true,"index":41,"parent":37,"users":[],"deletable":true,"level":6},{"nama_jabatan":"Operator While Loader-1 Area 1","child":[],"bisa_punya_anak":true,"index":42,"parent":40,"users":[],"deletable":true,"level":7},{"nama_jabatan":"Operator While Loader-2 Area 1","child":[],"bisa_punya_anak":true,"index":43,"parent":40,"users":[],"deletable":true,"level":7},{"nama_jabatan":"Operator Conveyor Area 1","child":[],"bisa_punya_anak":true,"index":44,"parent":40,"users":[],"deletable":true,"level":7},{"nama_jabatan":"Operator Loader-1 Area ROSY","child":[],"bisa_punya_anak":true,"index":45,"parent":40,"users":[],"deletable":true,"level":7},{"nama_jabatan":"Operator Loader-2 Area ROSY","child":[],"bisa_punya_anak":true,"index":46,"parent":40,"users":[],"deletable":true,"level":7},{"nama_jabatan":"Operator Excavator-1 Area ROSY","child":[],"bisa_punya_anak":true,"index":47,"parent":40,"users":[],"deletable":true,"level":7},{"nama_jabatan":"Operator Excavator-2 Area ROSY","child":[],"bisa_punya_anak":true,"index":48,"parent":40,"users":[23],"deletable":true,"level":7},{"nama_jabatan":"Opeartor Screening dan Conveyor","child":[],"bisa_punya_anak":true,"index":49,"parent":40,"users":[],"deletable":true,"level":7},{"nama_jabatan":"Operator Rotary Dryer-1","child":[],"bisa_punya_anak":true,"index":50,"parent":40,"users":[],"deletable":true,"level":7},{"nama_jabatan":"Operator Crushing-Screening","child":[],"bisa_punya_anak":true,"index":51,"parent":40,"users":[],"deletable":true,"level":7},{"nama_jabatan":"Operator Control Room","child":[],"bisa_punya_anak":true,"index":52,"parent":40,"users":[],"deletable":true,"level":7},{"nama_jabatan":"Ketua Seksi Smelting","child":[60,61,62,63,64,65,66,67,68,69],"bisa_punya_anak":true,"index":53,"parent":37,"users":[],"deletable":true,"level":6},{"nama_jabatan":"Operator (1) Mixing Plant-1","child":[],"bisa_punya_anak":true,"index":54,"parent":41,"users":[],"deletable":true,"level":7},{"nama_jabatan":"Operator (2) Mixing Plant-1","child":[],"bisa_punya_anak":true,"index":55,"parent":41,"users":[],"deletable":true,"level":7},{"nama_jabatan":"Operator (1) Rotary Kiln-1","child":[],"bisa_punya_anak":true,"index":56,"parent":41,"users":[],"deletable":true,"level":7},{"nama_jabatan":"Operator (2) Rotary Kiln-1","child":[],"bisa_punya_anak":true,"index":57,"parent":41,"users":[11],"deletable":true,"level":7},{"nama_jabatan":"Operator Control Room Mixing Plant-1","child":[],"bisa_punya_anak":true,"index":58,"parent":41,"users":[],"deletable":true,"level":7},{"nama_jabatan":"Operator Control Room Rotary Kiln-1","child":[],"bisa_punya_anak":true,"index":59,"parent":41,"users":[],"deletable":true,"level":7},{"nama_jabatan":"Operator Pengumpanan Kalsin EF-1","child":[],"bisa_punya_anak":true,"index":60,"parent":53,"users":[26],"deletable":true,"level":7},{"nama_jabatan":"Operator (1) Metal Tapping EF-1","child":[],"bisa_punya_anak":true,"index":61,"parent":53,"users":[],"deletable":true,"level":7},{"nama_jabatan":"Operator (2) Metal Tapping EF-1","child":[],"bisa_punya_anak":true,"index":62,"parent":53,"users":[],"deletable":true,"level":7},{"nama_jabatan":"Operator (3) Metal Tapping EF-1","child":[],"bisa_punya_anak":true,"index":63,"parent":53,"users":[],"deletable":true,"level":7},{"nama_jabatan":"Operator (1) Metal Casting EF-1","child":[],"bisa_punya_anak":true,"index":64,"parent":53,"users":[],"deletable":true,"level":7},{"nama_jabatan":"Operator (1) Slag Tapping EF-1","child":[],"bisa_punya_anak":true,"index":65,"parent":53,"users":[],"deletable":true,"level":7},{"nama_jabatan":"Operator (2) Slag Tapping EF-1","child":[],"bisa_punya_anak":true,"index":66,"parent":53,"users":[],"deletable":true,"level":7},{"nama_jabatan":"Operator (2) Slag Tapping EF-1","child":[],"bisa_punya_anak":true,"index":67,"parent":53,"users":[],"deletable":true,"level":7},{"nama_jabatan":"Operator (1) Slag Holder Truck EF-1","child":[],"bisa_punya_anak":true,"index":68,"parent":53,"users":[],"deletable":true,"level":7},{"nama_jabatan":"Operator (2) Slag Holder Truck EF-1","child":[],"bisa_punya_anak":true,"index":69,"parent":53,"users":[],"deletable":true,"level":7},{"nama_jabatan":"Manager HRD","child":[74,75,76,79,80,81],"bisa_punya_anak":true,"index":70,"parent":18,"users":[50],"deletable":true,"level":3},{"nama_jabatan":"Manager CSR","child":[77,78],"bisa_punya_anak":true,"index":71,"parent":18,"users":[],"deletable":true,"level":3},{"nama_jabatan":"Administrasi 1","child":[],"bisa_punya_anak":true,"index":72,"parent":18,"users":[],"deletable":true,"level":3},{"nama_jabatan":"Admisnistrasi 2","child":[],"bisa_punya_anak":true,"index":73,"parent":18,"users":[],"deletable":true,"level":3},{"nama_jabatan":"Ass. Manager IR & Recruitment","child":[],"bisa_punya_anak":true,"index":74,"parent":70,"users":[51],"deletable":true,"level":4},{"nama_jabatan":"Ass. Manager Comben","child":[],"bisa_punya_anak":true,"index":75,"parent":70,"users":[52],"deletable":true,"level":4},{"nama_jabatan":"Ass. Manager HRIS","child":[],"bisa_punya_anak":true,"index":76,"parent":70,"users":[53],"deletable":true,"level":4},{"nama_jabatan":"Ass. Manager CSR Internal","child":[],"bisa_punya_anak":true,"index":77,"parent":71,"users":[57],"deletable":true,"level":4},{"nama_jabatan":"Ass. Manager CSR External","child":[],"bisa_punya_anak":true,"index":78,"parent":71,"users":[58],"deletable":true,"level":4},{"nama_jabatan":"Admin HRD 1","child":[],"bisa_punya_anak":true,"index":79,"parent":70,"users":[54],"deletable":true,"level":4},{"nama_jabatan":"Admin HRD 2","child":[],"bisa_punya_anak":true,"index":80,"parent":70,"users":[55],"deletable":true,"level":4},{"nama_jabatan":"Admin HRD 3","child":[],"bisa_punya_anak":true,"index":81,"parent":70,"users":[56],"deletable":true,"level":4},{"nama_jabatan":"监事 Commisioner","child":[],"bisa_punya_anak":false,"index":82,"$$hashKey":"object:5","parent":-1,"users":[0],"level":-1}]