[{"name":"Meily E. Karundeng","index":0,"jabatan_data":{"nama_jabatan":"监事 Commisioner","child":[],"bisa_punya_anak":false,"index":82,"$$hashKey":"object:5","parent":-1,"users":[0],"level":-1}},{"name":"Zhang Heng Xiang","index":1,"jabatan_data":{"nama_jabatan":"董事长、总裁 President Director","child":[2,3,7,8,26],"bisa_punya_anak":true,"index":1,"$$hashKey":"object:6","parent":82,"level":0,"deletable":false,"users":[1]}},{"name":"Suherman","index":2,"jabatan_data":{"nama_jabatan":"副董事长 Vice President Director","child":[],"bisa_punya_anak":false,"index":2,"$$hashKey":"object:7","parent":1,"level":1,"deletable":false,"users":[2]}},{"name":"Li Guang","index":3,"jabatan_data":{"nama_jabatan":"公司副总裁、园区总裁 VP Perusahaan & President Kawasan Industri","child":[4,5,6,9,10,11,12,22],"bisa_punya_anak":true,"index":3,"$$hashKey":"object:8","parent":1,"level":1,"deletable":false,"users":[3]}},{"name":"Wang Wantao","index":4,"jabatan_data":{"nama_jabatan":"冶炼部总经理 GM Smelter Plant","child":[13,14,28,31],"bisa_punya_anak":true,"index":11,"parent":3,"level":1,"deletable":true,"users":[4]}},{"name":"Zhong Xiang Cheng","index":5,"jabatan_data":{"nama_jabatan":"营销物流部总经理 GM Marketing & Logistic","child":[15],"bisa_punya_anak":true,"index":9,"parent":3,"level":1,"deletable":true,"users":[5]}},{"name":"Feng Weibin","index":6,"jabatan_data":{"nama_jabatan":"生产安全环保部 GM PSEP","child":[],"bisa_punya_anak":true,"index":10,"parent":3,"level":1,"deletable":true,"users":[6]}},{"name":"Isran Hamzah","index":7,"jabatan_data":{"nama_jabatan":"公司副总裁、园区总监 VP Perusahaan & COO Kawasan Industri","child":[24],"bisa_punya_anak":true,"index":5,"$$hashKey":"object:10","parent":3,"level":2,"deletable":false,"users":[7]}},{"name":"Teguh Widodo","index":8},{"name":"Wang Jing","index":9,"jabatan_data":{"nama_jabatan":"电厂部分管副总裁 VP Power Plant","child":[21,23],"bisa_punya_anak":true,"index":4,"$$hashKey":"object:9","parent":3,"level":2,"deletable":false,"users":[9]}},{"name":"Wang YongJia","index":10},{"name":"Wang Yuzhu","index":11,"jabatan_data":{"nama_jabatan":"Operator (2) Rotary Kiln-1","child":[],"bisa_punya_anak":true,"index":57,"parent":41,"users":[11],"deletable":true,"level":7}},{"name":"Zhao Wenbin","index":12},{"name":"Zhang Jianhui","index":13,"jabatan_data":{"nama_jabatan":"矿山部分管副总裁 VP Mining","child":[16],"bisa_punya_anak":true,"index":6,"$$hashKey":"object:11","parent":3,"level":2,"deletable":false,"users":[13]}},{"name":"Younsel Erlandsyah","index":14},{"name":"Wang Jingxing","index":15,"jabatan_data":{"nama_jabatan":"公司董事、财务总监 Direksi Perusahaan & VP FA","child":[19,25],"bisa_punya_anak":true,"index":7,"$$hashKey":"object:12","parent":1,"level":1,"deletable":false,"users":[15]}},{"name":"Johan Yuda Santosa","index":16},{"name":"Yang Jinlin","index":17},{"name":"Zhang Eng Ting","index":18,"jabatan_data":{"nama_jabatan":"公司董事、园区副总裁 Direksi Perusahaan & VP HRPR","child":[17],"bisa_punya_anak":true,"index":8,"$$hashKey":"object:13","parent":1,"level":1,"deletable":false,"users":[18]}},{"name":"IG Wayan Suntamaya","index":19},{"name":"Wang Wang","index":20},{"name":"Wang Wenjin","index":21},{"name":"Wang Wenjin","index":22},{"name":"Wang Yizin","index":23,"jabatan_data":{"nama_jabatan":"Operator Excavator-1 Area ROSY","child":[],"bisa_punya_anak":true,"index":47,"parent":40,"users":[23],"deletable":true,"level":7}},{"name":"Wang Wenjin","index":24},{"name":"Wang Wenjin","index":25,"jabatan_data":{"nama_jabatan":"GM Production Support","child":[],"bisa_punya_anak":true,"index":12,"parent":3,"level":1,"deletable":true,"users":[25]}},{"name":"Wang Hehe","index":26,"jabatan_data":{"nama_jabatan":"Operator Pengumpanan Kalsin EF-1","child":[],"bisa_punya_anak":true,"index":60,"parent":53,"users":[26],"deletable":true,"level":7}},{"name":"Li Delu","index":27,"jabatan_data":{"nama_jabatan":"Deputi GM Production","child":[27,32,33,34],"bisa_punya_anak":true,"index":13,"parent":11,"level":2,"deletable":true,"users":[27]}},{"name":"Gunadi Gautama","index":28,"jabatan_data":{"nama_jabatan":"VGM Logistic","child":[],"bisa_punya_anak":true,"index":15,"parent":9,"level":2,"deletable":true,"users":[28]}},{"name":"Younsel Erlans Syah","index":29,"jabatan_data":{"nama_jabatan":"矿山部总经理 GM Mining","child":[],"bisa_punya_anak":true,"index":16,"parent":6,"level":1,"deletable":true,"users":[29]}},{"name":"I Wayan Suntamaya","index":30,"jabatan_data":{"nama_jabatan":"GM HR & PR","child":[18],"bisa_punya_anak":true,"index":17,"parent":8,"level":1,"deletable":true,"users":[30]}},{"name":"Darma Nusa Alting","index":31},{"name":"Johan Yudha Santosa","index":32,"jabatan_data":{"nama_jabatan":"财务部总经理 GM Finance & Accounting","child":[],"bisa_punya_anak":true,"index":19,"parent":7,"level":1,"deletable":true,"users":[32]}},{"name":"Yang Jinlin","index":33,"jabatan_data":{"nama_jabatan":"GM General Affairs","child":[],"bisa_punya_anak":true,"index":20,"parent":7,"level":1,"deletable":true,"users":[33]}},{"name":"Udes","index":34},{"name":"Bai Jongshan","index":35,"jabatan_data":{"nama_jabatan":"Deputi GM Electric","child":[30],"bisa_punya_anak":true,"index":28,"parent":11,"users":[35],"deletable":true,"level":2}},{"name":"Ma Feng","index":36},{"name":"user 123","index":37},{"name":"Mery Megawati","index":38,"jabatan_data":{"nama_jabatan":"Manager Cooperation","child":[],"bisa_punya_anak":true,"index":31,"parent":11,"users":[38],"deletable":true,"level":2}},{"name":"Xi Xiaoming","index":39,"jabatan_data":{"nama_jabatan":"Deputi GM Equipment","child":[29],"bisa_punya_anak":true,"index":14,"parent":11,"level":2,"deletable":true,"users":[39]}},{"name":"Ran Tanbao","index":40,"jabatan_data":{"nama_jabatan":"Manager Production","child":[35,36],"bisa_punya_anak":true,"index":27,"parent":13,"users":[40],"deletable":true,"level":3}},{"name":"Made Wang","index":41},{"name":"Frederick Wu","index":42},{"name":"Asep Zhang","index":43,"jabatan_data":{"nama_jabatan":"Metallurgist 2","child":[],"bisa_punya_anak":true,"index":33,"parent":13,"users":[43],"deletable":true,"level":3}},{"name":"Bai Hun","index":44,"jabatan_data":{"nama_jabatan":"Ketua Area Oproduksi","child":[37,38,39],"bisa_punya_anak":true,"index":35,"parent":27,"users":[44],"deletable":true,"level":4}},{"name":"Pan Jinzheng","index":45,"jabatan_data":{"nama_jabatan":"Wakil Ketua Area Produksi","child":[],"bisa_punya_anak":true,"index":36,"parent":27,"users":[45],"deletable":true,"level":4}},{"name":"Fu Ningbo","index":46,"jabatan_data":{"nama_jabatan":"Ketua Regu 1","child":[40,41,53],"bisa_punya_anak":true,"index":37,"parent":35,"users":[46],"deletable":true,"level":5}},{"name":"Yang Banghai","index":47,"jabatan_data":{"nama_jabatan":"Ketua Regu 2","child":[],"bisa_punya_anak":true,"index":38,"parent":35,"users":[47],"deletable":true,"level":5}},{"name":"Chen Fei","index":48,"jabatan_data":{"nama_jabatan":"Ketua Regu 3","child":[],"bisa_punya_anak":true,"index":39,"parent":35,"users":[48],"deletable":true,"level":5}},{"name":"Darma Nusa Alting","index":49,"jabatan_data":{"nama_jabatan":"Deputi GM HR","child":[70,71,72,73],"bisa_punya_anak":true,"index":18,"parent":17,"level":2,"deletable":true,"users":[49]}},{"name":"Abdul Ghani","index":50,"jabatan_data":{"nama_jabatan":"Manager HRD","child":[74,75,76,79,80,81],"bisa_punya_anak":true,"index":70,"parent":18,"users":[50],"deletable":true,"level":3}},{"name":"Rudi Alogo","index":51,"jabatan_data":{"nama_jabatan":"Ass. Manager IR & Recruitment","child":[],"bisa_punya_anak":true,"index":74,"parent":70,"users":[51],"deletable":true,"level":4}},{"name":"Edwin Indra Sumantri","index":52,"jabatan_data":{"nama_jabatan":"Ass. Manager Comben","child":[],"bisa_punya_anak":true,"index":75,"parent":70,"users":[52],"deletable":true,"level":4}},{"name":"Vacant","index":53,"jabatan_data":{"nama_jabatan":"Ass. Manager HRIS","child":[],"bisa_punya_anak":true,"index":76,"parent":70,"users":[53],"deletable":true,"level":4}},{"name":"Yunita","index":54,"jabatan_data":{"nama_jabatan":"Admin HRD 1","child":[],"bisa_punya_anak":true,"index":79,"parent":70,"users":[54],"deletable":true,"level":4}},{"name":"Chandra","index":55,"jabatan_data":{"nama_jabatan":"Admin HRD 2","child":[],"bisa_punya_anak":true,"index":80,"parent":70,"users":[55],"deletable":true,"level":4}},{"name":"Anisa","index":56,"jabatan_data":{"nama_jabatan":"Admin HRD 3","child":[],"bisa_punya_anak":true,"index":81,"parent":70,"users":[56],"deletable":true,"level":4}},{"name":"Hikmah Kausaha","index":57,"jabatan_data":{"nama_jabatan":"Ass. Manager CSR Internal","child":[],"bisa_punya_anak":true,"index":77,"parent":71,"users":[57],"deletable":true,"level":4}},{"name":"Hajrin Ode Muhrijin","index":58,"jabatan_data":{"nama_jabatan":"Ass. Manager CSR External","child":[],"bisa_punya_anak":true,"index":78,"parent":71,"users":[58],"deletable":true,"level":4}}]