[{"kpi_proccess_id":"1902040784","kpi_header_id":"190805045004","pw":null,"pt":null,"real":null,"created_at":"2019-09-15 20:24:42","updated_at":"2019-09-15 20:24:42"},{"kpi_proccess_id":"1902040784","kpi_header_id":"193654045000","pw":"70.00","pt":2,"real":3,"created_at":"2019-09-15 20:24:00","updated_at":"2019-09-15 20:24:00"},{"kpi_proccess_id":"1902040784","kpi_header_id":"193667845000","pw":"15.00","pt":2,"real":2,"created_at":"2019-09-15 20:24:00","updated_at":"2019-09-15 20:24:42"},{"kpi_proccess_id":"1911144747","kpi_header_id":"190805045004","pw":null,"pt":null,"real":null,"created_at":"2019-09-15 20:24:42","updated_at":"2019-09-15 20:24:42"},{"kpi_proccess_id":"1911144747","kpi_header_id":"190900342904","pw":"15.00","pt":2,"real":3,"created_at":"2019-09-15 18:56:42","updated_at":"2019-09-15 21:13:28"},{"kpi_proccess_id":"1911144747","kpi_header_id":"193654045000","pw":"15.00","pt":1,"real":1,"created_at":"2019-09-15 20:24:00","updated_at":"2019-09-15 20:24:00"},{"kpi_proccess_id":"1911144747","kpi_header_id":"193667845000","pw":"15.00","pt":2,"real":2,"created_at":"2019-09-15 20:24:00","updated_at":"2019-09-15 20:24:42"},{"kpi_proccess_id":"1911144747","kpi_header_id":"193695342900","pw":"15.00","pt":1,"real":1,"created_at":"2019-09-15 18:57:27","updated_at":"2019-09-15 21:10:21"},{"kpi_proccess_id":"1911144747","kpi_header_id":"194392942904","pw":"15.00","pt":2,"real":3,"created_at":"2019-09-15 18:56:42","updated_at":"2019-09-15 21:13:28"},{"kpi_proccess_id":"1916788721","kpi_header_id":"190900342904","pw":"15.00","pt":2,"real":2,"created_at":"2019-09-05 13:20:09","updated_at":"2019-09-15 21:13:28"},{"kpi_proccess_id":"1916788721","kpi_header_id":"192331041504","pw":"15.00","pt":3,"real":3,"created_at":"2019-09-05 13:24:23","updated_at":"2019-09-16 21:19:54"},{"kpi_proccess_id":"1916788721","kpi_header_id":"192618541500","pw":"15.00","pt":3,"real":3,"created_at":"2019-09-16 20:38:20","updated_at":"2019-09-17 22:18:27"},{"kpi_proccess_id":"1916788721","kpi_header_id":"192687041500","pw":"15.00","pt":3,"real":3,"created_at":"2019-09-16 20:38:20","updated_at":"2019-09-17 22:18:27"},{"kpi_proccess_id":"1916788721","kpi_header_id":"192705141000","pw":"30.00","pt":3,"real":4,"created_at":"2019-09-13 20:54:37","updated_at":"2019-09-14 20:40:00"},{"kpi_proccess_id":"1916788721","kpi_header_id":"193343642500","pw":"30.00","pt":3,"real":3,"created_at":"2019-09-15 20:55:48","updated_at":"2019-09-15 20:59:13"},{"kpi_proccess_id":"1916788721","kpi_header_id":"193662042900","pw":"15.00","pt":2,"real":2,"created_at":"2019-08-23 20:24:54","updated_at":"2019-09-15 16:50:33"},{"kpi_proccess_id":"1916788721","kpi_header_id":"193695342900","pw":"15.00","pt":2,"real":2,"created_at":"2019-08-23 20:24:54","updated_at":"2019-09-15 21:10:21"},{"kpi_proccess_id":"1916788721","kpi_header_id":"194392942904","pw":"15.00","pt":2,"real":2,"created_at":"2019-09-05 13:24:43","updated_at":"2019-09-15 21:13:28"},{"kpi_proccess_id":"1916788721","kpi_header_id":"194778041504","pw":"15.00","pt":3,"real":3,"created_at":"2019-09-05 13:18:48","updated_at":"2019-09-05 20:03:15"},{"kpi_proccess_id":"1929151771","kpi_header_id":"192331041504","pw":"0.00","pt":null,"real":null,"created_at":"2019-09-16 20:43:54","updated_at":"2019-09-16 21:19:54"},{"kpi_proccess_id":"1929151771","kpi_header_id":"192618541500","pw":"25.00","pt":3,"real":4,"created_at":"2019-09-16 20:38:20","updated_at":"2019-09-17 22:18:27"},{"kpi_proccess_id":"1929151771","kpi_header_id":"192687041500","pw":"25.00","pt":3,"real":3,"created_at":"2019-09-16 20:38:20","updated_at":"2019-09-17 22:18:27"},{"kpi_proccess_id":"1929151771","kpi_header_id":"192705141000","pw":"40.00","pt":3,"real":3,"created_at":"2019-09-13 20:54:37","updated_at":"2019-09-14 20:40:00"},{"kpi_proccess_id":"1929151771","kpi_header_id":"193343642500","pw":"30.00","pt":3,"real":3,"created_at":"2019-09-15 20:55:48","updated_at":"2019-09-15 20:59:13"},{"kpi_proccess_id":"1930947784","kpi_header_id":"192331041504","pw":"0.00","pt":null,"real":null,"created_at":"2019-09-16 20:43:55","updated_at":"2019-09-16 21:19:54"},{"kpi_proccess_id":"1930947784","kpi_header_id":"192618541500","pw":"20.00","pt":3,"real":3,"created_at":"2019-09-16 20:38:20","updated_at":"2019-09-17 22:18:27"},{"kpi_proccess_id":"1930947784","kpi_header_id":"192687041500","pw":"20.00","pt":3,"real":4,"created_at":"2019-09-16 20:38:20","updated_at":"2019-09-17 22:18:27"},{"kpi_proccess_id":"1939671773","kpi_header_id":"192331041504","pw":"0.00","pt":null,"real":null,"created_at":"2019-09-16 20:43:55","updated_at":"2019-09-16 21:19:54"},{"kpi_proccess_id":"1939671773","kpi_header_id":"192618541500","pw":"15.00","pt":3,"real":4,"created_at":"2019-09-16 20:38:20","updated_at":"2019-09-17 22:18:27"},{"kpi_proccess_id":"1939671773","kpi_header_id":"192687041500","pw":"15.00","pt":3,"real":2,"created_at":"2019-09-16 20:38:20","updated_at":"2019-09-17 22:18:27"},{"kpi_proccess_id":"1944340775","kpi_header_id":"193343642500","pw":"15.00","pt":3,"real":4,"created_at":"2019-09-15 20:55:48","updated_at":"2019-09-15 20:59:13"},{"kpi_proccess_id":"1944714789","kpi_header_id":"193343642500","pw":"25.00","pt":3,"real":3,"created_at":"2019-09-15 20:55:48","updated_at":"2019-09-15 20:59:13"},{"kpi_proccess_id":"1949679733","kpi_header_id":"192331041504","pw":"15.00","pt":3,"real":3,"created_at":"2019-09-05 13:24:23","updated_at":"2019-09-16 21:19:54"},{"kpi_proccess_id":"1949679733","kpi_header_id":"192618541500","pw":"25.00","pt":3,"real":3,"created_at":"2019-09-16 20:38:20","updated_at":"2019-09-17 22:18:27"},{"kpi_proccess_id":"1949679733","kpi_header_id":"192687041500","pw":"25.00","pt":3,"real":3,"created_at":"2019-09-16 20:38:20","updated_at":"2019-09-17 22:18:27"},{"kpi_proccess_id":"1949679733","kpi_header_id":"192705141000","pw":"30.00","pt":3,"real":5,"created_at":"2019-09-13 20:54:37","updated_at":"2019-09-14 20:40:00"},{"kpi_proccess_id":"1949679733","kpi_header_id":"194778041504","pw":"15.00","pt":3,"real":3,"created_at":"2019-09-05 13:18:48","updated_at":"2019-09-05 20:03:15"}]