[{"id":84,"migration":"2014_10_12_000000_create_users_table","batch":1},{"id":85,"migration":"2014_10_12_100000_create_password_resets_table","batch":1},{"id":86,"migration":"2019_07_28_140818_create_roles_table","batch":1},{"id":87,"migration":"2019_07_28_140902_create_employee_table","batch":1},{"id":88,"migration":"2019_07_28_141830_set_foreign_key_users","batch":1},{"id":89,"migration":"2019_07_28_141908_set_foreign_key_employee","batch":1},{"id":90,"migration":"2019_07_28_152322_set_foreign_key_atasan","batch":1},{"id":91,"migration":"2019_07_29_093709_create_k_p_i_headers_table","batch":1},{"id":92,"migration":"2019_07_29_093742_create_k_p_i_endorsements_table","batch":1},{"id":93,"migration":"2019_07_29_093811_create_k_p_i_results_table","batch":1},{"id":94,"migration":"2019_07_29_102230_create_k_p_i_processes_table","batch":1},{"id":95,"migration":"2019_07_29_102409_create_kpiprocess_kpiheader_table","batch":1},{"id":96,"migration":"2019_07_29_104247_set_foreign_key_kpi_headers","batch":1},{"id":97,"migration":"2019_07_29_104327_set_foreign_key_kpi_endorsement","batch":1},{"id":98,"migration":"2019_07_29_104440_set_foreign_key_kpi_result","batch":1},{"id":99,"migration":"2019_07_29_104604_set_foreign_key_kpiprocess_kpiheaders","batch":1},{"id":100,"migration":"2019_07_30_073809_add_weighting_in_kpi_header","batch":1},{"id":101,"migration":"2019_08_06_172410_create_kpi_result_detail_table","batch":1},{"id":102,"migration":"2019_08_06_172551_set_foreign_key_kpi_result_detail","batch":1},{"id":103,"migration":"2019_08_23_131903_add_tier_column","batch":2},{"id":104,"migration":"2019_08_23_131936_create_notifications_table","batch":3},{"id":105,"migration":"2019_09_17_223643_create_priviledge_kpi_result","batch":4},{"id":106,"migration":"2019_09_17_224303_create_kpiresultsheaders_priviledgekpiresults_table","batch":4},{"id":107,"migration":"2019_09_17_224743_set_foreign_priviledge_kpi_result","batch":4}]