[{"id":"190000354353","kpi_header_id":"190008744304","employee_id":"1915285175","verified":0,"level":"1","deleted_at":null,"created_at":"2019-09-05 13:25:00","updated_at":"2019-09-05 13:25:00"},{"id":"190140652345","kpi_header_id":"190027342304","employee_id":"1915284184","verified":0,"level":"1","deleted_at":null,"created_at":"2019-09-05 13:20:01","updated_at":"2019-09-05 13:20:01"},{"id":"190159954437","kpi_header_id":"190150144404","employee_id":"1915285177","verified":0,"level":"1","deleted_at":null,"created_at":"2019-09-05 13:25:01","updated_at":"2019-09-05 13:25:01"},{"id":"190205054539","kpi_header_id":"190233744504","employee_id":"1915285191","verified":0,"level":"1","deleted_at":null,"created_at":"2019-09-05 13:25:02","updated_at":"2019-09-05 13:25:02"},{"id":"190228050166","kpi_header_id":"190294640104","employee_id":"1915284116","verified":0,"level":"1","deleted_at":null,"created_at":"2019-09-05 13:24:02","updated_at":"2019-09-05 13:24:02"},{"id":"190232050124","kpi_header_id":"190294640104","employee_id":"1915284162","verified":0,"level":"3","deleted_at":null,"created_at":"2019-09-05 13:24:02","updated_at":"2019-09-05 13:24:02"},{"id":"190252854526","kpi_header_id":"190233744504","employee_id":"1915284116","verified":0,"level":"2","deleted_at":null,"created_at":"2019-09-05 13:25:02","updated_at":"2019-09-05 13:25:02"},{"id":"190263154551","kpi_header_id":"190233744504","employee_id":"1915284151","verified":0,"level":"3","deleted_at":null,"created_at":"2019-09-05 13:25:02","updated_at":"2019-09-05 13:25:02"},{"id":"190267450160","kpi_header_id":"190294640104","employee_id":"1915284151","verified":0,"level":"2","deleted_at":null,"created_at":"2019-09-05 13:24:02","updated_at":"2019-09-05 13:24:02"},{"id":"190281052483","kpi_header_id":"190200742404","employee_id":"1915284190","verified":0,"level":"1","deleted_at":null,"created_at":"2019-09-05 13:20:02","updated_at":"2019-09-05 13:20:02"},{"id":"190320352524","kpi_header_id":"190388042504","employee_id":"1915284192","verified":0,"level":"1","deleted_at":null,"created_at":"2019-09-05 13:20:03","updated_at":"2019-09-05 13:20:03"},{"id":"190379054655","kpi_header_id":"190312644604","employee_id":"1915285193","verified":0,"level":"1","deleted_at":null,"created_at":"2019-09-05 13:25:03","updated_at":"2019-09-05 13:25:03"},{"id":"190393552577","kpi_header_id":"190388042504","employee_id":"1915284162","verified":0,"level":"2","deleted_at":null,"created_at":"2019-09-05 13:20:03","updated_at":"2019-09-05 13:20:03"},{"id":"190395152573","kpi_header_id":"190388042504","employee_id":"1915283145","verified":0,"level":"3","deleted_at":null,"created_at":"2019-09-05 13:20:03","updated_at":"2019-09-05 13:20:03"},{"id":"190434550222","kpi_header_id":"190365140204","employee_id":"1915284117","verified":0,"level":"1","deleted_at":null,"created_at":"2019-09-05 13:24:04","updated_at":"2019-09-05 13:24:04"},{"id":"190539752634","kpi_header_id":"190576042604","employee_id":"1915284193","verified":0,"level":"1","deleted_at":null,"created_at":"2019-09-05 13:20:05","updated_at":"2019-09-05 13:20:05"},{"id":"190585150376","kpi_header_id":"190521440304","employee_id":"1915284127","verified":0,"level":"1","deleted_at":null,"created_at":"2019-09-05 13:24:05","updated_at":"2019-09-05 13:24:05"},{"id":"190657154855","kpi_header_id":"190667944804","employee_id":"1915285165","verified":0,"level":"3","deleted_at":null,"created_at":"2019-09-05 13:25:06","updated_at":"2019-09-05 13:25:06"},{"id":"190673352753","kpi_header_id":"190617642704","employee_id":"1915284199","verified":0,"level":"1","deleted_at":null,"created_at":"2019-09-05 13:20:06","updated_at":"2019-09-05 13:20:06"},{"id":"190674254860","kpi_header_id":"190667944804","employee_id":"1915285162","verified":0,"level":"2","deleted_at":null,"created_at":"2019-09-05 13:25:06","updated_at":"2019-09-05 13:25:06"},{"id":"190676554821","kpi_header_id":"190667944804","employee_id":"1915285198","verified":0,"level":"1","deleted_at":null,"created_at":"2019-09-05 13:25:06","updated_at":"2019-09-05 13:25:06"},{"id":"190700554979","kpi_header_id":"190719044904","employee_id":"1915285214","verified":0,"level":"1","deleted_at":null,"created_at":"2019-09-05 13:25:07","updated_at":"2019-09-05 13:25:07"},{"id":"190761654997","kpi_header_id":"190719044904","employee_id":"1915285147","verified":0,"level":"2","deleted_at":null,"created_at":"2019-09-05 13:25:07","updated_at":"2019-09-05 13:25:07"},{"id":"190765550445","kpi_header_id":"190627440404","employee_id":"1915284128","verified":0,"level":"1","deleted_at":null,"created_at":"2019-09-05 13:24:07","updated_at":"2019-09-05 13:24:07"},{"id":"190778954944","kpi_header_id":"190719044904","employee_id":"1915285195","verified":0,"level":"3","deleted_at":null,"created_at":"2019-09-05 13:25:07","updated_at":"2019-09-05 13:25:07"},{"id":"190805255030","kpi_header_id":"190805045004","employee_id":"1915285215","verified":0,"level":"1","deleted_at":null,"created_at":"2019-09-05 13:25:08","updated_at":"2019-09-05 13:25:08"},{"id":"190808752897","kpi_header_id":"190884842804","employee_id":"1915284151","verified":0,"level":"2","deleted_at":null,"created_at":"2019-09-05 13:20:08","updated_at":"2019-09-05 13:20:08"},{"id":"190843752841","kpi_header_id":"190884842804","employee_id":"1915284252","verified":0,"level":"1","deleted_at":null,"created_at":"2019-09-05 13:20:08","updated_at":"2019-09-05 13:20:08"},{"id":"190851755032","kpi_header_id":"190805045004","employee_id":"1915284136","verified":0,"level":"2","deleted_at":null,"created_at":"2019-09-05 13:25:08","updated_at":"2019-09-05 13:25:08"},{"id":"190852552877","kpi_header_id":"190884842804","employee_id":"1915284162","verified":0,"level":"3","deleted_at":null,"created_at":"2019-09-05 13:20:08","updated_at":"2019-09-05 13:20:08"},{"id":"190855855061","kpi_header_id":"190805045004","employee_id":"1915284162","verified":0,"level":"3","deleted_at":null,"created_at":"2019-09-05 13:25:08","updated_at":"2019-09-05 13:25:08"},{"id":"190906755156","kpi_header_id":"190980445104","employee_id":"1915285243","verified":0,"level":"1","deleted_at":null,"created_at":"2019-09-05 13:25:09","updated_at":"2019-09-05 13:25:09"},{"id":"190925250551","kpi_header_id":"190815540504","employee_id":"1915284132","verified":0,"level":"1","deleted_at":null,"created_at":"2019-09-05 13:24:09","updated_at":"2019-09-05 13:24:09"},{"id":"190936355194","kpi_header_id":"190980445104","employee_id":"1915285162","verified":0,"level":"2","deleted_at":null,"created_at":"2019-09-05 13:25:09","updated_at":"2019-09-05 13:25:09"},{"id":"190938452976","kpi_header_id":"190900342904","employee_id":"1915284192","verified":0,"level":"2","deleted_at":null,"created_at":"2019-09-05 13:20:09","updated_at":"2019-09-05 13:20:09"},{"id":"190947652971","kpi_header_id":"190900342904","employee_id":"1915284162","verified":0,"level":"3","deleted_at":null,"created_at":"2019-09-05 13:20:09","updated_at":"2019-09-05 13:20:09"},{"id":"190962855186","kpi_header_id":"190980445104","employee_id":"1915285165","verified":0,"level":"3","deleted_at":null,"created_at":"2019-09-05 13:25:09","updated_at":"2019-09-05 13:25:09"},{"id":"190977752982","kpi_header_id":"190900342904","employee_id":"1915284269","verified":0,"level":"1","deleted_at":null,"created_at":"2019-09-05 13:20:09","updated_at":"2019-09-05 13:20:09"},{"id":"191011955271","kpi_header_id":"191074445204","employee_id":"1915286113","verified":0,"level":"1","deleted_at":null,"created_at":"2019-09-05 13:25:10","updated_at":"2019-09-05 13:25:10"},{"id":"191014450694","kpi_header_id":"191069640604","employee_id":"1915284136","verified":0,"level":"1","deleted_at":null,"created_at":"2019-09-05 13:24:10","updated_at":"2019-09-05 13:24:10"},{"id":"191059750642","kpi_header_id":"191069640604","employee_id":"1915283145","verified":0,"level":"3","deleted_at":null,"created_at":"2019-09-05 13:24:10","updated_at":"2019-09-05 13:24:10"},{"id":"191082650678","kpi_header_id":"191069640604","employee_id":"1915284162","verified":0,"level":"2","deleted_at":null,"created_at":"2019-09-05 13:24:10","updated_at":"2019-09-05 13:24:10"},{"id":"191109553046","kpi_header_id":"191047343004","employee_id":"1915284279","verified":0,"level":"1","deleted_at":null,"created_at":"2019-09-05 13:20:11","updated_at":"2019-09-05 13:20:11"},{"id":"191155150771","kpi_header_id":"191144840704","employee_id":"1915284138","verified":0,"level":"1","deleted_at":null,"created_at":"2019-09-05 13:24:11","updated_at":"2019-09-05 13:24:11"},{"id":"191201655337","kpi_header_id":"191230345304","employee_id":"1915285195","verified":0,"level":"3","deleted_at":null,"created_at":"2019-09-05 13:25:12","updated_at":"2019-09-05 13:25:12"},{"id":"191240555320","kpi_header_id":"191230345304","employee_id":"1915286124","verified":0,"level":"1","deleted_at":null,"created_at":"2019-09-05 13:25:12","updated_at":"2019-09-05 13:25:12"},{"id":"191290955386","kpi_header_id":"191230345304","employee_id":"1915285147","verified":0,"level":"2","deleted_at":null,"created_at":"2019-09-05 13:25:12","updated_at":"2019-09-05 13:25:12"},{"id":"191302855426","kpi_header_id":"191355745404","employee_id":"1915285195","verified":0,"level":"3","deleted_at":null,"created_at":"2019-09-05 13:25:13","updated_at":"2019-09-05 13:25:13"},{"id":"191333955472","kpi_header_id":"191355745404","employee_id":"1915285147","verified":0,"level":"2","deleted_at":null,"created_at":"2019-09-05 13:25:13","updated_at":"2019-09-05 13:25:13"},{"id":"191358350897","kpi_header_id":"191280140804","employee_id":"1915284162","verified":0,"level":"3","deleted_at":null,"created_at":"2019-09-05 13:24:13","updated_at":"2019-09-05 13:24:13"},{"id":"191368950865","kpi_header_id":"191280140804","employee_id":"1915284151","verified":0,"level":"2","deleted_at":null,"created_at":"2019-09-05 13:24:13","updated_at":"2019-09-05 13:24:13"},{"id":"191373250875","kpi_header_id":"191280140804","employee_id":"1915284139","verified":0,"level":"1","deleted_at":null,"created_at":"2019-09-05 13:24:13","updated_at":"2019-09-05 13:24:13"},{"id":"191378353169","kpi_header_id":"191234643104","employee_id":"1915284282","verified":0,"level":"1","deleted_at":null,"created_at":"2019-09-05 13:20:13","updated_at":"2019-09-05 13:20:13"},{"id":"191397355493","kpi_header_id":"191355745404","employee_id":"1915286147","verified":0,"level":"1","deleted_at":null,"created_at":"2019-09-05 13:25:13","updated_at":"2019-09-05 13:25:13"},{"id":"191430553258","kpi_header_id":"191452843204","employee_id":"1915285113","verified":0,"level":"1","deleted_at":null,"created_at":"2019-09-05 13:20:14","updated_at":"2019-09-05 13:20:14"},{"id":"191430750973","kpi_header_id":"191481240904","employee_id":"1915284162","verified":0,"level":"2","deleted_at":null,"created_at":"2019-09-05 13:24:14","updated_at":"2019-09-05 13:24:14"},{"id":"191435755586","kpi_header_id":"191462145504","employee_id":"1915286156","verified":0,"level":"1","deleted_at":null,"created_at":"2019-09-05 13:25:14","updated_at":"2019-09-05 13:25:14"},{"id":"191438050980","kpi_header_id":"191481240904","employee_id":"1915283145","verified":0,"level":"3","deleted_at":null,"created_at":"2019-09-05 13:24:14","updated_at":"2019-09-05 13:24:14"},{"id":"191455350991","kpi_header_id":"191481240904","employee_id":"1915284140","verified":0,"level":"1","deleted_at":null,"created_at":"2019-09-05 13:24:14","updated_at":"2019-09-05 13:24:14"},{"id":"191457853220","kpi_header_id":"191452843204","employee_id":"1915284167","verified":0,"level":"2","deleted_at":null,"created_at":"2019-09-05 13:20:14","updated_at":"2019-09-05 13:20:14"},{"id":"191466653237","kpi_header_id":"191452843204","employee_id":"1915284116","verified":0,"level":"3","deleted_at":null,"created_at":"2019-09-05 13:20:14","updated_at":"2019-09-05 13:20:14"},{"id":"191503355664","kpi_header_id":"191569045604","employee_id":"1915286169","verified":0,"level":"1","deleted_at":null,"created_at":"2019-09-05 13:25:15","updated_at":"2019-09-05 13:25:15"},{"id":"191521353352","kpi_header_id":"191559943304","employee_id":"1915285119","verified":0,"level":"1","deleted_at":null,"created_at":"2019-09-05 13:20:15","updated_at":"2019-09-05 13:20:15"},{"id":"191526455637","kpi_header_id":"191569045604","employee_id":"1915285195","verified":0,"level":"3","deleted_at":null,"created_at":"2019-09-05 13:25:15","updated_at":"2019-09-05 13:25:15"},{"id":"191549155643","kpi_header_id":"191569045604","employee_id":"1915285147","verified":0,"level":"2","deleted_at":null,"created_at":"2019-09-05 13:25:15","updated_at":"2019-09-05 13:25:15"},{"id":"191600351058","kpi_header_id":"191531041004","employee_id":"1915283145","verified":0,"level":"3","deleted_at":null,"created_at":"2019-09-05 13:24:16","updated_at":"2019-09-05 13:24:16"},{"id":"191602053469","kpi_header_id":"191665343404","employee_id":"1915285165","verified":0,"level":"3","deleted_at":null,"created_at":"2019-09-05 13:20:16","updated_at":"2019-09-05 13:20:16"},{"id":"191622153455","kpi_header_id":"191665343404","employee_id":"1915285131","verified":0,"level":"1","deleted_at":null,"created_at":"2019-09-05 13:20:16","updated_at":"2019-09-05 13:20:16"},{"id":"191624555765","kpi_header_id":"191666245704","employee_id":"1915285147","verified":0,"level":"2","deleted_at":null,"created_at":"2019-09-05 13:25:16","updated_at":"2019-09-05 13:25:16"},{"id":"191630653474","kpi_header_id":"191665343404","employee_id":"1915285162","verified":0,"level":"2","deleted_at":null,"created_at":"2019-09-05 13:20:16","updated_at":"2019-09-05 13:20:16"},{"id":"191635755751","kpi_header_id":"191666245704","employee_id":"1915285195","verified":0,"level":"3","deleted_at":null,"created_at":"2019-09-05 13:25:16","updated_at":"2019-09-05 13:25:16"},{"id":"191658351033","kpi_header_id":"191531041004","employee_id":"1915284151","verified":0,"level":"1","deleted_at":null,"created_at":"2019-09-05 13:24:16","updated_at":"2019-09-10 15:34:56"},{"id":"191668851057","kpi_header_id":"191531041004","employee_id":"1915284162","verified":0,"level":"2","deleted_at":null,"created_at":"2019-09-05 13:24:16","updated_at":"2019-09-05 13:24:16"},{"id":"191675055750","kpi_header_id":"191666245704","employee_id":"1915286191","verified":0,"level":"1","deleted_at":null,"created_at":"2019-09-05 13:25:16","updated_at":"2019-09-05 13:25:16"},{"id":"191710154764","kpi_header_id":"191719344703","employee_id":"1915285195","verified":0,"level":"1","deleted_at":null,"created_at":"2019-09-15 17:52:17","updated_at":"2019-09-15 17:52:17"},{"id":"191710155825","kpi_header_id":"191731245804","employee_id":"1915285195","verified":0,"level":"3","deleted_at":null,"created_at":"2019-09-05 13:25:17","updated_at":"2019-09-05 13:25:17"},{"id":"191714553576","kpi_header_id":"191788143504","employee_id":"1915285140","verified":0,"level":"1","deleted_at":null,"created_at":"2019-09-05 13:20:17","updated_at":"2019-09-05 13:20:17"},{"id":"191755255823","kpi_header_id":"191731245804","employee_id":"1915286198","verified":0,"level":"1","deleted_at":null,"created_at":"2019-09-05 13:25:17","updated_at":"2019-09-05 13:25:17"},{"id":"191757054768","kpi_header_id":"191719344703","employee_id":"1915284192","verified":0,"level":"3","deleted_at":null,"created_at":"2019-09-15 17:52:17","updated_at":"2019-09-15 17:52:17"},{"id":"191777155827","kpi_header_id":"191731245804","employee_id":"1915285147","verified":0,"level":"2","deleted_at":null,"created_at":"2019-09-05 13:25:17","updated_at":"2019-09-05 13:25:17"},{"id":"191796154775","kpi_header_id":"191719344703","employee_id":"1915284269","verified":0,"level":"2","deleted_at":null,"created_at":"2019-09-15 17:52:17","updated_at":"2019-09-15 17:52:17"},{"id":"191800751166","kpi_header_id":"191790541104","employee_id":"1915284162","verified":0,"level":"3","deleted_at":null,"created_at":"2019-09-05 13:24:18","updated_at":"2019-09-05 13:24:18"},{"id":"191800853629","kpi_header_id":"191839543604","employee_id":"1915284162","verified":0,"level":"3","deleted_at":null,"created_at":"2019-09-05 13:20:18","updated_at":"2019-09-05 13:20:18"},{"id":"191811251132","kpi_header_id":"191790541104","employee_id":"1915284152","verified":0,"level":"1","deleted_at":null,"created_at":"2019-09-05 13:24:18","updated_at":"2019-09-05 13:24:18"},{"id":"191876853637","kpi_header_id":"191839543604","employee_id":"1915285141","verified":0,"level":"1","deleted_at":null,"created_at":"2019-09-05 13:20:18","updated_at":"2019-09-05 13:20:18"},{"id":"191877251194","kpi_header_id":"191790541104","employee_id":"1915284151","verified":0,"level":"2","deleted_at":null,"created_at":"2019-09-05 13:24:18","updated_at":"2019-09-05 13:24:18"},{"id":"191879153653","kpi_header_id":"191839543604","employee_id":"1915284136","verified":0,"level":"2","deleted_at":null,"created_at":"2019-09-05 13:20:18","updated_at":"2019-09-05 13:20:18"},{"id":"191901051296","kpi_header_id":"191903541204","employee_id":"1915284152","verified":0,"level":"2","deleted_at":null,"created_at":"2019-09-05 13:24:19","updated_at":"2019-09-05 13:24:19"},{"id":"191925053753","kpi_header_id":"191953043704","employee_id":"1915284269","verified":0,"level":"3","deleted_at":null,"created_at":"2019-09-05 13:20:19","updated_at":"2019-09-05 13:20:19"},{"id":"191946651292","kpi_header_id":"191903541204","employee_id":"1915284151","verified":0,"level":"3","deleted_at":null,"created_at":"2019-09-05 13:24:19","updated_at":"2019-09-05 13:24:19"},{"id":"191970551270","kpi_header_id":"191903541204","employee_id":"1915284154","verified":0,"level":"1","deleted_at":null,"created_at":"2019-09-05 13:24:19","updated_at":"2019-09-05 13:24:19"},{"id":"191982153774","kpi_header_id":"191953043704","employee_id":"1915285195","verified":0,"level":"2","deleted_at":null,"created_at":"2019-09-05 13:20:19","updated_at":"2019-09-05 13:20:19"},{"id":"191993853774","kpi_header_id":"191953043704","employee_id":"1915285147","verified":0,"level":"1","deleted_at":null,"created_at":"2019-09-05 13:20:19","updated_at":"2019-09-05 13:20:19"},{"id":"192079853869","kpi_header_id":"192017143804","employee_id":"1915284116","verified":0,"level":"2","deleted_at":null,"created_at":"2019-09-05 13:20:20","updated_at":"2019-09-05 13:20:20"},{"id":"192083053857","kpi_header_id":"192017143804","employee_id":"1915285155","verified":0,"level":"1","deleted_at":null,"created_at":"2019-09-05 13:20:20","updated_at":"2019-09-05 13:20:20"},{"id":"192099153826","kpi_header_id":"192017143804","employee_id":"1915284151","verified":0,"level":"3","deleted_at":null,"created_at":"2019-09-05 13:20:20","updated_at":"2019-09-05 13:20:20"},{"id":"192123951383","kpi_header_id":"192046441304","employee_id":"1915284151","verified":0,"level":"2","deleted_at":null,"created_at":"2019-09-05 13:24:21","updated_at":"2019-09-05 13:24:21"},{"id":"192148551355","kpi_header_id":"192046441304","employee_id":"1915284162","verified":0,"level":"3","deleted_at":null,"created_at":"2019-09-05 13:24:21","updated_at":"2019-09-05 13:24:21"},{"id":"192175753992","kpi_header_id":"192188943904","employee_id":"1915285162","verified":0,"level":"1","deleted_at":null,"created_at":"2019-09-05 13:20:21","updated_at":"2019-09-05 13:20:21"},{"id":"192189251321","kpi_header_id":"192046441304","employee_id":"1915284158","verified":0,"level":"1","deleted_at":null,"created_at":"2019-09-05 13:24:21","updated_at":"2019-09-05 13:24:21"},{"id":"192239453982","kpi_header_id":"192188943904","employee_id":"1915285165","verified":0,"level":"2","deleted_at":null,"created_at":"2019-09-05 13:20:22","updated_at":"2019-09-05 13:20:22"},{"id":"192261953968","kpi_header_id":"192188943904","employee_id":"1915284167","verified":0,"level":"3","deleted_at":null,"created_at":"2019-09-05 13:20:22","updated_at":"2019-09-05 13:20:22"},{"id":"192279651472","kpi_header_id":"192275541404","employee_id":"1915284159","verified":0,"level":"1","deleted_at":null,"created_at":"2019-09-05 13:24:22","updated_at":"2019-09-05 13:24:22"},{"id":"192319054063","kpi_header_id":"192324744004","employee_id":"1915284151","verified":0,"level":"3","deleted_at":null,"created_at":"2019-09-05 13:20:23","updated_at":"2019-09-05 13:20:23"},{"id":"192332754075","kpi_header_id":"192324744004","employee_id":"1915284116","verified":0,"level":"2","deleted_at":null,"created_at":"2019-09-05 13:20:23","updated_at":"2019-09-05 13:20:23"},{"id":"192374054022","kpi_header_id":"192324744004","employee_id":"1915285163","verified":0,"level":"1","deleted_at":null,"created_at":"2019-09-05 13:20:23","updated_at":"2019-09-05 13:20:23"},{"id":"192390451560","kpi_header_id":"192331041504","employee_id":"1915283145","verified":0,"level":"2","deleted_at":null,"created_at":"2019-09-05 13:24:23","updated_at":"2019-09-05 13:24:23"},{"id":"192393051583","kpi_header_id":"192331041504","employee_id":"1915284162","verified":0,"level":"1","deleted_at":null,"created_at":"2019-09-05 13:24:23","updated_at":"2019-09-10 15:33:25"},{"id":"192433151650","kpi_header_id":"192478541604","employee_id":"1915284163","verified":0,"level":"1","deleted_at":null,"created_at":"2019-09-05 13:24:24","updated_at":"2019-09-05 13:24:24"},{"id":"192436554160","kpi_header_id":"192476844104","employee_id":"1915285165","verified":0,"level":"1","deleted_at":null,"created_at":"2019-09-05 13:20:24","updated_at":"2019-09-05 13:20:24"},{"id":"192495554181","kpi_header_id":"192476844104","employee_id":"1915284167","verified":0,"level":"2","deleted_at":null,"created_at":"2019-09-05 13:20:24","updated_at":"2019-09-05 13:20:24"},{"id":"192495754199","kpi_header_id":"192476844104","employee_id":"1915284116","verified":0,"level":"3","deleted_at":null,"created_at":"2019-09-05 13:20:24","updated_at":"2019-09-05 13:20:24"},{"id":"192515354225","kpi_header_id":"192593044204","employee_id":"1915285173","verified":0,"level":"1","deleted_at":null,"created_at":"2019-09-05 13:20:25","updated_at":"2019-09-05 13:20:25"},{"id":"192530454229","kpi_header_id":"192593044204","employee_id":"1915285165","verified":0,"level":"2","deleted_at":null,"created_at":"2019-09-05 13:20:25","updated_at":"2019-09-05 13:20:25"},{"id":"192562654294","kpi_header_id":"192593044204","employee_id":"1915284167","verified":0,"level":"3","deleted_at":null,"created_at":"2019-09-05 13:20:25","updated_at":"2019-09-05 13:20:25"},{"id":"192603451789","kpi_header_id":"192681741704","employee_id":"1915284116","verified":0,"level":"2","deleted_at":null,"created_at":"2019-09-05 13:24:26","updated_at":"2019-09-05 13:24:26"},{"id":"192628151752","kpi_header_id":"192681741704","employee_id":"1915284167","verified":0,"level":"1","deleted_at":null,"created_at":"2019-09-05 13:24:26","updated_at":"2019-09-05 13:24:26"},{"id":"192656151747","kpi_header_id":"192681741704","employee_id":"1915284151","verified":0,"level":"3","deleted_at":null,"created_at":"2019-09-05 13:24:26","updated_at":"2019-09-05 13:24:26"},{"id":"192692054338","kpi_header_id":"192697644304","employee_id":"1915285175","verified":0,"level":"1","deleted_at":null,"created_at":"2019-09-05 13:20:26","updated_at":"2019-09-05 13:20:26"},{"id":"192705951873","kpi_header_id":"192795841804","employee_id":"1915284168","verified":0,"level":"1","deleted_at":null,"created_at":"2019-09-05 13:24:27","updated_at":"2019-09-05 13:24:27"},{"id":"192780054430","kpi_header_id":"192719744404","employee_id":"1915285177","verified":0,"level":"1","deleted_at":null,"created_at":"2019-09-05 13:20:27","updated_at":"2019-09-05 13:20:27"},{"id":"192825954584","kpi_header_id":"192807144504","employee_id":"1915284116","verified":0,"level":"2","deleted_at":null,"created_at":"2019-09-05 13:20:28","updated_at":"2019-09-05 13:20:28"},{"id":"192827954594","kpi_header_id":"192807144504","employee_id":"1915285191","verified":0,"level":"1","deleted_at":null,"created_at":"2019-09-05 13:20:28","updated_at":"2019-09-05 13:20:28"},{"id":"192856854576","kpi_header_id":"192807144504","employee_id":"1915284151","verified":0,"level":"3","deleted_at":null,"created_at":"2019-09-05 13:20:28","updated_at":"2019-09-05 13:20:28"},{"id":"192915751959","kpi_header_id":"192845341904","employee_id":"1915284171","verified":0,"level":"1","deleted_at":null,"created_at":"2019-09-05 13:24:29","updated_at":"2019-09-05 13:24:29"},{"id":"192966854673","kpi_header_id":"192988544604","employee_id":"1915285193","verified":0,"level":"1","deleted_at":null,"created_at":"2019-09-05 13:20:29","updated_at":"2019-09-05 13:20:29"},{"id":"193029650141","kpi_header_id":"192919440104","employee_id":"1915284162","verified":0,"level":"3","deleted_at":null,"created_at":"2019-09-05 13:19:30","updated_at":"2019-09-05 13:19:30"},{"id":"193031050145","kpi_header_id":"192919440104","employee_id":"1915284151","verified":0,"level":"2","deleted_at":null,"created_at":"2019-09-05 13:19:30","updated_at":"2019-09-05 13:19:30"},{"id":"193048554723","kpi_header_id":"193004944704","employee_id":"1915284269","verified":0,"level":"2","deleted_at":null,"created_at":"2019-09-05 13:20:30","updated_at":"2019-09-05 13:20:30"},{"id":"193053750159","kpi_header_id":"192919440104","employee_id":"1915284116","verified":0,"level":"1","deleted_at":null,"created_at":"2019-09-05 13:19:30","updated_at":"2019-09-05 13:19:30"},{"id":"193065654724","kpi_header_id":"193004944704","employee_id":"1915285195","verified":0,"level":"1","deleted_at":null,"created_at":"2019-09-05 13:20:30","updated_at":"2019-09-05 13:20:30"},{"id":"193082352026","kpi_header_id":"193016642004","employee_id":"1915284172","verified":0,"level":"1","deleted_at":null,"created_at":"2019-09-05 13:24:30","updated_at":"2019-09-05 13:24:30"},{"id":"193088452064","kpi_header_id":"193016642004","employee_id":"1915284151","verified":0,"level":"2","deleted_at":null,"created_at":"2019-09-05 13:24:30","updated_at":"2019-09-05 13:24:30"},{"id":"193090252045","kpi_header_id":"193016642004","employee_id":"1915284162","verified":0,"level":"3","deleted_at":null,"created_at":"2019-09-05 13:24:30","updated_at":"2019-09-05 13:24:30"},{"id":"193106852191","kpi_header_id":"193112142104","employee_id":"1915284179","verified":0,"level":"1","deleted_at":null,"created_at":"2019-09-05 13:24:31","updated_at":"2019-09-05 13:24:31"},{"id":"193143254795","kpi_header_id":"193004944704","employee_id":"1915284192","verified":0,"level":"3","deleted_at":null,"created_at":"2019-09-05 13:20:31","updated_at":"2019-09-05 13:20:31"},{"id":"193157552148","kpi_header_id":"193112142104","employee_id":"1915284151","verified":0,"level":"3","deleted_at":null,"created_at":"2019-09-05 13:24:31","updated_at":"2019-09-05 13:24:31"},{"id":"193167850264","kpi_header_id":"193167440204","employee_id":"1915284117","verified":0,"level":"1","deleted_at":null,"created_at":"2019-09-05 13:19:31","updated_at":"2019-09-05 13:19:31"},{"id":"193168352132","kpi_header_id":"193112142104","employee_id":"1915284252","verified":0,"level":"2","deleted_at":null,"created_at":"2019-09-05 13:24:31","updated_at":"2019-09-05 13:24:31"},{"id":"193203054883","kpi_header_id":"193250144804","employee_id":"1915285162","verified":0,"level":"2","deleted_at":null,"created_at":"2019-09-05 13:20:32","updated_at":"2019-09-05 13:20:32"},{"id":"193216854884","kpi_header_id":"193250144804","employee_id":"1915285165","verified":0,"level":"3","deleted_at":null,"created_at":"2019-09-05 13:20:32","updated_at":"2019-09-05 13:20:32"},{"id":"193238154837","kpi_header_id":"193250144804","employee_id":"1915285198","verified":0,"level":"1","deleted_at":null,"created_at":"2019-09-05 13:20:32","updated_at":"2019-09-05 13:20:32"},{"id":"193304952240","kpi_header_id":"193374542204","employee_id":"1915284162","verified":0,"level":"3","deleted_at":null,"created_at":"2019-09-05 13:24:33","updated_at":"2019-09-05 13:24:33"},{"id":"193311454977","kpi_header_id":"193365644904","employee_id":"1915285214","verified":0,"level":"1","deleted_at":null,"created_at":"2019-09-05 13:20:33","updated_at":"2019-09-05 13:20:33"},{"id":"193314052270","kpi_header_id":"193374542204","employee_id":"1915284151","verified":0,"level":"2","deleted_at":null,"created_at":"2019-09-05 13:24:33","updated_at":"2019-09-05 13:24:33"},{"id":"193316654971","kpi_header_id":"193365644904","employee_id":"1915285147","verified":0,"level":"2","deleted_at":null,"created_at":"2019-09-05 13:20:33","updated_at":"2019-09-05 13:20:33"},{"id":"193319754994","kpi_header_id":"193365644904","employee_id":"1915285195","verified":0,"level":"3","deleted_at":null,"created_at":"2019-09-05 13:20:33","updated_at":"2019-09-05 13:20:33"},{"id":"193361850332","kpi_header_id":"193216440304","employee_id":"1915284127","verified":0,"level":"1","deleted_at":null,"created_at":"2019-09-05 13:19:33","updated_at":"2019-09-05 13:19:33"},{"id":"193383452231","kpi_header_id":"193374542204","employee_id":"1915284183","verified":0,"level":"1","deleted_at":null,"created_at":"2019-09-05 13:24:33","updated_at":"2019-09-05 13:24:33"},{"id":"193409252362","kpi_header_id":"193420942304","employee_id":"1915284184","verified":0,"level":"1","deleted_at":null,"created_at":"2019-09-05 13:24:34","updated_at":"2019-09-05 13:24:34"},{"id":"193420155028","kpi_header_id":"193422445004","employee_id":"1915285215","verified":0,"level":"1","deleted_at":null,"created_at":"2019-09-05 13:20:34","updated_at":"2019-09-05 13:20:34"},{"id":"193461750458","kpi_header_id":"193494840404","employee_id":"1915284128","verified":0,"level":"1","deleted_at":null,"created_at":"2019-09-05 13:19:34","updated_at":"2019-09-05 13:19:34"},{"id":"193468355021","kpi_header_id":"193422445004","employee_id":"1915284136","verified":0,"level":"2","deleted_at":null,"created_at":"2019-09-05 13:20:34","updated_at":"2019-09-05 13:20:34"},{"id":"193493755051","kpi_header_id":"193422445004","employee_id":"1915284162","verified":0,"level":"3","deleted_at":null,"created_at":"2019-09-05 13:20:34","updated_at":"2019-09-05 13:20:34"},{"id":"193566855181","kpi_header_id":"193533945104","employee_id":"1915285162","verified":0,"level":"2","deleted_at":null,"created_at":"2019-09-05 13:20:35","updated_at":"2019-09-05 13:20:35"},{"id":"193587755173","kpi_header_id":"193533945104","employee_id":"1915285165","verified":0,"level":"3","deleted_at":null,"created_at":"2019-09-05 13:20:35","updated_at":"2019-09-05 13:20:35"},{"id":"193598655174","kpi_header_id":"193533945104","employee_id":"1915285243","verified":0,"level":"1","deleted_at":null,"created_at":"2019-09-05 13:20:35","updated_at":"2019-09-05 13:20:35"},{"id":"193645852497","kpi_header_id":"193665242404","employee_id":"1915284190","verified":0,"level":"1","deleted_at":null,"created_at":"2019-09-05 13:24:36","updated_at":"2019-09-05 13:24:36"},{"id":"193692055287","kpi_header_id":"193658445204","employee_id":"1915286113","verified":0,"level":"1","deleted_at":null,"created_at":"2019-09-05 13:20:36","updated_at":"2019-09-05 13:20:36"},{"id":"193698850550","kpi_header_id":"193589140504","employee_id":"1915284132","verified":0,"level":"1","deleted_at":null,"created_at":"2019-09-05 13:19:36","updated_at":"2019-09-05 13:19:36"},{"id":"193701750648","kpi_header_id":"193769740604","employee_id":"1915284162","verified":0,"level":"2","deleted_at":null,"created_at":"2019-09-05 13:19:37","updated_at":"2019-09-05 13:19:37"},{"id":"193707852531","kpi_header_id":"193795642504","employee_id":"1915283145","verified":0,"level":"3","deleted_at":null,"created_at":"2019-09-05 13:24:37","updated_at":"2019-09-05 13:24:37"},{"id":"193728250622","kpi_header_id":"193769740604","employee_id":"1915283145","verified":0,"level":"3","deleted_at":null,"created_at":"2019-09-05 13:19:37","updated_at":"2019-09-05 13:19:37"},{"id":"193746850648","kpi_header_id":"193769740604","employee_id":"1915284136","verified":0,"level":"1","deleted_at":null,"created_at":"2019-09-05 13:19:37","updated_at":"2019-09-05 13:19:37"},{"id":"193765852540","kpi_header_id":"193795642504","employee_id":"1915284162","verified":0,"level":"2","deleted_at":null,"created_at":"2019-09-05 13:24:37","updated_at":"2019-09-05 13:24:37"},{"id":"193787452593","kpi_header_id":"193795642504","employee_id":"1915284192","verified":0,"level":"1","deleted_at":null,"created_at":"2019-09-05 13:24:37","updated_at":"2019-09-06 20:53:03"},{"id":"193802551566","kpi_header_id":"192756341000","employee_id":"1915284162","verified":0,"level":"2","deleted_at":null,"created_at":"2019-08-06 22:01:38","updated_at":"2019-08-30 21:14:01"},{"id":"193803950081","kpi_header_id":"192756341000","employee_id":"1915283145","verified":0,"level":"3","deleted_at":null,"created_at":"2019-08-06 22:01:38","updated_at":"2019-08-27 23:55:03"},{"id":"193806950859","kpi_header_id":"192847340800","employee_id":"1915284139","verified":0,"level":"1","deleted_at":null,"created_at":"2019-08-06 22:01:38","updated_at":"2019-08-06 22:01:38"},{"id":"193809455322","kpi_header_id":"193856945304","employee_id":"1915285195","verified":0,"level":"3","deleted_at":null,"created_at":"2019-09-05 13:20:38","updated_at":"2019-09-05 13:20:38"},{"id":"193810350782","kpi_header_id":"193236740700","employee_id":"1915284138","verified":0,"level":"1","deleted_at":null,"created_at":"2019-08-06 22:01:38","updated_at":"2019-08-06 22:01:38"},{"id":"193811451070","kpi_header_id":"192800940800","employee_id":"1915284151","verified":0,"level":"2","deleted_at":null,"created_at":"2019-08-06 22:01:38","updated_at":"2019-08-06 22:01:38"},{"id":"193811851042","kpi_header_id":"193126241100","employee_id":"1915284151","verified":0,"level":"2","deleted_at":null,"created_at":"2019-08-06 22:01:38","updated_at":"2019-08-06 22:01:38"},{"id":"193815450082","kpi_header_id":"192680940900","employee_id":"1915283145","verified":0,"level":"3","deleted_at":null,"created_at":"2019-08-06 22:01:38","updated_at":"2019-08-06 22:01:38"},{"id":"193815851571","kpi_header_id":"192705141000","employee_id":"1915284162","verified":0,"level":"2","deleted_at":null,"created_at":"2019-08-06 22:01:38","updated_at":"2019-09-14 20:29:08"},{"id":"193816051543","kpi_header_id":"192800940800","employee_id":"1915284162","verified":0,"level":"3","deleted_at":null,"created_at":"2019-08-06 22:01:38","updated_at":"2019-08-06 22:01:38"},{"id":"193820250942","kpi_header_id":"192673340900","employee_id":"1915284140","verified":0,"level":"1","deleted_at":null,"created_at":"2019-08-06 22:01:38","updated_at":"2019-08-06 22:01:38"},{"id":"193820450252","kpi_header_id":"193159740200","employee_id":"1915284117","verified":0,"level":"1","deleted_at":null,"created_at":"2019-08-06 22:01:38","updated_at":"2019-08-06 22:01:38"},{"id":"193821251092","kpi_header_id":"192756341000","employee_id":"1915284151","verified":0,"level":"1","deleted_at":null,"created_at":"2019-08-06 22:01:38","updated_at":"2019-08-28 22:45:00"},{"id":"193822950496","kpi_header_id":"193083240400","employee_id":"1915284128","verified":0,"level":"1","deleted_at":null,"created_at":"2019-08-06 22:01:38","updated_at":"2019-08-06 22:01:38"},{"id":"193823750061","kpi_header_id":"192705141000","employee_id":"1915283145","verified":0,"level":"3","deleted_at":null,"created_at":"2019-08-06 22:01:38","updated_at":"2019-09-14 20:29:08"},{"id":"193825251189","kpi_header_id":"193126241100","employee_id":"1915284152","verified":0,"level":"1","deleted_at":null,"created_at":"2019-08-06 22:01:38","updated_at":"2019-08-06 22:01:38"},{"id":"193825551561","kpi_header_id":"192680940900","employee_id":"1915284162","verified":0,"level":"2","deleted_at":null,"created_at":"2019-08-06 22:01:38","updated_at":"2019-08-23 15:09:00"},{"id":"193825750584","kpi_header_id":"193545640500","employee_id":"1915284132","verified":0,"level":"1","deleted_at":null,"created_at":"2019-08-06 22:01:38","updated_at":"2019-08-06 22:01:38"},{"id":"193828450893","kpi_header_id":"192800940800","employee_id":"1915284139","verified":0,"level":"1","deleted_at":null,"created_at":"2019-08-06 22:01:38","updated_at":"2019-08-06 22:01:38"},{"id":"193829851542","kpi_header_id":"192724240100","employee_id":"1915284162","verified":0,"level":"3","deleted_at":null,"created_at":"2019-08-06 22:01:38","updated_at":"2019-08-23 15:39:48"},{"id":"193832651041","kpi_header_id":"192705141000","employee_id":"1915284151","verified":0,"level":"1","deleted_at":null,"created_at":"2019-08-06 22:01:38","updated_at":"2019-09-14 20:29:08"},{"id":"193834751567","kpi_header_id":"193208440600","employee_id":"1915284162","verified":0,"level":"2","deleted_at":null,"created_at":"2019-08-06 22:01:38","updated_at":"2019-08-23 15:14:49"},{"id":"193835951555","kpi_header_id":"192732340100","employee_id":"1915284162","verified":0,"level":"3","deleted_at":null,"created_at":"2019-08-06 22:01:38","updated_at":"2019-08-06 22:01:38"},{"id":"193836450671","kpi_header_id":"193204940600","employee_id":"1915284136","verified":0,"level":"1","deleted_at":null,"created_at":"2019-08-06 22:01:38","updated_at":"2019-08-06 22:01:38"},{"id":"193837250383","kpi_header_id":"192981440300","employee_id":"1915284127","verified":0,"level":"1","deleted_at":null,"created_at":"2019-08-06 22:01:38","updated_at":"2019-08-06 22:01:38"},{"id":"193845850965","kpi_header_id":"192680940900","employee_id":"1915284140","verified":0,"level":"1","deleted_at":null,"created_at":"2019-08-06 22:01:38","updated_at":"2019-08-27 16:00:06"},{"id":"193848250278","kpi_header_id":"193115940200","employee_id":"1915284117","verified":0,"level":"1","deleted_at":null,"created_at":"2019-08-06 22:01:38","updated_at":"2019-08-06 22:01:38"},{"id":"193848451044","kpi_header_id":"192847340800","employee_id":"1915284151","verified":0,"level":"2","deleted_at":null,"created_at":"2019-08-06 22:01:38","updated_at":"2019-08-06 22:01:38"},{"id":"193851051596","kpi_header_id":"193126241100","employee_id":"1915284162","verified":0,"level":"3","deleted_at":null,"created_at":"2019-08-06 22:01:38","updated_at":"2019-08-06 22:01:38"},{"id":"193851655388","kpi_header_id":"193856945304","employee_id":"1915285147","verified":0,"level":"2","deleted_at":null,"created_at":"2019-09-05 13:20:38","updated_at":"2019-09-05 13:20:38"},{"id":"193855251037","kpi_header_id":"192732340100","employee_id":"1915284151","verified":0,"level":"2","deleted_at":null,"created_at":"2019-08-06 22:01:38","updated_at":"2019-09-06 21:09:21"},{"id":"193857450733","kpi_header_id":"193242140700","employee_id":"1915284138","verified":0,"level":"1","deleted_at":null,"created_at":"2019-08-06 22:01:38","updated_at":"2019-08-06 22:01:38"},{"id":"193859850570","kpi_header_id":"193531740500","employee_id":"1915284132","verified":0,"level":"1","deleted_at":null,"created_at":"2019-08-06 22:01:38","updated_at":"2019-08-06 22:01:38"},{"id":"193860450624","kpi_header_id":"193208440600","employee_id":"1915284136","verified":0,"level":"1","deleted_at":null,"created_at":"2019-08-06 22:01:38","updated_at":"2019-09-10 15:36:34"},{"id":"193861450024","kpi_header_id":"193208440600","employee_id":"1915283145","verified":0,"level":"3","deleted_at":null,"created_at":"2019-08-06 22:01:38","updated_at":"2019-08-06 22:01:38"},{"id":"193862351059","kpi_header_id":"192724240100","employee_id":"1915284151","verified":0,"level":"2","deleted_at":null,"created_at":"2019-08-06 22:01:38","updated_at":"2019-08-23 15:37:55"},{"id":"193862550438","kpi_header_id":"193057940400","employee_id":"1915284128","verified":0,"level":"1","deleted_at":null,"created_at":"2019-08-06 22:01:38","updated_at":"2019-08-06 22:01:38"},{"id":"193869451542","kpi_header_id":"192673340900","employee_id":"1915284162","verified":0,"level":"2","deleted_at":null,"created_at":"2019-08-06 22:01:38","updated_at":"2019-08-06 22:01:38"},{"id":"193874450348","kpi_header_id":"192940440300","employee_id":"1915284127","verified":0,"level":"1","deleted_at":null,"created_at":"2019-08-06 22:01:38","updated_at":"2019-08-06 22:01:38"},{"id":"193881250022","kpi_header_id":"193204940600","employee_id":"1915283145","verified":0,"level":"3","deleted_at":null,"created_at":"2019-08-06 22:01:38","updated_at":"2019-08-06 22:01:38"},{"id":"193883951592","kpi_header_id":"193204940600","employee_id":"1915284162","verified":0,"level":"2","deleted_at":null,"created_at":"2019-08-06 22:01:38","updated_at":"2019-08-06 22:01:38"},{"id":"193886550194","kpi_header_id":"192732340100","employee_id":"1915284116","verified":0,"level":"1","deleted_at":null,"created_at":"2019-08-06 22:01:38","updated_at":"2019-09-06 21:08:25"},{"id":"193888150043","kpi_header_id":"192673340900","employee_id":"1915283145","verified":0,"level":"3","deleted_at":null,"created_at":"2019-08-06 22:01:38","updated_at":"2019-08-06 22:01:38"},{"id":"193888351533","kpi_header_id":"192847340800","employee_id":"1915284162","verified":0,"level":"3","deleted_at":null,"created_at":"2019-08-06 22:01:38","updated_at":"2019-08-06 22:01:38"},{"id":"193891955337","kpi_header_id":"193856945304","employee_id":"1915286124","verified":0,"level":"1","deleted_at":null,"created_at":"2019-09-05 13:20:38","updated_at":"2019-09-05 13:20:38"},{"id":"193895550729","kpi_header_id":"193846640704","employee_id":"1915284138","verified":0,"level":"1","deleted_at":null,"created_at":"2019-09-05 13:19:38","updated_at":"2019-09-05 13:19:38"},{"id":"193898950158","kpi_header_id":"192724240100","employee_id":"1915284116","verified":0,"level":"1","deleted_at":null,"created_at":"2019-08-06 22:01:38","updated_at":"2019-08-23 15:35:25"},{"id":"193902251049","kpi_header_id":"192982242000","employee_id":"1915284151","verified":0,"level":"2","deleted_at":null,"created_at":"2019-08-06 22:01:39","updated_at":"2019-08-06 22:01:39"},{"id":"193907151953","kpi_header_id":"193490041900","employee_id":"1915284171","verified":0,"level":"1","deleted_at":null,"created_at":"2019-08-06 22:01:39","updated_at":"2019-08-06 22:01:39"},{"id":"193907951534","kpi_header_id":"193532742200","employee_id":"1915284162","verified":0,"level":"3","deleted_at":null,"created_at":"2019-08-06 22:01:40","updated_at":"2019-08-06 22:01:40"},{"id":"193909751092","kpi_header_id":"193633141200","employee_id":"1915284151","verified":0,"level":"3","deleted_at":null,"created_at":"2019-08-06 22:01:39","updated_at":"2019-08-06 22:01:39"},{"id":"193910751024","kpi_header_id":"193666941700","employee_id":"1915284151","verified":0,"level":"3","deleted_at":null,"created_at":"2019-08-06 22:01:39","updated_at":"2019-08-06 22:01:39"},{"id":"193911951141","kpi_header_id":"193153141100","employee_id":"1915284152","verified":0,"level":"1","deleted_at":null,"created_at":"2019-08-06 22:01:39","updated_at":"2019-08-06 22:01:39"},{"id":"193913551099","kpi_header_id":"192848642000","employee_id":"1915284151","verified":0,"level":"2","deleted_at":null,"created_at":"2019-08-06 22:01:39","updated_at":"2019-08-06 22:01:39"},{"id":"193919052833","kpi_header_id":"193609742100","employee_id":"1915284252","verified":0,"level":"2","deleted_at":null,"created_at":"2019-08-06 22:01:39","updated_at":"2019-08-06 22:01:39"},{"id":"193920752283","kpi_header_id":"193511342200","employee_id":"1915284183","verified":0,"level":"1","deleted_at":null,"created_at":"2019-08-06 22:01:39","updated_at":"2019-08-06 22:01:39"},{"id":"193927855477","kpi_header_id":"193969145404","employee_id":"1915285147","verified":0,"level":"2","deleted_at":null,"created_at":"2019-09-05 13:20:39","updated_at":"2019-09-05 13:20:39"},{"id":"193929551089","kpi_header_id":"193609742100","employee_id":"1915284151","verified":0,"level":"3","deleted_at":null,"created_at":"2019-08-06 22:01:39","updated_at":"2019-08-06 22:01:39"},{"id":"193932852139","kpi_header_id":"193677942100","employee_id":"1915284179","verified":0,"level":"1","deleted_at":null,"created_at":"2019-08-06 22:01:39","updated_at":"2019-08-06 22:01:39"},{"id":"193933750178","kpi_header_id":"193666941700","employee_id":"1915284116","verified":0,"level":"2","deleted_at":null,"created_at":"2019-08-06 22:01:39","updated_at":"2019-08-06 22:01:39"},{"id":"193936151172","kpi_header_id":"193633141200","employee_id":"1915284152","verified":0,"level":"2","deleted_at":null,"created_at":"2019-08-06 22:01:39","updated_at":"2019-08-06 22:01:39"},{"id":"193936452073","kpi_header_id":"192982242000","employee_id":"1915284172","verified":0,"level":"1","deleted_at":null,"created_at":"2019-08-06 22:01:39","updated_at":"2019-08-06 22:01:39"},{"id":"193937551967","kpi_header_id":"193423841900","employee_id":"1915284171","verified":0,"level":"1","deleted_at":null,"created_at":"2019-08-06 22:01:39","updated_at":"2019-08-06 22:01:39"},{"id":"193937751094","kpi_header_id":"193622041200","employee_id":"1915284151","verified":0,"level":"3","deleted_at":null,"created_at":"2019-08-06 22:01:39","updated_at":"2019-08-06 22:01:39"},{"id":"193938050028","kpi_header_id":"192618541500","employee_id":"1915283145","verified":0,"level":"2","deleted_at":null,"created_at":"2019-08-06 22:01:39","updated_at":"2019-08-06 22:01:39"},{"id":"193939151857","kpi_header_id":"193373041800","employee_id":"1915284168","verified":0,"level":"1","deleted_at":null,"created_at":"2019-08-06 22:01:39","updated_at":"2019-08-06 22:01:39"},{"id":"193940852152","kpi_header_id":"193609742100","employee_id":"1915284179","verified":0,"level":"1","deleted_at":null,"created_at":"2019-08-06 22:01:39","updated_at":"2019-08-06 22:01:39"},{"id":"193941451258","kpi_header_id":"193622041200","employee_id":"1915284154","verified":0,"level":"1","deleted_at":null,"created_at":"2019-08-06 22:01:39","updated_at":"2019-08-06 22:01:39"},{"id":"193943451565","kpi_header_id":"192618541500","employee_id":"1915284162","verified":0,"level":"1","deleted_at":null,"created_at":"2019-08-06 22:01:39","updated_at":"2019-08-06 22:01:39"},{"id":"193947151027","kpi_header_id":"193684241700","employee_id":"1915284151","verified":0,"level":"3","deleted_at":null,"created_at":"2019-08-06 22:01:39","updated_at":"2019-08-06 22:01:39"},{"id":"193950751075","kpi_header_id":"193677942100","employee_id":"1915284151","verified":0,"level":"3","deleted_at":null,"created_at":"2019-08-06 22:01:39","updated_at":"2019-08-06 22:01:39"},{"id":"193952851042","kpi_header_id":"193153141100","employee_id":"1915284151","verified":0,"level":"2","deleted_at":null,"created_at":"2019-08-06 22:01:39","updated_at":"2019-08-06 22:01:39"},{"id":"193954951625","kpi_header_id":"193655741600","employee_id":"1915284163","verified":0,"level":"1","deleted_at":null,"created_at":"2019-08-06 22:01:39","updated_at":"2019-08-06 22:01:39"},{"id":"193958951136","kpi_header_id":"193622041200","employee_id":"1915284152","verified":0,"level":"2","deleted_at":null,"created_at":"2019-08-06 22:01:39","updated_at":"2019-08-06 22:01:39"},{"id":"193960752675","kpi_header_id":"193847142604","employee_id":"1915284193","verified":0,"level":"1","deleted_at":null,"created_at":"2019-09-05 13:24:39","updated_at":"2019-09-05 13:24:39"},{"id":"193961252092","kpi_header_id":"192848642000","employee_id":"1915284172","verified":0,"level":"1","deleted_at":null,"created_at":"2019-08-06 22:01:39","updated_at":"2019-08-06 22:01:39"},{"id":"193963051090","kpi_header_id":"193511342200","employee_id":"1915284151","verified":0,"level":"2","deleted_at":null,"created_at":"2019-08-06 22:01:39","updated_at":"2019-08-06 22:01:39"},{"id":"193963651049","kpi_header_id":"192960241300","employee_id":"1915284151","verified":0,"level":"2","deleted_at":null,"created_at":"2019-08-06 22:01:39","updated_at":"2019-08-06 22:01:39"},{"id":"193964751243","kpi_header_id":"193633141200","employee_id":"1915284154","verified":0,"level":"1","deleted_at":null,"created_at":"2019-08-06 22:01:39","updated_at":"2019-08-06 22:01:39"},{"id":"193965751541","kpi_header_id":"193153141100","employee_id":"1915284162","verified":0,"level":"3","deleted_at":null,"created_at":"2019-08-06 22:01:39","updated_at":"2019-08-06 22:01:39"},{"id":"193966651876","kpi_header_id":"193369141800","employee_id":"1915284168","verified":0,"level":"1","deleted_at":null,"created_at":"2019-08-06 22:01:39","updated_at":"2019-08-06 22:01:39"},{"id":"193968251741","kpi_header_id":"193666941700","employee_id":"1915284167","verified":0,"level":"1","deleted_at":null,"created_at":"2019-08-06 22:01:39","updated_at":"2019-08-06 22:01:39"},{"id":"193970851575","kpi_header_id":"192982242000","employee_id":"1915284162","verified":0,"level":"3","deleted_at":null,"created_at":"2019-08-06 22:01:39","updated_at":"2019-08-06 22:01:39"},{"id":"193973750169","kpi_header_id":"193684241700","employee_id":"1915284116","verified":0,"level":"2","deleted_at":null,"created_at":"2019-08-06 22:01:39","updated_at":"2019-08-06 22:01:39"},{"id":"193975451424","kpi_header_id":"193314041400","employee_id":"1915284159","verified":0,"level":"1","deleted_at":null,"created_at":"2019-08-06 22:01:39","updated_at":"2019-08-06 22:01:39"},{"id":"193976651322","kpi_header_id":"192960241300","employee_id":"1915284158","verified":0,"level":"1","deleted_at":null,"created_at":"2019-08-06 22:01:39","updated_at":"2019-08-06 22:01:39"},{"id":"193977451079","kpi_header_id":"192974441300","employee_id":"1915284151","verified":0,"level":"2","deleted_at":null,"created_at":"2019-08-06 22:01:39","updated_at":"2019-08-06 22:01:39"},{"id":"193978451543","kpi_header_id":"192974441300","employee_id":"1915284162","verified":0,"level":"3","deleted_at":null,"created_at":"2019-08-06 22:01:39","updated_at":"2019-08-06 22:01:39"},{"id":"193978950060","kpi_header_id":"192687041500","employee_id":"1915283145","verified":0,"level":"2","deleted_at":null,"created_at":"2019-08-06 22:01:39","updated_at":"2019-08-06 22:01:39"},{"id":"193979551655","kpi_header_id":"193637241600","employee_id":"1915284163","verified":0,"level":"1","deleted_at":null,"created_at":"2019-08-06 22:01:39","updated_at":"2019-08-06 22:01:39"},{"id":"193982655469","kpi_header_id":"193969145404","employee_id":"1915285195","verified":0,"level":"3","deleted_at":null,"created_at":"2019-09-05 13:20:39","updated_at":"2019-09-05 13:20:39"},{"id":"193983355430","kpi_header_id":"193969145404","employee_id":"1915286147","verified":0,"level":"1","deleted_at":null,"created_at":"2019-09-05 13:20:39","updated_at":"2019-09-05 13:20:39"},{"id":"193984051498","kpi_header_id":"193347641400","employee_id":"1915284159","verified":0,"level":"1","deleted_at":null,"created_at":"2019-08-06 22:01:39","updated_at":"2019-08-06 22:01:39"},{"id":"193991451791","kpi_header_id":"193684241700","employee_id":"1915284167","verified":0,"level":"1","deleted_at":null,"created_at":"2019-08-06 22:01:39","updated_at":"2019-08-06 22:01:39"},{"id":"193991551390","kpi_header_id":"192974441300","employee_id":"1915284158","verified":0,"level":"1","deleted_at":null,"created_at":"2019-08-06 22:01:39","updated_at":"2019-08-06 22:01:39"},{"id":"193992852877","kpi_header_id":"193677942100","employee_id":"1915284252","verified":0,"level":"2","deleted_at":null,"created_at":"2019-08-06 22:01:39","updated_at":"2019-08-06 22:01:39"},{"id":"193993151594","kpi_header_id":"192687041500","employee_id":"1915284162","verified":0,"level":"1","deleted_at":null,"created_at":"2019-08-06 22:01:39","updated_at":"2019-08-29 14:37:07"},{"id":"193993951543","kpi_header_id":"192848642000","employee_id":"1915284162","verified":0,"level":"3","deleted_at":null,"created_at":"2019-08-06 22:01:39","updated_at":"2019-08-19 15:21:42"},{"id":"193994751585","kpi_header_id":"193511342200","employee_id":"1915284162","verified":0,"level":"3","deleted_at":null,"created_at":"2019-08-06 22:01:39","updated_at":"2019-08-06 22:01:39"},{"id":"193999351593","kpi_header_id":"192960241300","employee_id":"1915284162","verified":0,"level":"3","deleted_at":null,"created_at":"2019-08-06 22:01:39","updated_at":"2019-08-06 22:01:39"},{"id":"194000352352","kpi_header_id":"193329142300","employee_id":"1915284184","verified":0,"level":"1","deleted_at":null,"created_at":"2019-08-06 22:01:40","updated_at":"2019-08-06 22:01:40"},{"id":"194000352838","kpi_header_id":"192882042800","employee_id":"1915284252","verified":0,"level":"1","deleted_at":null,"created_at":"2019-08-06 22:01:40","updated_at":"2019-08-06 22:01:40"},{"id":"194000753922","kpi_header_id":"193724643400","employee_id":"1915285162","verified":0,"level":"2","deleted_at":null,"created_at":"2019-08-06 22:01:41","updated_at":"2019-08-06 22:01:41"},{"id":"194001351587","kpi_header_id":"193356842500","employee_id":"1915284162","verified":0,"level":"2","deleted_at":null,"created_at":"2019-08-06 22:01:40","updated_at":"2019-08-06 22:01:40"},{"id":"194006453330","kpi_header_id":"193715543300","employee_id":"1915285119","verified":0,"level":"1","deleted_at":null,"created_at":"2019-08-06 22:01:40","updated_at":"2019-08-06 22:01:40"},{"id":"194008452430","kpi_header_id":"193486742400","employee_id":"1915284190","verified":0,"level":"1","deleted_at":null,"created_at":"2019-08-06 22:01:40","updated_at":"2019-08-06 22:01:40"},{"id":"194010651541","kpi_header_id":"193695342900","employee_id":"1915284162","verified":0,"level":"3","deleted_at":null,"created_at":"2019-08-06 22:01:40","updated_at":"2019-08-26 21:53:28"},{"id":"194012552535","kpi_header_id":"193356842500","employee_id":"1915284192","verified":0,"level":"1","deleted_at":null,"created_at":"2019-08-06 22:01:40","updated_at":"2019-08-06 22:01:40"},{"id":"194013653387","kpi_header_id":"193619943300","employee_id":"1915285119","verified":0,"level":"1","deleted_at":null,"created_at":"2019-08-06 22:01:40","updated_at":"2019-08-06 22:01:40"},{"id":"194014751567","kpi_header_id":"192849942800","employee_id":"1915284162","verified":0,"level":"3","deleted_at":null,"created_at":"2019-08-06 22:01:40","updated_at":"2019-08-06 22:01:40"},{"id":"194015753121","kpi_header_id":"193212643100","employee_id":"1915284282","verified":0,"level":"1","deleted_at":null,"created_at":"2019-08-06 22:01:40","updated_at":"2019-08-06 22:01:40"},{"id":"194017253077","kpi_header_id":"193584743000","employee_id":"1915284279","verified":0,"level":"1","deleted_at":null,"created_at":"2019-08-06 22:01:40","updated_at":"2019-08-06 22:01:40"},{"id":"194022751091","kpi_header_id":"192849942800","employee_id":"1915284151","verified":0,"level":"2","deleted_at":null,"created_at":"2019-08-06 22:01:40","updated_at":"2019-08-06 22:01:40"},{"id":"194025550054","kpi_header_id":"193356842500","employee_id":"1915283145","verified":0,"level":"3","deleted_at":null,"created_at":"2019-08-06 22:01:40","updated_at":"2019-08-06 22:01:40"},{"id":"194028251557","kpi_header_id":"193662042900","employee_id":"1915284162","verified":0,"level":"3","deleted_at":null,"created_at":"2019-08-06 22:01:40","updated_at":"2019-08-06 22:01:40"},{"id":"194028253048","kpi_header_id":"193592043000","employee_id":"1915284279","verified":0,"level":"1","deleted_at":null,"created_at":"2019-08-06 22:01:40","updated_at":"2019-08-06 22:01:40"},{"id":"194031152691","kpi_header_id":"193267942600","employee_id":"1915284193","verified":0,"level":"1","deleted_at":null,"created_at":"2019-08-06 22:01:40","updated_at":"2019-08-06 22:01:40"},{"id":"194032150146","kpi_header_id":"193755743200","employee_id":"1915284116","verified":0,"level":"3","deleted_at":null,"created_at":"2019-08-06 22:01:40","updated_at":"2019-08-06 22:01:40"},{"id":"194032251078","kpi_header_id":"193532742200","employee_id":"1915284151","verified":0,"level":"2","deleted_at":null,"created_at":"2019-08-06 22:01:40","updated_at":"2019-08-06 22:01:40"},{"id":"194035652529","kpi_header_id":"193695342900","employee_id":"1915284192","verified":0,"level":"2","deleted_at":null,"created_at":"2019-08-06 22:01:40","updated_at":"2019-08-26 21:52:34"},{"id":"194036052891","kpi_header_id":"192849942800","employee_id":"1915284252","verified":0,"level":"1","deleted_at":null,"created_at":"2019-08-06 22:01:40","updated_at":"2019-08-06 22:01:40"},{"id":"194047952376","kpi_header_id":"193360642300","employee_id":"1915284184","verified":0,"level":"1","deleted_at":null,"created_at":"2019-08-06 22:01:40","updated_at":"2019-08-06 22:01:40"},{"id":"194049152948","kpi_header_id":"193695342900","employee_id":"1915284269","verified":0,"level":"1","deleted_at":null,"created_at":"2019-08-06 22:01:40","updated_at":"2019-08-26 21:51:55"},{"id":"194050850849","kpi_header_id":"193986240804","employee_id":"1915284151","verified":0,"level":"2","deleted_at":null,"created_at":"2019-09-05 13:19:40","updated_at":"2019-09-05 13:19:40"},{"id":"194054252534","kpi_header_id":"193343642500","employee_id":"1915284192","verified":0,"level":"1","deleted_at":null,"created_at":"2019-08-06 22:01:40","updated_at":"2019-08-27 14:57:53"},{"id":"194055551048","kpi_header_id":"192882042800","employee_id":"1915284151","verified":0,"level":"2","deleted_at":null,"created_at":"2019-08-06 22:01:40","updated_at":"2019-08-06 22:01:40"},{"id":"194058051794","kpi_header_id":"193708343200","employee_id":"1915284167","verified":0,"level":"2","deleted_at":null,"created_at":"2019-08-06 22:01:40","updated_at":"2019-08-06 22:01:40"},{"id":"194059852250","kpi_header_id":"193532742200","employee_id":"1915284183","verified":0,"level":"1","deleted_at":null,"created_at":"2019-08-06 22:01:40","updated_at":"2019-08-06 22:01:40"},{"id":"194060753186","kpi_header_id":"193240143100","employee_id":"1915284282","verified":0,"level":"1","deleted_at":null,"created_at":"2019-08-06 22:01:40","updated_at":"2019-08-06 22:01:40"},{"id":"194068050824","kpi_header_id":"193986240804","employee_id":"1915284162","verified":0,"level":"3","deleted_at":null,"created_at":"2019-09-05 13:19:40","updated_at":"2019-09-05 13:19:40"},{"id":"194068451588","kpi_header_id":"193343642500","employee_id":"1915284162","verified":0,"level":"2","deleted_at":null,"created_at":"2019-08-06 22:01:40","updated_at":"2019-08-23 14:43:41"},{"id":"194072350048","kpi_header_id":"193343642500","employee_id":"1915283145","verified":0,"level":"3","deleted_at":null,"created_at":"2019-08-06 22:01:40","updated_at":"2019-08-06 22:01:40"},{"id":"194074552740","kpi_header_id":"194017742704","employee_id":"1915284199","verified":0,"level":"1","deleted_at":null,"created_at":"2019-09-05 13:24:40","updated_at":"2019-09-05 13:24:40"},{"id":"194075952421","kpi_header_id":"193457542400","employee_id":"1915284190","verified":0,"level":"1","deleted_at":null,"created_at":"2019-08-06 22:01:40","updated_at":"2019-08-06 22:01:40"},{"id":"194076451735","kpi_header_id":"193755743200","employee_id":"1915284167","verified":0,"level":"2","deleted_at":null,"created_at":"2019-08-06 22:01:40","updated_at":"2019-08-06 22:01:40"},{"id":"194080252627","kpi_header_id":"193265342600","employee_id":"1915284193","verified":0,"level":"1","deleted_at":null,"created_at":"2019-08-06 22:01:40","updated_at":"2019-08-06 22:01:40"},{"id":"194081752583","kpi_header_id":"193662042900","employee_id":"1915284192","verified":0,"level":"2","deleted_at":null,"created_at":"2019-08-06 22:01:40","updated_at":"2019-08-06 22:01:40"},{"id":"194082254176","kpi_header_id":"193724643400","employee_id":"1915285165","verified":0,"level":"3","deleted_at":null,"created_at":"2019-08-06 22:01:41","updated_at":"2019-08-06 22:01:41"},{"id":"194082550893","kpi_header_id":"193986240804","employee_id":"1915284139","verified":0,"level":"1","deleted_at":null,"created_at":"2019-09-05 13:19:40","updated_at":"2019-09-05 13:19:40"},{"id":"194083351521","kpi_header_id":"192882042800","employee_id":"1915284162","verified":0,"level":"3","deleted_at":null,"created_at":"2019-08-06 22:01:40","updated_at":"2019-08-06 22:01:40"},{"id":"194084952758","kpi_header_id":"193187842700","employee_id":"1915284199","verified":0,"level":"1","deleted_at":null,"created_at":"2019-08-06 22:01:40","updated_at":"2019-08-06 22:01:40"},{"id":"194089252967","kpi_header_id":"193662042900","employee_id":"1915284269","verified":0,"level":"1","deleted_at":null,"created_at":"2019-08-06 22:01:40","updated_at":"2019-08-06 22:01:40"},{"id":"194092150140","kpi_header_id":"193708343200","employee_id":"1915284116","verified":0,"level":"3","deleted_at":null,"created_at":"2019-08-06 22:01:40","updated_at":"2019-08-06 22:01:40"},{"id":"194096653280","kpi_header_id":"193708343200","employee_id":"1915285113","verified":0,"level":"1","deleted_at":null,"created_at":"2019-08-06 22:01:40","updated_at":"2019-08-06 22:01:40"},{"id":"194099253263","kpi_header_id":"193755743200","employee_id":"1915285113","verified":0,"level":"1","deleted_at":null,"created_at":"2019-08-06 22:01:40","updated_at":"2019-08-06 22:01:40"},{"id":"194099355531","kpi_header_id":"194008045504","employee_id":"1915286156","verified":0,"level":"1","deleted_at":null,"created_at":"2019-09-05 13:20:40","updated_at":"2019-09-05 13:20:40"},{"id":"194099852724","kpi_header_id":"193144442700","employee_id":"1915284199","verified":0,"level":"1","deleted_at":null,"created_at":"2019-08-06 22:01:40","updated_at":"2019-08-06 22:01:40"},{"id":"194100253441","kpi_header_id":"193724643400","employee_id":"1915285131","verified":0,"level":"1","deleted_at":null,"created_at":"2019-08-06 22:01:41","updated_at":"2019-08-06 22:01:41"},{"id":"194104151760","kpi_header_id":"193637544100","employee_id":"1915284167","verified":0,"level":"2","deleted_at":null,"created_at":"2019-08-06 22:01:41","updated_at":"2019-08-06 22:01:41"},{"id":"194104551025","kpi_header_id":"193602344000","employee_id":"1915284151","verified":0,"level":"3","deleted_at":null,"created_at":"2019-08-06 22:01:41","updated_at":"2019-08-06 22:01:41"},{"id":"194105253632","kpi_header_id":"193678943600","employee_id":"1915285141","verified":0,"level":"1","deleted_at":null,"created_at":"2019-08-06 22:01:41","updated_at":"2019-08-06 22:01:41"},{"id":"194105954144","kpi_header_id":"193777744200","employee_id":"1915285165","verified":0,"level":"2","deleted_at":null,"created_at":"2019-08-06 22:01:41","updated_at":"2019-08-06 22:01:41"},{"id":"194106353578","kpi_header_id":"193692243500","employee_id":"1915285140","verified":0,"level":"1","deleted_at":null,"created_at":"2019-08-06 22:01:41","updated_at":"2019-08-06 22:01:41"},{"id":"194106655694","kpi_header_id":"194187245604","employee_id":"1915285195","verified":0,"level":"3","deleted_at":null,"created_at":"2019-09-05 13:20:41","updated_at":"2019-09-05 13:20:41"},{"id":"194107754124","kpi_header_id":"193647644100","employee_id":"1915285165","verified":0,"level":"1","deleted_at":null,"created_at":"2019-08-06 22:01:41","updated_at":"2019-08-06 22:01:41"},{"id":"194110153639","kpi_header_id":"193651543600","employee_id":"1915285141","verified":0,"level":"1","deleted_at":null,"created_at":"2019-08-06 22:01:41","updated_at":"2019-08-06 22:01:41"},{"id":"194110154176","kpi_header_id":"193637544100","employee_id":"1915285165","verified":0,"level":"1","deleted_at":null,"created_at":"2019-08-06 22:01:41","updated_at":"2019-08-06 22:01:41"},{"id":"194110450131","kpi_header_id":"193647644100","employee_id":"1915284116","verified":0,"level":"3","deleted_at":null,"created_at":"2019-08-06 22:01:41","updated_at":"2019-08-06 22:01:41"},{"id":"194117352941","kpi_header_id":"193774043700","employee_id":"1915284269","verified":0,"level":"3","deleted_at":null,"created_at":"2019-08-06 22:01:41","updated_at":"2019-08-06 22:01:41"},{"id":"194117454237","kpi_header_id":"193780144200","employee_id":"1915285173","verified":0,"level":"1","deleted_at":null,"created_at":"2019-08-06 22:01:41","updated_at":"2019-08-06 22:01:41"},{"id":"194120451781","kpi_header_id":"193647644100","employee_id":"1915284167","verified":0,"level":"2","deleted_at":null,"created_at":"2019-08-06 22:01:41","updated_at":"2019-08-06 22:01:41"},{"id":"194122953734","kpi_header_id":"193774043700","employee_id":"1915285147","verified":0,"level":"1","deleted_at":null,"created_at":"2019-08-06 22:01:41","updated_at":"2019-08-06 22:01:41"},{"id":"194125351023","kpi_header_id":"193644543800","employee_id":"1915284151","verified":0,"level":"3","deleted_at":null,"created_at":"2019-08-06 22:01:41","updated_at":"2019-08-06 22:01:41"},{"id":"194126854375","kpi_header_id":"193713544300","employee_id":"1915285175","verified":0,"level":"1","deleted_at":null,"created_at":"2019-08-06 22:01:41","updated_at":"2019-08-06 22:01:41"},{"id":"194130254736","kpi_header_id":"193774043700","employee_id":"1915285195","verified":0,"level":"2","deleted_at":null,"created_at":"2019-08-06 22:01:41","updated_at":"2019-08-06 22:01:41"},{"id":"194131453458","kpi_header_id":"193776543400","employee_id":"1915285131","verified":0,"level":"1","deleted_at":null,"created_at":"2019-08-06 22:01:41","updated_at":"2019-08-06 22:01:41"},{"id":"194133950158","kpi_header_id":"193693244000","employee_id":"1915284116","verified":0,"level":"2","deleted_at":null,"created_at":"2019-08-06 22:01:41","updated_at":"2019-08-06 22:01:41"},{"id":"194139750678","kpi_header_id":"193651543600","employee_id":"1915284136","verified":0,"level":"2","deleted_at":null,"created_at":"2019-08-06 22:01:41","updated_at":"2019-08-06 22:01:41"},{"id":"194140251795","kpi_header_id":"193766543900","employee_id":"1915284167","verified":0,"level":"3","deleted_at":null,"created_at":"2019-08-06 22:01:41","updated_at":"2019-08-06 22:01:41"},{"id":"194145254159","kpi_header_id":"193776543400","employee_id":"1915285165","verified":0,"level":"3","deleted_at":null,"created_at":"2019-08-06 22:01:41","updated_at":"2019-08-06 22:01:41"},{"id":"194148153921","kpi_header_id":"193776543400","employee_id":"1915285162","verified":0,"level":"2","deleted_at":null,"created_at":"2019-08-06 22:01:41","updated_at":"2019-08-06 22:01:41"},{"id":"194152550172","kpi_header_id":"193644543800","employee_id":"1915284116","verified":0,"level":"2","deleted_at":null,"created_at":"2019-08-06 22:01:41","updated_at":"2019-08-06 22:01:41"},{"id":"194155555676","kpi_header_id":"194187245604","employee_id":"1915286169","verified":0,"level":"1","deleted_at":null,"created_at":"2019-09-05 13:20:41","updated_at":"2019-09-05 13:20:41"},{"id":"194159150154","kpi_header_id":"193602344000","employee_id":"1915284116","verified":0,"level":"2","deleted_at":null,"created_at":"2019-08-06 22:01:41","updated_at":"2019-08-06 22:01:41"},{"id":"194161154292","kpi_header_id":"193777744200","employee_id":"1915285173","verified":0,"level":"1","deleted_at":null,"created_at":"2019-08-06 22:01:41","updated_at":"2019-08-06 22:01:41"},{"id":"194163251548","kpi_header_id":"193678943600","employee_id":"1915284162","verified":0,"level":"3","deleted_at":null,"created_at":"2019-08-06 22:01:41","updated_at":"2019-08-06 22:01:41"},{"id":"194164555641","kpi_header_id":"194187245604","employee_id":"1915285147","verified":0,"level":"2","deleted_at":null,"created_at":"2019-09-05 13:20:41","updated_at":"2019-09-05 13:20:41"},{"id":"194165451571","kpi_header_id":"193651543600","employee_id":"1915284162","verified":0,"level":"3","deleted_at":null,"created_at":"2019-08-06 22:01:41","updated_at":"2019-08-06 22:01:41"},{"id":"194166054762","kpi_header_id":"193761043700","employee_id":"1915285195","verified":0,"level":"2","deleted_at":null,"created_at":"2019-08-06 22:01:41","updated_at":"2019-08-06 22:01:41"},{"id":"194166751075","kpi_header_id":"193639443800","employee_id":"1915284151","verified":0,"level":"3","deleted_at":null,"created_at":"2019-08-06 22:01:41","updated_at":"2019-08-06 22:01:41"},{"id":"194167154182","kpi_header_id":"193766543900","employee_id":"1915285165","verified":0,"level":"2","deleted_at":null,"created_at":"2019-08-06 22:01:41","updated_at":"2019-08-06 22:01:41"},{"id":"194171353967","kpi_header_id":"193766543900","employee_id":"1915285162","verified":0,"level":"1","deleted_at":null,"created_at":"2019-08-06 22:01:41","updated_at":"2019-08-06 22:01:41"},{"id":"194171653882","kpi_header_id":"193644543800","employee_id":"1915285155","verified":0,"level":"1","deleted_at":null,"created_at":"2019-08-06 22:01:41","updated_at":"2019-08-06 22:01:41"},{"id":"194174954083","kpi_header_id":"193602344000","employee_id":"1915285163","verified":0,"level":"1","deleted_at":null,"created_at":"2019-08-06 22:01:41","updated_at":"2019-08-06 22:01:41"},{"id":"194178454184","kpi_header_id":"193780144200","employee_id":"1915285165","verified":0,"level":"2","deleted_at":null,"created_at":"2019-08-06 22:01:41","updated_at":"2019-08-06 22:01:41"},{"id":"194178654174","kpi_header_id":"193737643900","employee_id":"1915285165","verified":0,"level":"2","deleted_at":null,"created_at":"2019-08-06 22:01:41","updated_at":"2019-08-06 22:01:41"},{"id":"194180451785","kpi_header_id":"193777744200","employee_id":"1915284167","verified":0,"level":"3","deleted_at":null,"created_at":"2019-08-06 22:01:41","updated_at":"2019-08-06 22:01:41"},{"id":"194180650129","kpi_header_id":"193637544100","employee_id":"1915284116","verified":0,"level":"3","deleted_at":null,"created_at":"2019-08-06 22:01:41","updated_at":"2019-08-06 22:01:41"},{"id":"194181451727","kpi_header_id":"193737643900","employee_id":"1915284167","verified":0,"level":"3","deleted_at":null,"created_at":"2019-08-06 22:01:41","updated_at":"2019-08-06 22:01:41"},{"id":"194182051720","kpi_header_id":"193780144200","employee_id":"1915284167","verified":0,"level":"3","deleted_at":null,"created_at":"2019-08-06 22:01:41","updated_at":"2019-08-06 22:01:41"},{"id":"194184450683","kpi_header_id":"193678943600","employee_id":"1915284136","verified":0,"level":"2","deleted_at":null,"created_at":"2019-08-06 22:01:41","updated_at":"2019-08-06 22:01:41"},{"id":"194184851093","kpi_header_id":"193693244000","employee_id":"1915284151","verified":0,"level":"3","deleted_at":null,"created_at":"2019-08-06 22:01:41","updated_at":"2019-08-06 22:01:41"},{"id":"194185052950","kpi_header_id":"193761043700","employee_id":"1915284269","verified":0,"level":"3","deleted_at":null,"created_at":"2019-08-06 22:01:41","updated_at":"2019-08-17 23:37:09"},{"id":"194186554056","kpi_header_id":"193693244000","employee_id":"1915285163","verified":0,"level":"1","deleted_at":null,"created_at":"2019-08-06 22:01:41","updated_at":"2019-08-06 22:01:41"},{"id":"194191250146","kpi_header_id":"193639443800","employee_id":"1915284116","verified":0,"level":"2","deleted_at":null,"created_at":"2019-08-06 22:01:41","updated_at":"2019-08-06 22:01:41"},{"id":"194192653572","kpi_header_id":"193619243500","employee_id":"1915285140","verified":0,"level":"1","deleted_at":null,"created_at":"2019-08-06 22:01:41","updated_at":"2019-08-06 22:01:41"},{"id":"194195253927","kpi_header_id":"193737643900","employee_id":"1915285162","verified":0,"level":"1","deleted_at":null,"created_at":"2019-08-06 22:01:41","updated_at":"2019-08-06 22:01:41"},{"id":"194195553776","kpi_header_id":"193761043700","employee_id":"1915285147","verified":0,"level":"1","deleted_at":null,"created_at":"2019-08-06 22:01:41","updated_at":"2019-08-06 22:01:41"},{"id":"194197153833","kpi_header_id":"193639443800","employee_id":"1915285155","verified":0,"level":"1","deleted_at":null,"created_at":"2019-08-06 22:01:41","updated_at":"2019-08-06 22:01:41"},{"id":"194200051029","kpi_header_id":"193670544500","employee_id":"1915284151","verified":0,"level":"3","deleted_at":null,"created_at":"2019-08-06 22:01:42","updated_at":"2019-08-06 22:01:42"},{"id":"194202754567","kpi_header_id":"193616344500","employee_id":"1915285191","verified":0,"level":"1","deleted_at":null,"created_at":"2019-08-06 22:01:42","updated_at":"2019-08-06 22:01:42"},{"id":"194202953764","kpi_header_id":"193749844900","employee_id":"1915285147","verified":0,"level":"2","deleted_at":null,"created_at":"2019-08-06 22:01:42","updated_at":"2019-08-06 22:01:42"},{"id":"194203052836","kpi_header_id":"194135842804","employee_id":"1915284162","verified":0,"level":"3","deleted_at":null,"created_at":"2019-09-05 13:24:42","updated_at":"2019-09-05 13:24:42"},{"id":"194204154786","kpi_header_id":"193701545400","employee_id":"1915285195","verified":0,"level":"3","deleted_at":null,"created_at":"2019-08-06 22:01:43","updated_at":"2019-08-06 22:01:43"},{"id":"194204455086","kpi_header_id":"193667845000","employee_id":"1915285215","verified":0,"level":"1","deleted_at":null,"created_at":"2019-08-06 22:01:42","updated_at":"2019-08-23 15:19:24"},{"id":"194206555757","kpi_header_id":"194292145704","employee_id":"1915285147","verified":0,"level":"2","deleted_at":null,"created_at":"2019-09-05 13:20:42","updated_at":"2019-09-05 13:20:42"},{"id":"194208453756","kpi_header_id":"193749144900","employee_id":"1915285147","verified":0,"level":"2","deleted_at":null,"created_at":"2019-08-06 22:01:42","updated_at":"2019-08-06 22:01:42"},{"id":"194210652590","kpi_header_id":"193737144700","employee_id":"1915284192","verified":0,"level":"3","deleted_at":null,"created_at":"2019-08-06 22:01:42","updated_at":"2019-08-06 22:01:42"},{"id":"194210955196","kpi_header_id":"193798445100","employee_id":"1915285243","verified":0,"level":"1","deleted_at":null,"created_at":"2019-08-06 22:01:42","updated_at":"2019-08-06 22:01:42"},{"id":"194215454468","kpi_header_id":"193645144400","employee_id":"1915285177","verified":0,"level":"1","deleted_at":null,"created_at":"2019-08-06 22:01:42","updated_at":"2019-08-06 22:01:42"},{"id":"194215552987","kpi_header_id":"193717444700","employee_id":"1915284269","verified":0,"level":"2","deleted_at":null,"created_at":"2019-08-06 22:01:42","updated_at":"2019-08-06 22:01:42"},{"id":"194218654863","kpi_header_id":"193724744800","employee_id":"1915285198","verified":0,"level":"1","deleted_at":null,"created_at":"2019-08-06 22:01:42","updated_at":"2019-08-06 22:01:42"},{"id":"194221554532","kpi_header_id":"193670544500","employee_id":"1915285191","verified":0,"level":"1","deleted_at":null,"created_at":"2019-08-06 22:01:42","updated_at":"2019-08-06 22:01:42"},{"id":"194221554922","kpi_header_id":"193749144900","employee_id":"1915285214","verified":0,"level":"1","deleted_at":null,"created_at":"2019-08-06 22:01:42","updated_at":"2019-08-06 22:01:42"},{"id":"194222555750","kpi_header_id":"194292145704","employee_id":"1915285195","verified":0,"level":"3","deleted_at":null,"created_at":"2019-09-05 13:20:42","updated_at":"2019-09-05 13:20:42"},{"id":"194224654646","kpi_header_id":"193656144600","employee_id":"1915285193","verified":0,"level":"1","deleted_at":null,"created_at":"2019-08-06 22:01:42","updated_at":"2019-08-06 22:01:42"},{"id":"194224854627","kpi_header_id":"193665544600","employee_id":"1915285193","verified":0,"level":"1","deleted_at":null,"created_at":"2019-08-06 22:01:42","updated_at":"2019-08-06 22:01:42"},{"id":"194225553997","kpi_header_id":"193724744800","employee_id":"1915285162","verified":0,"level":"2","deleted_at":null,"created_at":"2019-08-06 22:01:42","updated_at":"2019-08-06 22:01:42"},{"id":"194228355037","kpi_header_id":"193654045000","employee_id":"1915285215","verified":0,"level":"1","deleted_at":null,"created_at":"2019-08-06 22:01:42","updated_at":"2019-08-06 22:01:42"},{"id":"194230051551","kpi_header_id":"193654045000","employee_id":"1915284162","verified":0,"level":"3","deleted_at":null,"created_at":"2019-08-06 22:01:42","updated_at":"2019-08-06 22:01:42"},{"id":"194232354138","kpi_header_id":"193799445100","employee_id":"1915285165","verified":0,"level":"3","deleted_at":null,"created_at":"2019-08-06 22:01:42","updated_at":"2019-08-06 22:01:42"},{"id":"194232354791","kpi_header_id":"193717444700","employee_id":"1915285195","verified":0,"level":"1","deleted_at":null,"created_at":"2019-08-06 22:01:42","updated_at":"2019-08-06 22:01:42"},{"id":"194235954136","kpi_header_id":"193798445100","employee_id":"1915285165","verified":0,"level":"3","deleted_at":null,"created_at":"2019-08-06 22:01:42","updated_at":"2019-08-06 22:01:42"},{"id":"194237955327","kpi_header_id":"193743245300","employee_id":"1915286124","verified":0,"level":"1","deleted_at":null,"created_at":"2019-08-06 22:01:42","updated_at":"2019-08-06 22:01:42"},{"id":"194238552896","kpi_header_id":"194135842804","employee_id":"1915284151","verified":0,"level":"2","deleted_at":null,"created_at":"2019-09-05 13:24:42","updated_at":"2019-09-05 13:24:42"},{"id":"194241055334","kpi_header_id":"193732745300","employee_id":"1915286124","verified":0,"level":"1","deleted_at":null,"created_at":"2019-08-06 22:01:42","updated_at":"2019-08-06 22:01:42"},{"id":"194243353939","kpi_header_id":"193798445100","employee_id":"1915285162","verified":0,"level":"2","deleted_at":null,"created_at":"2019-08-06 22:01:42","updated_at":"2019-08-06 22:01:42"},{"id":"194245254447","kpi_header_id":"193671144400","employee_id":"1915285177","verified":0,"level":"1","deleted_at":null,"created_at":"2019-08-06 22:01:42","updated_at":"2019-08-06 22:01:42"},{"id":"194246155280","kpi_header_id":"193788245200","employee_id":"1915286113","verified":0,"level":"1","deleted_at":null,"created_at":"2019-08-06 22:01:42","updated_at":"2019-08-06 22:01:42"},{"id":"194246555137","kpi_header_id":"193799445100","employee_id":"1915285243","verified":0,"level":"1","deleted_at":null,"created_at":"2019-08-06 22:01:42","updated_at":"2019-08-06 22:01:42"},{"id":"194248050921","kpi_header_id":"194120040904","employee_id":"1915284162","verified":0,"level":"2","deleted_at":null,"created_at":"2019-09-05 13:19:42","updated_at":"2019-09-05 13:19:42"},{"id":"194248954966","kpi_header_id":"193749844900","employee_id":"1915285214","verified":0,"level":"1","deleted_at":null,"created_at":"2019-08-06 22:01:42","updated_at":"2019-08-06 22:01:42"},{"id":"194254054766","kpi_header_id":"193749844900","employee_id":"1915285195","verified":0,"level":"3","deleted_at":null,"created_at":"2019-08-06 22:01:42","updated_at":"2019-08-06 22:01:42"},{"id":"194254554120","kpi_header_id":"193724744800","employee_id":"1915285165","verified":0,"level":"3","deleted_at":null,"created_at":"2019-08-06 22:01:42","updated_at":"2019-08-06 22:01:42"},{"id":"194254853928","kpi_header_id":"193791144800","employee_id":"1915285162","verified":0,"level":"2","deleted_at":null,"created_at":"2019-08-06 22:01:42","updated_at":"2019-08-06 22:01:42"},{"id":"194255252827","kpi_header_id":"194135842804","employee_id":"1915284252","verified":0,"level":"1","deleted_at":null,"created_at":"2019-09-05 13:24:42","updated_at":"2019-09-05 13:24:42"},{"id":"194256251561","kpi_header_id":"193667845000","employee_id":"1915284162","verified":0,"level":"3","deleted_at":null,"created_at":"2019-08-06 22:01:42","updated_at":"2019-08-23 15:26:22"},{"id":"194257654728","kpi_header_id":"193737144700","employee_id":"1915285195","verified":0,"level":"1","deleted_at":null,"created_at":"2019-08-06 22:01:42","updated_at":"2019-08-06 22:01:42"},{"id":"194260952965","kpi_header_id":"193737144700","employee_id":"1915284269","verified":0,"level":"2","deleted_at":null,"created_at":"2019-08-06 22:01:42","updated_at":"2019-08-23 14:06:19"},{"id":"194261855221","kpi_header_id":"193749445200","employee_id":"1915286113","verified":0,"level":"1","deleted_at":null,"created_at":"2019-08-06 22:01:42","updated_at":"2019-08-06 22:01:42"},{"id":"194262554794","kpi_header_id":"193749144900","employee_id":"1915285195","verified":0,"level":"3","deleted_at":null,"created_at":"2019-08-06 22:01:42","updated_at":"2019-08-06 22:01:42"},{"id":"194263350972","kpi_header_id":"194120040904","employee_id":"1915283145","verified":0,"level":"3","deleted_at":null,"created_at":"2019-09-05 13:19:42","updated_at":"2019-09-05 13:19:42"},{"id":"194264950133","kpi_header_id":"193670544500","employee_id":"1915284116","verified":0,"level":"2","deleted_at":null,"created_at":"2019-08-06 22:01:42","updated_at":"2019-08-06 22:01:42"},{"id":"194270253988","kpi_header_id":"193799445100","employee_id":"1915285162","verified":0,"level":"2","deleted_at":null,"created_at":"2019-08-06 22:01:42","updated_at":"2019-08-06 22:01:42"},{"id":"194273650638","kpi_header_id":"193667845000","employee_id":"1915284136","verified":0,"level":"2","deleted_at":null,"created_at":"2019-08-06 22:01:42","updated_at":"2019-08-23 15:20:31"},{"id":"194275554172","kpi_header_id":"193791144800","employee_id":"1915285165","verified":0,"level":"3","deleted_at":null,"created_at":"2019-08-06 22:01:42","updated_at":"2019-08-06 22:01:42"},{"id":"194276154859","kpi_header_id":"193791144800","employee_id":"1915285198","verified":0,"level":"1","deleted_at":null,"created_at":"2019-08-06 22:01:42","updated_at":"2019-08-06 22:01:42"},{"id":"194278554745","kpi_header_id":"193743245300","employee_id":"1915285195","verified":0,"level":"3","deleted_at":null,"created_at":"2019-08-06 22:01:42","updated_at":"2019-08-06 22:01:42"},{"id":"194279253773","kpi_header_id":"193743245300","employee_id":"1915285147","verified":0,"level":"2","deleted_at":null,"created_at":"2019-08-06 22:01:42","updated_at":"2019-08-06 22:01:42"},{"id":"194279651076","kpi_header_id":"193616344500","employee_id":"1915284151","verified":0,"level":"3","deleted_at":null,"created_at":"2019-08-06 22:01:42","updated_at":"2019-08-06 22:01:42"},{"id":"194280550925","kpi_header_id":"194120040904","employee_id":"1915284140","verified":0,"level":"1","deleted_at":null,"created_at":"2019-09-05 13:19:42","updated_at":"2019-09-05 13:19:42"},{"id":"194287250636","kpi_header_id":"193654045000","employee_id":"1915284136","verified":0,"level":"2","deleted_at":null,"created_at":"2019-08-06 22:01:42","updated_at":"2019-08-06 22:01:42"},{"id":"194289253723","kpi_header_id":"193732745300","employee_id":"1915285147","verified":0,"level":"2","deleted_at":null,"created_at":"2019-08-06 22:01:42","updated_at":"2019-08-06 22:01:42"},{"id":"194290050174","kpi_header_id":"193616344500","employee_id":"1915284116","verified":0,"level":"2","deleted_at":null,"created_at":"2019-08-06 22:01:42","updated_at":"2019-08-06 22:01:42"},{"id":"194292652573","kpi_header_id":"193717444700","employee_id":"1915284192","verified":0,"level":"3","deleted_at":null,"created_at":"2019-08-06 22:01:42","updated_at":"2019-08-06 22:01:42"},{"id":"194292654788","kpi_header_id":"193732745300","employee_id":"1915285195","verified":0,"level":"3","deleted_at":null,"created_at":"2019-08-06 22:01:42","updated_at":"2019-08-06 22:01:42"},{"id":"194294555745","kpi_header_id":"194292145704","employee_id":"1915286191","verified":0,"level":"1","deleted_at":null,"created_at":"2019-09-05 13:20:42","updated_at":"2019-09-05 13:20:42"},{"id":"194295654387","kpi_header_id":"193726044300","employee_id":"1915285175","verified":0,"level":"1","deleted_at":null,"created_at":"2019-08-06 22:01:42","updated_at":"2019-08-06 22:01:42"},{"id":"194300554724","kpi_header_id":"193737745800","employee_id":"1915285195","verified":0,"level":"3","deleted_at":null,"created_at":"2019-08-06 22:01:43","updated_at":"2019-08-06 22:01:43"},{"id":"194300952982","kpi_header_id":"194392942904","employee_id":"1915284162","verified":0,"level":"3","deleted_at":null,"created_at":"2019-09-05 13:24:43","updated_at":"2019-09-05 13:24:43"},{"id":"194301454786","kpi_header_id":"193780945700","employee_id":"1915285195","verified":0,"level":"3","deleted_at":null,"created_at":"2019-08-06 22:01:43","updated_at":"2019-08-06 22:01:43"},{"id":"194301654745","kpi_header_id":"193754545400","employee_id":"1915285195","verified":0,"level":"3","deleted_at":null,"created_at":"2019-08-06 22:01:43","updated_at":"2019-08-06 22:01:43"},{"id":"194301755785","kpi_header_id":"193780945700","employee_id":"1915286191","verified":0,"level":"1","deleted_at":null,"created_at":"2019-08-06 22:01:43","updated_at":"2019-08-06 22:01:43"},{"id":"194323854757","kpi_header_id":"193771145600","employee_id":"1915285195","verified":0,"level":"3","deleted_at":null,"created_at":"2019-08-06 22:01:43","updated_at":"2019-08-06 22:01:43"},{"id":"194325052949","kpi_header_id":"194392942904","employee_id":"1915284269","verified":0,"level":"1","deleted_at":null,"created_at":"2019-09-05 13:24:43","updated_at":"2019-09-05 13:24:43"},{"id":"194326255889","kpi_header_id":"194361145804","employee_id":"1915285147","verified":0,"level":"2","deleted_at":null,"created_at":"2019-09-05 13:20:43","updated_at":"2019-09-05 13:20:43"},{"id":"194331953771","kpi_header_id":"193793645800","employee_id":"1915285147","verified":0,"level":"2","deleted_at":null,"created_at":"2019-08-06 22:01:43","updated_at":"2019-08-06 22:01:43"},{"id":"194335955551","kpi_header_id":"193750645500","employee_id":"1915286156","verified":0,"level":"1","deleted_at":null,"created_at":"2019-08-06 22:01:43","updated_at":"2019-08-06 22:01:43"},{"id":"194338854752","kpi_header_id":"193724645700","employee_id":"1915285195","verified":0,"level":"3","deleted_at":null,"created_at":"2019-08-06 22:01:43","updated_at":"2019-08-06 22:01:43"},{"id":"194339453737","kpi_header_id":"193722245600","employee_id":"1915285147","verified":0,"level":"2","deleted_at":null,"created_at":"2019-08-06 22:01:43","updated_at":"2019-08-06 22:01:43"},{"id":"194340554780","kpi_header_id":"193722245600","employee_id":"1915285195","verified":0,"level":"3","deleted_at":null,"created_at":"2019-08-06 22:01:43","updated_at":"2019-08-06 22:01:43"},{"id":"194342051098","kpi_header_id":"194381841004","employee_id":"1915284151","verified":0,"level":"1","deleted_at":null,"created_at":"2019-09-05 13:19:43","updated_at":"2019-09-05 13:19:43"},{"id":"194342551079","kpi_header_id":"194381841004","employee_id":"1915283145","verified":0,"level":"3","deleted_at":null,"created_at":"2019-09-05 13:19:43","updated_at":"2019-09-05 13:19:43"},{"id":"194342955455","kpi_header_id":"193754545400","employee_id":"1915286147","verified":0,"level":"1","deleted_at":null,"created_at":"2019-08-06 22:01:43","updated_at":"2019-08-06 22:01:43"},{"id":"194343453740","kpi_header_id":"193754545400","employee_id":"1915285147","verified":0,"level":"2","deleted_at":null,"created_at":"2019-08-06 22:01:43","updated_at":"2019-08-06 22:01:43"},{"id":"194351153784","kpi_header_id":"193771145600","employee_id":"1915285147","verified":0,"level":"2","deleted_at":null,"created_at":"2019-08-06 22:01:43","updated_at":"2019-08-06 22:01:43"},{"id":"194351853779","kpi_header_id":"193701545400","employee_id":"1915285147","verified":0,"level":"2","deleted_at":null,"created_at":"2019-08-06 22:01:43","updated_at":"2019-08-06 22:01:43"},{"id":"194357155565","kpi_header_id":"193768345500","employee_id":"1915286156","verified":0,"level":"1","deleted_at":null,"created_at":"2019-08-06 22:01:43","updated_at":"2019-08-06 22:01:43"},{"id":"194359455697","kpi_header_id":"193771145600","employee_id":"1915286169","verified":0,"level":"1","deleted_at":null,"created_at":"2019-08-06 22:01:43","updated_at":"2019-08-06 22:01:43"},{"id":"194365855881","kpi_header_id":"193793645800","employee_id":"1915286198","verified":0,"level":"1","deleted_at":null,"created_at":"2019-08-06 22:01:43","updated_at":"2019-08-06 22:01:43"},{"id":"194369355874","kpi_header_id":"194361145804","employee_id":"1915286198","verified":0,"level":"1","deleted_at":null,"created_at":"2019-09-05 13:20:43","updated_at":"2019-09-05 13:20:43"},{"id":"194372755747","kpi_header_id":"193724645700","employee_id":"1915286191","verified":0,"level":"1","deleted_at":null,"created_at":"2019-08-06 22:01:43","updated_at":"2019-08-06 22:01:43"},{"id":"194374151021","kpi_header_id":"194381841004","employee_id":"1915284162","verified":0,"level":"2","deleted_at":null,"created_at":"2019-09-05 13:19:43","updated_at":"2019-09-05 13:19:43"},{"id":"194374454782","kpi_header_id":"193793645800","employee_id":"1915285195","verified":0,"level":"3","deleted_at":null,"created_at":"2019-08-06 22:01:43","updated_at":"2019-08-06 22:01:43"},{"id":"194376555424","kpi_header_id":"193701545400","employee_id":"1915286147","verified":0,"level":"1","deleted_at":null,"created_at":"2019-08-06 22:01:43","updated_at":"2019-08-06 22:01:43"},{"id":"194382755891","kpi_header_id":"193737745800","employee_id":"1915286198","verified":0,"level":"1","deleted_at":null,"created_at":"2019-08-06 22:01:43","updated_at":"2019-08-06 22:01:43"},{"id":"194387953724","kpi_header_id":"193724645700","employee_id":"1915285147","verified":0,"level":"2","deleted_at":null,"created_at":"2019-08-06 22:01:43","updated_at":"2019-08-06 22:01:43"},{"id":"194388853731","kpi_header_id":"193737745800","employee_id":"1915285147","verified":0,"level":"2","deleted_at":null,"created_at":"2019-08-06 22:01:43","updated_at":"2019-08-06 22:01:43"},{"id":"194395055839","kpi_header_id":"194361145804","employee_id":"1915285195","verified":0,"level":"3","deleted_at":null,"created_at":"2019-09-05 13:20:43","updated_at":"2019-09-05 13:20:43"},{"id":"194395855671","kpi_header_id":"193722245600","employee_id":"1915286169","verified":0,"level":"1","deleted_at":null,"created_at":"2019-08-06 22:01:43","updated_at":"2019-08-06 22:01:43"},{"id":"194396852982","kpi_header_id":"194392942904","employee_id":"1915284192","verified":0,"level":"2","deleted_at":null,"created_at":"2019-09-05 13:24:43","updated_at":"2019-09-05 13:24:43"},{"id":"194397053726","kpi_header_id":"193780945700","employee_id":"1915285147","verified":0,"level":"2","deleted_at":null,"created_at":"2019-08-06 22:01:43","updated_at":"2019-08-06 22:01:43"},{"id":"194501751150","kpi_header_id":"194457941104","employee_id":"1915284151","verified":0,"level":"2","deleted_at":null,"created_at":"2019-09-05 13:19:45","updated_at":"2019-09-05 13:19:45"},{"id":"194549951156","kpi_header_id":"194457941104","employee_id":"1915284162","verified":0,"level":"3","deleted_at":null,"created_at":"2019-09-05 13:19:45","updated_at":"2019-09-05 13:19:45"},{"id":"194553353092","kpi_header_id":"194441343004","employee_id":"1915284279","verified":0,"level":"1","deleted_at":null,"created_at":"2019-09-05 13:24:45","updated_at":"2019-09-05 13:24:45"},{"id":"194581451164","kpi_header_id":"194457941104","employee_id":"1915284152","verified":0,"level":"1","deleted_at":null,"created_at":"2019-09-05 13:19:45","updated_at":"2019-09-05 13:19:45"},{"id":"194605551276","kpi_header_id":"194654441204","employee_id":"1915284152","verified":0,"level":"2","deleted_at":null,"created_at":"2019-09-05 13:19:46","updated_at":"2019-09-05 13:19:46"},{"id":"194619451280","kpi_header_id":"194654441204","employee_id":"1915284151","verified":0,"level":"3","deleted_at":null,"created_at":"2019-09-05 13:19:46","updated_at":"2019-09-05 13:19:46"},{"id":"194664851237","kpi_header_id":"194654441204","employee_id":"1915284154","verified":0,"level":"1","deleted_at":null,"created_at":"2019-09-05 13:19:46","updated_at":"2019-09-05 13:19:46"},{"id":"194687353156","kpi_header_id":"194657443104","employee_id":"1915284282","verified":0,"level":"1","deleted_at":null,"created_at":"2019-09-05 13:24:46","updated_at":"2019-09-05 13:24:46"},{"id":"194716353295","kpi_header_id":"194743443204","employee_id":"1915285113","verified":0,"level":"1","deleted_at":null,"created_at":"2019-09-05 13:24:47","updated_at":"2019-09-05 13:24:47"},{"id":"194748053253","kpi_header_id":"194743443204","employee_id":"1915284167","verified":0,"level":"2","deleted_at":null,"created_at":"2019-09-05 13:24:47","updated_at":"2019-09-05 13:24:47"},{"id":"194815351583","kpi_header_id":"194778041504","employee_id":"1915284162","verified":0,"level":"1","deleted_at":null,"created_at":"2019-09-05 13:18:48","updated_at":"2019-09-05 13:18:48"},{"id":"194826051320","kpi_header_id":"194743641304","employee_id":"1915284158","verified":0,"level":"1","deleted_at":null,"created_at":"2019-09-05 13:19:48","updated_at":"2019-09-05 13:19:48"},{"id":"194830351366","kpi_header_id":"194743641304","employee_id":"1915284162","verified":0,"level":"3","deleted_at":null,"created_at":"2019-09-05 13:19:48","updated_at":"2019-09-05 13:19:48"},{"id":"194866853238","kpi_header_id":"194743443204","employee_id":"1915284116","verified":0,"level":"3","deleted_at":null,"created_at":"2019-09-05 13:24:48","updated_at":"2019-09-05 13:24:48"},{"id":"194887251326","kpi_header_id":"194743641304","employee_id":"1915284151","verified":0,"level":"2","deleted_at":null,"created_at":"2019-09-05 13:19:48","updated_at":"2019-09-05 13:19:48"},{"id":"194897951575","kpi_header_id":"194778041504","employee_id":"1915283145","verified":0,"level":"2","deleted_at":null,"created_at":"2019-09-05 13:18:48","updated_at":"2019-09-05 13:18:48"},{"id":"194953451494","kpi_header_id":"194944241404","employee_id":"1915284159","verified":0,"level":"1","deleted_at":null,"created_at":"2019-09-05 13:19:49","updated_at":"2019-09-05 13:19:49"},{"id":"194971753347","kpi_header_id":"194944143304","employee_id":"1915285119","verified":0,"level":"1","deleted_at":null,"created_at":"2019-09-05 13:24:49","updated_at":"2019-09-05 13:24:49"},{"id":"195001053486","kpi_header_id":"195044743404","employee_id":"1915285162","verified":0,"level":"2","deleted_at":null,"created_at":"2019-09-05 13:24:50","updated_at":"2019-09-05 13:24:50"},{"id":"195015453426","kpi_header_id":"195044743404","employee_id":"1915285131","verified":0,"level":"1","deleted_at":null,"created_at":"2019-09-05 13:24:50","updated_at":"2019-09-05 13:24:50"},{"id":"195084053468","kpi_header_id":"195044743404","employee_id":"1915285165","verified":0,"level":"3","deleted_at":null,"created_at":"2019-09-05 13:24:50","updated_at":"2019-09-05 13:24:50"},{"id":"195162151672","kpi_header_id":"195165341604","employee_id":"1915284163","verified":0,"level":"1","deleted_at":null,"created_at":"2019-09-05 13:19:51","updated_at":"2019-09-05 13:19:51"},{"id":"195178453546","kpi_header_id":"195146043504","employee_id":"1915285140","verified":0,"level":"1","deleted_at":null,"created_at":"2019-09-05 13:24:51","updated_at":"2019-09-05 13:24:51"},{"id":"195210753636","kpi_header_id":"195244543604","employee_id":"1915285141","verified":0,"level":"1","deleted_at":null,"created_at":"2019-09-05 13:24:52","updated_at":"2019-09-05 13:24:52"},{"id":"195228251728","kpi_header_id":"195255541704","employee_id":"1915284116","verified":0,"level":"2","deleted_at":null,"created_at":"2019-09-05 13:19:52","updated_at":"2019-09-05 13:19:52"},{"id":"195234153660","kpi_header_id":"195244543604","employee_id":"1915284136","verified":0,"level":"2","deleted_at":null,"created_at":"2019-09-05 13:24:52","updated_at":"2019-09-05 13:24:52"},{"id":"195238251793","kpi_header_id":"195255541704","employee_id":"1915284151","verified":0,"level":"3","deleted_at":null,"created_at":"2019-09-05 13:19:52","updated_at":"2019-09-05 13:19:52"},{"id":"195238853645","kpi_header_id":"195244543604","employee_id":"1915284162","verified":0,"level":"3","deleted_at":null,"created_at":"2019-09-05 13:24:52","updated_at":"2019-09-05 13:24:52"},{"id":"195296051764","kpi_header_id":"195255541704","employee_id":"1915284167","verified":0,"level":"1","deleted_at":null,"created_at":"2019-09-05 13:19:52","updated_at":"2019-09-05 13:19:52"},{"id":"195345053795","kpi_header_id":"195358943704","employee_id":"1915284269","verified":0,"level":"3","deleted_at":null,"created_at":"2019-09-05 13:24:53","updated_at":"2019-09-05 13:24:53"},{"id":"195385553738","kpi_header_id":"195358943704","employee_id":"1915285195","verified":0,"level":"2","deleted_at":null,"created_at":"2019-09-05 13:24:53","updated_at":"2019-09-05 13:24:53"},{"id":"195398453770","kpi_header_id":"195358943704","employee_id":"1915285147","verified":0,"level":"1","deleted_at":null,"created_at":"2019-09-05 13:24:53","updated_at":"2019-09-05 13:24:53"},{"id":"195432353869","kpi_header_id":"195481543804","employee_id":"1915285155","verified":0,"level":"1","deleted_at":null,"created_at":"2019-09-05 13:24:54","updated_at":"2019-09-05 13:24:54"},{"id":"195464453851","kpi_header_id":"195481543804","employee_id":"1915284151","verified":0,"level":"3","deleted_at":null,"created_at":"2019-09-05 13:24:54","updated_at":"2019-09-05 13:24:54"},{"id":"195469451823","kpi_header_id":"195350141804","employee_id":"1915284168","verified":0,"level":"1","deleted_at":null,"created_at":"2019-09-05 13:19:54","updated_at":"2019-09-05 13:19:54"},{"id":"195498953868","kpi_header_id":"195481543804","employee_id":"1915284116","verified":0,"level":"2","deleted_at":null,"created_at":"2019-09-05 13:24:54","updated_at":"2019-09-05 13:24:54"},{"id":"195537051928","kpi_header_id":"195562641904","employee_id":"1915284171","verified":0,"level":"1","deleted_at":null,"created_at":"2019-09-05 13:19:55","updated_at":"2019-09-05 13:19:55"},{"id":"195613453932","kpi_header_id":"195523643904","employee_id":"1915285162","verified":0,"level":"1","deleted_at":null,"created_at":"2019-09-05 13:24:56","updated_at":"2019-09-05 13:24:56"},{"id":"195641853967","kpi_header_id":"195523643904","employee_id":"1915285165","verified":0,"level":"2","deleted_at":null,"created_at":"2019-09-05 13:24:56","updated_at":"2019-09-05 13:24:56"},{"id":"195658153950","kpi_header_id":"195523643904","employee_id":"1915284167","verified":0,"level":"3","deleted_at":null,"created_at":"2019-09-05 13:24:56","updated_at":"2019-09-05 13:24:56"},{"id":"195722952080","kpi_header_id":"195685442004","employee_id":"1915284151","verified":0,"level":"2","deleted_at":null,"created_at":"2019-09-05 13:19:57","updated_at":"2019-09-05 13:19:57"},{"id":"195736754033","kpi_header_id":"195774644004","employee_id":"1915284116","verified":0,"level":"2","deleted_at":null,"created_at":"2019-09-05 13:24:57","updated_at":"2019-09-05 13:24:57"},{"id":"195741852025","kpi_header_id":"195685442004","employee_id":"1915284172","verified":0,"level":"1","deleted_at":null,"created_at":"2019-09-05 13:19:57","updated_at":"2019-09-05 13:19:57"},{"id":"195763554072","kpi_header_id":"195774644004","employee_id":"1915285163","verified":0,"level":"1","deleted_at":null,"created_at":"2019-09-05 13:24:57","updated_at":"2019-09-05 13:24:57"},{"id":"195765354066","kpi_header_id":"195774644004","employee_id":"1915284151","verified":0,"level":"3","deleted_at":null,"created_at":"2019-09-05 13:24:57","updated_at":"2019-09-05 13:24:57"},{"id":"195785652079","kpi_header_id":"195685442004","employee_id":"1915284162","verified":0,"level":"3","deleted_at":null,"created_at":"2019-09-05 13:19:57","updated_at":"2019-09-05 13:19:57"},{"id":"195815254161","kpi_header_id":"195899844104","employee_id":"1915284116","verified":0,"level":"3","deleted_at":null,"created_at":"2019-09-05 13:24:58","updated_at":"2019-09-05 13:24:58"},{"id":"195844854120","kpi_header_id":"195899844104","employee_id":"1915284167","verified":0,"level":"2","deleted_at":null,"created_at":"2019-09-05 13:24:58","updated_at":"2019-09-05 13:24:58"},{"id":"195857554167","kpi_header_id":"195899844104","employee_id":"1915285165","verified":0,"level":"1","deleted_at":null,"created_at":"2019-09-05 13:24:58","updated_at":"2019-09-05 13:24:58"},{"id":"195876552171","kpi_header_id":"195827142104","employee_id":"1915284252","verified":0,"level":"2","deleted_at":null,"created_at":"2019-09-05 13:19:58","updated_at":"2019-09-05 13:19:58"},{"id":"195891852153","kpi_header_id":"195827142104","employee_id":"1915284151","verified":0,"level":"3","deleted_at":null,"created_at":"2019-09-05 13:19:58","updated_at":"2019-09-05 13:19:58"},{"id":"195892452190","kpi_header_id":"195827142104","employee_id":"1915284179","verified":0,"level":"1","deleted_at":null,"created_at":"2019-09-05 13:19:58","updated_at":"2019-09-05 13:19:58"},{"id":"195904752240","kpi_header_id":"195934342204","employee_id":"1915284162","verified":0,"level":"3","deleted_at":null,"created_at":"2019-09-05 13:19:59","updated_at":"2019-09-05 13:19:59"},{"id":"195913452274","kpi_header_id":"195934342204","employee_id":"1915284183","verified":0,"level":"1","deleted_at":null,"created_at":"2019-09-05 13:19:59","updated_at":"2019-09-05 13:19:59"},{"id":"195915354281","kpi_header_id":"195951644204","employee_id":"1915285165","verified":0,"level":"2","deleted_at":null,"created_at":"2019-09-05 13:24:59","updated_at":"2019-09-05 13:24:59"},{"id":"195918954290","kpi_header_id":"195951644204","employee_id":"1915285173","verified":0,"level":"1","deleted_at":null,"created_at":"2019-09-05 13:24:59","updated_at":"2019-09-05 13:24:59"},{"id":"195922252225","kpi_header_id":"195934342204","employee_id":"1915284151","verified":0,"level":"2","deleted_at":null,"created_at":"2019-09-05 13:19:59","updated_at":"2019-09-05 13:19:59"},{"id":"195968654232","kpi_header_id":"195951644204","employee_id":"1915284167","verified":0,"level":"3","deleted_at":null,"created_at":"2019-09-05 13:24:59","updated_at":"2019-09-05 13:24:59"}]