[{"kpi_proccess_id":"1902040784","kpi_header_id":"190805045004","pw":null,"pt":null,"real":null,"created_at":"2019-09-15 20:24:42","updated_at":"2019-09-15 20:24:42"},{"kpi_proccess_id":"1902040784","kpi_header_id":"193654045000","pw":"70.00","pt":2,"real":3,"created_at":"2019-09-15 20:24:00","updated_at":"2019-09-15 20:24:00"},{"kpi_proccess_id":"1902040784","kpi_header_id":"193667845000","pw":"15.00","pt":2,"real":2,"created_at":"2019-09-15 20:24:00","updated_at":"2019-09-15 20:24:42"},{"kpi_proccess_id":"1911144747","kpi_header_id":"190805045004","pw":null,"pt":null,"real":null,"created_at":"2019-09-15 20:24:42","updated_at":"2019-09-15 20:24:42"},{"kpi_proccess_id":"1911144747","kpi_header_id":"190900342904","pw":"15.00","pt":2,"real":3,"created_at":"2019-09-15 18:56:42","updated_at":"2019-09-19 16:03:51"},{"kpi_proccess_id":"1911144747","kpi_header_id":"193654045000","pw":"15.00","pt":1,"real":1,"created_at":"2019-09-15 20:24:00","updated_at":"2019-09-15 20:24:00"},{"kpi_proccess_id":"1911144747","kpi_header_id":"193667845000","pw":"15.00","pt":2,"real":2,"created_at":"2019-09-15 20:24:00","updated_at":"2019-09-15 20:24:42"},{"kpi_proccess_id":"1911144747","kpi_header_id":"194392942904","pw":"15.00","pt":2,"real":3,"created_at":"2019-09-15 18:56:42","updated_at":"2019-09-19 16:05:03"},{"kpi_proccess_id":"1913488711","kpi_header_id":"191475045901","pw":"25.00","pt":3,"real":2,"created_at":"2019-10-01 00:35:05","updated_at":"2019-10-11 20:23:32"},{"kpi_proccess_id":"1913488711","kpi_header_id":"191525946001","pw":"25.00","pt":3,"real":2,"created_at":"2019-10-01 00:37:26","updated_at":"2019-10-04 14:06:49"},{"kpi_proccess_id":"1913488711","kpi_header_id":"191677646101","pw":"25.00","pt":3,"real":3,"created_at":"2019-10-01 00:38:23","updated_at":"2019-10-03 22:23:00"},{"kpi_proccess_id":"1913488711","kpi_header_id":"193217145900","pw":"20.00","pt":1,"real":1,"created_at":"2019-09-29 20:40:17","updated_at":"2019-09-29 20:40:17"},{"kpi_proccess_id":"1913488711","kpi_header_id":"193762445900","pw":"20.00","pt":1,"real":1,"created_at":"2019-09-29 20:40:17","updated_at":"2019-09-29 20:40:17"},{"kpi_proccess_id":"1913488711","kpi_header_id":"195794746100","pw":"20.00","pt":1,"real":1,"created_at":"2019-09-29 20:40:18","updated_at":"2019-09-29 20:40:18"},{"kpi_proccess_id":"1916788721","kpi_header_id":"190900342904","pw":"15.00","pt":2,"real":2,"created_at":"2019-09-05 13:20:09","updated_at":"2019-09-19 16:03:51"},{"kpi_proccess_id":"1916788721","kpi_header_id":"191069640604","pw":"0.00","pt":0,"real":0,"created_at":"2019-09-19 19:04:37","updated_at":"2019-09-19 19:04:37"},{"kpi_proccess_id":"1916788721","kpi_header_id":"191531041004","pw":"0.00","pt":0,"real":0,"created_at":"2019-09-18 21:18:50","updated_at":"2019-09-18 21:18:50"},{"kpi_proccess_id":"1916788721","kpi_header_id":"192331041504","pw":"15.00","pt":3,"real":3,"created_at":"2019-09-05 13:24:23","updated_at":"2019-09-28 16:22:01"},{"kpi_proccess_id":"1916788721","kpi_header_id":"192618541500","pw":"50.00","pt":4,"real":4,"created_at":"2019-10-02 19:04:40","updated_at":"2019-10-02 20:15:58"},{"kpi_proccess_id":"1916788721","kpi_header_id":"192673340900","pw":"10.00","pt":3,"real":3,"created_at":"2019-09-18 21:29:30","updated_at":"2019-09-18 22:49:57"},{"kpi_proccess_id":"1916788721","kpi_header_id":"192680940900","pw":"0.00","pt":0,"real":0,"created_at":"2019-09-18 21:29:30","updated_at":"2019-09-18 22:49:57"},{"kpi_proccess_id":"1916788721","kpi_header_id":"192687041500","pw":"15.00","pt":3,"real":3,"created_at":"2019-09-28 15:13:09","updated_at":"2019-09-28 16:22:01"},{"kpi_proccess_id":"1916788721","kpi_header_id":"192705141000","pw":"20.00","pt":3,"real":3,"created_at":"2019-09-13 20:54:37","updated_at":"2019-09-24 14:21:59"},{"kpi_proccess_id":"1916788721","kpi_header_id":"192756341000","pw":"25.00","pt":3,"real":3,"created_at":"2019-09-18 21:14:55","updated_at":"2019-09-24 14:21:59"},{"kpi_proccess_id":"1916788721","kpi_header_id":"193208440600","pw":"20.00","pt":3,"real":3,"created_at":"2019-09-19 19:04:37","updated_at":"2019-09-19 19:04:37"},{"kpi_proccess_id":"1916788721","kpi_header_id":"193662042900","pw":"15.00","pt":2,"real":2,"created_at":"2019-08-23 20:24:54","updated_at":"2019-09-19 16:09:16"},{"kpi_proccess_id":"1916788721","kpi_header_id":"193695342900","pw":"15.00","pt":2,"real":2,"created_at":"2019-08-23 20:24:54","updated_at":"2019-09-19 16:09:16"},{"kpi_proccess_id":"1916788721","kpi_header_id":"194392942904","pw":"15.00","pt":2,"real":2,"created_at":"2019-09-05 13:24:43","updated_at":"2019-09-19 16:05:03"},{"kpi_proccess_id":"1916788721","kpi_header_id":"194778041504","pw":"15.00","pt":3,"real":3,"created_at":"2019-09-05 13:18:48","updated_at":"2019-09-25 00:03:40"},{"kpi_proccess_id":"1924554748","kpi_header_id":"190735640000","pw":null,"pt":3,"real":3,"created_at":"2019-10-06 21:36:42","updated_at":"2019-10-06 21:48:15"},{"kpi_proccess_id":"1924554748","kpi_header_id":"191780146100","pw":null,"pt":3,"real":3,"created_at":"2019-10-06 21:36:42","updated_at":"2019-10-06 21:48:15"},{"kpi_proccess_id":"1924554748","kpi_header_id":"192618541500","pw":"25.00","pt":3,"real":3,"created_at":"2019-10-02 20:01:45","updated_at":"2019-10-03 20:25:10"},{"kpi_proccess_id":"1924554748","kpi_header_id":"192687041500","pw":"0.00","pt":0,"real":0,"created_at":"2019-10-02 20:01:56","updated_at":"2019-10-02 20:01:56"},{"kpi_proccess_id":"1924554748","kpi_header_id":"192917846300","pw":null,"pt":3,"real":3,"created_at":"2019-10-06 21:36:42","updated_at":"2019-10-06 21:48:15"},{"kpi_proccess_id":"1924554748","kpi_header_id":"193825146100","pw":null,"pt":3,"real":3,"created_at":"2019-10-06 21:36:43","updated_at":"2019-10-06 21:48:15"},{"kpi_proccess_id":"1924554748","kpi_header_id":"195607046300","pw":null,"pt":3,"real":3,"created_at":"2019-10-06 21:36:43","updated_at":"2019-10-06 21:48:15"},{"kpi_proccess_id":"1925053782","kpi_header_id":"190735640000","pw":null,"pt":3,"real":3,"created_at":"2019-10-06 21:36:42","updated_at":"2019-10-06 21:48:15"},{"kpi_proccess_id":"1925053782","kpi_header_id":"191780146100","pw":null,"pt":3,"real":3,"created_at":"2019-10-06 21:36:42","updated_at":"2019-10-06 21:48:15"},{"kpi_proccess_id":"1925053782","kpi_header_id":"192917846300","pw":null,"pt":3,"real":3,"created_at":"2019-10-06 21:36:42","updated_at":"2019-10-06 21:48:15"},{"kpi_proccess_id":"1925053782","kpi_header_id":"193825146100","pw":null,"pt":3,"real":3,"created_at":"2019-10-06 21:36:43","updated_at":"2019-10-06 21:48:15"},{"kpi_proccess_id":"1925053782","kpi_header_id":"195607046300","pw":null,"pt":3,"real":3,"created_at":"2019-10-06 21:36:43","updated_at":"2019-10-06 21:48:15"},{"kpi_proccess_id":"1929151771","kpi_header_id":"191069640604","pw":"0.00","pt":0,"real":0,"created_at":"2019-09-19 19:04:37","updated_at":"2019-09-19 19:04:37"},{"kpi_proccess_id":"1929151771","kpi_header_id":"191531041004","pw":"0.00","pt":0,"real":0,"created_at":"2019-09-18 21:18:50","updated_at":"2019-09-18 21:18:50"},{"kpi_proccess_id":"1929151771","kpi_header_id":"192673340900","pw":"15.00","pt":4,"real":4,"created_at":"2019-09-18 21:29:30","updated_at":"2019-10-02 20:35:38"},{"kpi_proccess_id":"1929151771","kpi_header_id":"192680940900","pw":"0.00","pt":0,"real":0,"created_at":"2019-09-18 21:29:30","updated_at":"2019-09-18 22:49:57"},{"kpi_proccess_id":"1929151771","kpi_header_id":"192705141000","pw":"25.00","pt":3,"real":3,"created_at":"2019-09-13 20:54:37","updated_at":"2019-09-24 14:21:59"},{"kpi_proccess_id":"1929151771","kpi_header_id":"192756341000","pw":"15.00","pt":3,"real":3,"created_at":"2019-09-18 21:14:55","updated_at":"2019-09-24 14:21:59"},{"kpi_proccess_id":"1929151771","kpi_header_id":"193208440600","pw":"20.00","pt":3,"real":5,"created_at":"2019-09-19 19:04:37","updated_at":"2019-09-19 19:04:37"},{"kpi_proccess_id":"1930947784","kpi_header_id":"191069640604","pw":"0.00","pt":0,"real":0,"created_at":"2019-09-19 19:04:37","updated_at":"2019-09-19 19:04:37"},{"kpi_proccess_id":"1930947784","kpi_header_id":"192673340900","pw":"30.00","pt":3,"real":4,"created_at":"2019-09-18 21:29:30","updated_at":"2019-09-18 22:49:57"},{"kpi_proccess_id":"1930947784","kpi_header_id":"192680940900","pw":"0.00","pt":0,"real":0,"created_at":"2019-09-18 21:29:30","updated_at":"2019-09-18 22:49:57"},{"kpi_proccess_id":"1930947784","kpi_header_id":"193208440600","pw":"15.00","pt":3,"real":4,"created_at":"2019-09-19 19:04:37","updated_at":"2019-09-19 19:04:37"},{"kpi_proccess_id":"1934321731","kpi_header_id":"190735640000","pw":null,"pt":3,"real":3,"created_at":"2019-10-06 21:36:42","updated_at":"2019-10-06 21:48:15"},{"kpi_proccess_id":"1934321731","kpi_header_id":"191475045901","pw":"25.00","pt":3,"real":2,"created_at":"2019-10-01 00:35:06","updated_at":"2019-10-06 16:44:52"},{"kpi_proccess_id":"1934321731","kpi_header_id":"191525946001","pw":"25.00","pt":3,"real":3,"created_at":"2019-10-01 00:37:26","updated_at":"2019-10-03 22:20:17"},{"kpi_proccess_id":"1934321731","kpi_header_id":"191677646101","pw":"25.00","pt":3,"real":1,"created_at":"2019-10-01 00:38:23","updated_at":"2019-10-04 14:06:49"},{"kpi_proccess_id":"1934321731","kpi_header_id":"191780146100","pw":null,"pt":3,"real":3,"created_at":"2019-10-06 21:36:42","updated_at":"2019-10-06 21:48:15"},{"kpi_proccess_id":"1934321731","kpi_header_id":"192917846300","pw":null,"pt":3,"real":3,"created_at":"2019-10-06 21:36:42","updated_at":"2019-10-06 21:48:15"},{"kpi_proccess_id":"1934321731","kpi_header_id":"193217145900","pw":"20.00","pt":1,"real":1,"created_at":"2019-09-29 20:40:17","updated_at":"2019-09-29 20:40:17"},{"kpi_proccess_id":"1934321731","kpi_header_id":"193762445900","pw":"20.00","pt":1,"real":1,"created_at":"2019-09-29 20:40:17","updated_at":"2019-09-29 20:40:17"},{"kpi_proccess_id":"1934321731","kpi_header_id":"193825146100","pw":null,"pt":3,"real":3,"created_at":"2019-10-06 21:36:43","updated_at":"2019-10-06 21:48:15"},{"kpi_proccess_id":"1934321731","kpi_header_id":"195607046300","pw":null,"pt":3,"real":3,"created_at":"2019-10-06 21:36:43","updated_at":"2019-10-06 21:48:15"},{"kpi_proccess_id":"1934321731","kpi_header_id":"195794746100","pw":"20.00","pt":1,"real":1,"created_at":"2019-09-29 20:40:18","updated_at":"2019-09-29 20:40:18"},{"kpi_proccess_id":"1939671773","kpi_header_id":"191531041004","pw":"0.00","pt":0,"real":0,"created_at":"2019-09-18 21:18:50","updated_at":"2019-09-18 21:18:50"},{"kpi_proccess_id":"1939671773","kpi_header_id":"192673340900","pw":"25.00","pt":5,"real":5,"created_at":"2019-09-18 21:29:30","updated_at":"2019-10-02 20:35:38"},{"kpi_proccess_id":"1939671773","kpi_header_id":"192680940900","pw":"0.00","pt":0,"real":0,"created_at":"2019-09-18 21:29:30","updated_at":"2019-09-18 22:49:57"},{"kpi_proccess_id":"1939671773","kpi_header_id":"192705141000","pw":"15.00","pt":3,"real":3,"created_at":"2019-09-18 21:14:55","updated_at":"2019-09-24 14:21:59"},{"kpi_proccess_id":"1939671773","kpi_header_id":"192756341000","pw":"20.00","pt":3,"real":3,"created_at":"2019-09-18 21:14:55","updated_at":"2019-09-24 14:21:59"},{"kpi_proccess_id":"1944340775","kpi_header_id":"191069640604","pw":"0.00","pt":0,"real":0,"created_at":"2019-09-19 19:04:37","updated_at":"2019-09-19 19:04:37"},{"kpi_proccess_id":"1944340775","kpi_header_id":"192673340900","pw":"20.00","pt":3,"real":3,"created_at":"2019-09-18 21:29:30","updated_at":"2019-09-18 22:49:57"},{"kpi_proccess_id":"1944340775","kpi_header_id":"192680940900","pw":"0.00","pt":0,"real":0,"created_at":"2019-09-18 21:29:30","updated_at":"2019-09-18 22:49:57"},{"kpi_proccess_id":"1944340775","kpi_header_id":"193208440600","pw":"20.00","pt":3,"real":3,"created_at":"2019-09-19 19:04:37","updated_at":"2019-09-19 19:04:37"},{"kpi_proccess_id":"1949679733","kpi_header_id":"191531041004","pw":"0.00","pt":0,"real":0,"created_at":"2019-09-18 21:18:50","updated_at":"2019-09-18 21:18:50"},{"kpi_proccess_id":"1949679733","kpi_header_id":"192331041504","pw":"0.00","pt":0,"real":0,"created_at":"2019-10-02 19:58:48","updated_at":"2019-10-02 19:58:48"},{"kpi_proccess_id":"1949679733","kpi_header_id":"192618541500","pw":"25.00","pt":4,"real":4,"created_at":"2019-10-02 18:51:48","updated_at":"2019-10-02 20:15:58"},{"kpi_proccess_id":"1949679733","kpi_header_id":"192687041500","pw":"15.00","pt":4,"real":4,"created_at":"2019-10-02 19:58:48","updated_at":"2019-10-02 19:58:48"},{"kpi_proccess_id":"1949679733","kpi_header_id":"192705141000","pw":"20.00","pt":3,"real":3,"created_at":"2019-09-13 20:54:37","updated_at":"2019-09-24 14:21:59"},{"kpi_proccess_id":"1949679733","kpi_header_id":"192756341000","pw":"20.00","pt":3,"real":2,"created_at":"2019-09-18 21:14:55","updated_at":"2019-09-24 14:21:59"},{"kpi_proccess_id":"1949679733","kpi_header_id":"194778041504","pw":"15.00","pt":3,"real":3,"created_at":"2019-09-05 13:18:48","updated_at":"2019-09-25 00:03:40"},{"kpi_proccess_id":"1951817762","kpi_header_id":"191069640604","pw":"0.00","pt":0,"real":0,"created_at":"2019-09-19 19:04:37","updated_at":"2019-09-19 19:04:37"},{"kpi_proccess_id":"1951817762","kpi_header_id":"191531041004","pw":"0.00","pt":0,"real":0,"created_at":"2019-09-18 21:18:50","updated_at":"2019-09-18 21:18:50"},{"kpi_proccess_id":"1951817762","kpi_header_id":"192705141000","pw":"20.00","pt":3,"real":4,"created_at":"2019-09-18 21:14:55","updated_at":"2019-09-24 14:21:59"},{"kpi_proccess_id":"1951817762","kpi_header_id":"192756341000","pw":"20.00","pt":3,"real":5,"created_at":"2019-09-18 21:14:55","updated_at":"2019-09-24 14:21:59"},{"kpi_proccess_id":"1951817762","kpi_header_id":"193208440600","pw":"25.00","pt":4,"real":3,"created_at":"2019-09-19 19:04:37","updated_at":"2019-09-19 19:04:37"},{"kpi_proccess_id":"1956602795","kpi_header_id":"191475045901","pw":"50.00","pt":3,"real":1,"created_at":"2019-10-01 00:35:06","updated_at":"2019-10-06 16:44:52"},{"kpi_proccess_id":"1956602795","kpi_header_id":"191525946001","pw":"50.00","pt":3,"real":3,"created_at":"2019-10-01 00:37:26","updated_at":"2019-10-03 22:20:17"},{"kpi_proccess_id":"1956602795","kpi_header_id":"191677646101","pw":"50.00","pt":3,"real":2,"created_at":"2019-10-01 00:38:23","updated_at":"2019-10-03 22:23:00"},{"kpi_proccess_id":"1956602795","kpi_header_id":"193217145900","pw":"20.00","pt":1,"real":1,"created_at":"2019-09-29 20:37:04","updated_at":"2019-09-29 20:40:17"},{"kpi_proccess_id":"1956602795","kpi_header_id":"193762445900","pw":"20.00","pt":1,"real":1,"created_at":"2019-09-29 20:37:04","updated_at":"2019-09-29 20:40:17"},{"kpi_proccess_id":"1956602795","kpi_header_id":"195794746100","pw":"20.00","pt":1,"real":1,"created_at":"2019-09-29 20:37:04","updated_at":"2019-09-29 20:40:18"}]