[{"user_id":"1950300028","type":"create","ip":"::1","message":"Test Log heeh","created_at":"2019-10-09 23:30:57"},{"user_id":"1950300028","type":"create","ip":"::1","message":"Test Log heeh","created_at":"2019-10-09 23:31:11"},{"user_id":"1950300028","type":"create","ip":"::1","message":"Test Log heeh","created_at":"2019-10-10 20:20:20"},{"user_id":"1950300028","type":"create","ip":"::1","message":"Test Log heeh","created_at":"2019-10-10 20:20:22"},{"user_id":"1950300028","type":"create","ip":"::1","message":"Test Log heeh","created_at":"2019-10-10 20:20:24"},{"user_id":"1950300028","type":"create","ip":"::1","message":"Test Log heeh","created_at":"2019-10-10 20:20:27"},{"user_id":"1950300028","type":"create","ip":"::1","message":"Test Log heeh","created_at":"2019-10-10 20:20:29"},{"user_id":"1950300028","type":"create","ip":"::1","message":"Test Log heeh","created_at":"2019-10-10 20:20:31"},{"user_id":"1950300028","type":"create","ip":"::1","message":"Test Log heeh","created_at":"2019-10-10 20:20:33"},{"user_id":"1950300028","type":"login","ip":"::1","message":" Sudah melakukan login","created_at":"2019-10-11 18:57:32"},{"user_id":"1934031051","type":"login","ip":"::1","message":" Sudah melakukan login","created_at":"2019-10-11 18:57:54"},{"user_id":"1950300028","type":"login","ip":"::1","message":"Zhang Heng Xiang Sudah melakukan login","created_at":"2019-10-11 19:01:19"},{"user_id":"1950300028","type":"logout","ip":"::1","message":"Zhang Heng Xiang Sudah melakukan logout","created_at":"2019-10-11 19:04:34"},{"user_id":"1950300028","type":"login","ip":"::1","message":"Zhang Heng Xiang Sudah melakukan login","created_at":"2019-10-11 19:05:40"},{"user_id":"1950300028","type":"logout","ip":"::1","message":"Zhang Heng Xiang Sudah melakukan logout","created_at":"2019-10-11 19:06:26"},{"user_id":"1950300028","type":"login","ip":"::1","message":"Zhang Heng Xiang Sudah melakukan login","created_at":"2019-10-11 19:06:37"},{"user_id":"1935871055","type":"login","ip":"::1","message":"Asep Zhang Sudah melakukan login","created_at":"2019-10-11 19:32:25"},{"user_id":"1935871055","type":"logout","ip":"::1","message":"Asep Zhang Sudah melakukan logout","created_at":"2019-10-11 19:33:09"},{"user_id":"1935871055","type":"login","ip":"::1","message":"Asep Zhang Sudah melakukan login","created_at":"2019-10-11 19:46:27"},{"user_id":"1935871055","type":"logout","ip":"::1","message":"Asep Zhang Sudah melakukan logout","created_at":"2019-10-11 19:48:17"},{"user_id":"1936858059","type":"login","ip":"::1","message":"Zhang Eng Ting Sudah melakukan login","created_at":"2019-10-11 19:49:38"},{"user_id":"1907369060","type":"logout","ip":"::1","message":"Darma Nusa Alting Sudah melakukan logout","created_at":"2019-10-11 19:51:46"},{"user_id":"1950300028","type":"login","ip":"::1","message":"Zhang Heng Xiang Sudah melakukan login","created_at":"2019-10-11 19:52:19"},{"user_id":"1936858059","type":"logout","ip":"::1","message":"Zhang Eng Ting Sudah melakukan logout","created_at":"2019-10-11 19:57:12"},{"user_id":"1950300028","type":"login","ip":"::1","message":"Zhang Heng Xiang Sudah melakukan login","created_at":"2019-10-11 19:57:24"},{"user_id":"1950300028","type":"update","ip":"::1","message":"Zhang Heng Xiang Telah melakukan perubahan kepada PMS-nya sendiri ","created_at":"2019-10-11 20:06:09"},{"user_id":"1950300028","type":"update","ip":"::1","message":"Zhang Heng Xiang Telah melakukan perubahan kepada PMS-nya sendiri ","created_at":"2019-10-11 20:08:20"},{"user_id":"1950300028","type":"update","ip":"::1","message":"Zhang Heng Xiang Telah melakukan perubahan kepada PMS-nya sendiri ","created_at":"2019-10-11 20:09:05"},{"user_id":"1950300028","type":"update","ip":"::1","message":"Zhang Heng Xiang Telah melakukan perubahan kepada PMS dari Li Guang","created_at":"2019-10-11 20:09:53"},{"user_id":"1950300028","type":"update","ip":"::1","message":"Zhang Heng Xiang Telah melakukan perubahan kepada PMS dari Li Guang","created_at":"2019-10-11 20:12:50"},{"user_id":"1950300028","type":"update","ip":"::1","message":"Zhang Heng Xiang Telah melakukan perubahan kepada PMS dari Li Guang","created_at":"2019-10-11 20:14:18"},{"user_id":"1950300028","type":"update","ip":"::1","message":"Zhang Heng Xiang Telah melakukan perubahan kepada PMS dari Suherman","created_at":"2019-10-11 20:15:18"},{"user_id":"1950300028","type":"logout","ip":"::1","message":"Zhang Heng Xiang Sudah melakukan logout","created_at":"2019-10-11 20:15:29"},{"user_id":"1935871055","type":"login","ip":"::1","message":"Asep Zhang Sudah melakukan login","created_at":"2019-10-11 20:17:44"},{"user_id":"1935871055","type":"update","ip":"::1","message":"Asep Zhang telah melakukan perubahan terhadap group PMS \"Operator Rotary Kiln Group 1\"","created_at":"2019-10-11 20:23:32"},{"user_id":"1950300028","type":"login","ip":"::1","message":"Zhang Heng Xiang Sudah melakukan login","created_at":"2019-10-11 20:25:12"},{"user_id":"1950300028","type":"logout","ip":"::1","message":"Zhang Heng Xiang Sudah melakukan logout","created_at":"2019-10-11 20:25:22"},{"user_id":"1934031051","type":"update","ip":"::1","message":"Meily E. Karundeng Telah melakukan perubahan kepada PMS dari Zhang Heng Xiang","created_at":"2019-10-11 20:25:56"},{"user_id":"1935871055","type":"logout","ip":"::1","message":"Asep Zhang Sudah melakukan logout","created_at":"2019-10-11 20:27:47"},{"user_id":"1950300028","type":"login","ip":"::1","message":"Zhang Heng Xiang Sudah melakukan login","created_at":"2019-10-11 20:34:06"},{"user_id":"1950300028","type":"update","ip":"::1","message":"Zhang Heng Xiang Telah melakukan pengesahan untuk PMS-nya sendiri  untuk period September 2019","created_at":"2019-10-11 20:35:52"},{"user_id":"1950300028","type":"update","ip":"::1","message":"Zhang Heng Xiang Telah melakukan pengesahan untuk PMS-nya sendiri  untuk period August 2019","created_at":"2019-10-11 20:44:22"},{"user_id":"1935871055","type":"login","ip":"::1","message":"Asep Zhang Sudah melakukan login","created_at":"2019-10-11 20:44:38"},{"user_id":"1935871055","type":"update","ip":"::1","message":"Asep Zhang Telah melakukan pengesahan untuk  untuk period ","created_at":"2019-10-11 20:45:07"},{"user_id":"1935871055","type":"update","ip":"::1","message":"Asep Zhang Telah melakukan pengesahan untuk PMS Group untuk Operator Rotary Kiln Group 1 untuk period October 2019","created_at":"2019-10-11 20:46:05"},{"user_id":"1935871055","type":"logout","ip":"::1","message":"Asep Zhang Sudah melakukan logout","created_at":"2019-10-11 20:47:22"},{"user_id":"1950300028","type":"login","ip":"::1","message":"Zhang Heng Xiang Sudah melakukan login","created_at":"2019-10-11 22:40:24"},{"user_id":"1934031051","type":"endorse","ip":"::1","message":" telah meminta perubahan status pengesahan untuk Zhang Heng Xiang","created_at":"2019-10-11 22:55:07"},{"user_id":"1936858059","type":"login","ip":"::1","message":"Zhang Eng Ting Sudah melakukan login","created_at":"2019-10-11 22:56:44"},{"user_id":"1936858059","type":"endorse","ip":"::1","message":"Perubahan status pengesahan untuk Zhang Heng Xiang periode 2019-10-16 sudah disetujui","created_at":"2019-10-11 22:57:07"},{"user_id":"1936858059","type":"logout","ip":"::1","message":"Zhang Eng Ting Sudah melakukan logout","created_at":"2019-10-11 23:04:03"},{"user_id":"1950300028","type":"logout","ip":"::1","message":"Zhang Heng Xiang Sudah melakukan logout","created_at":"2019-10-11 23:07:43"},{"user_id":"1950300028","type":"login","ip":"192.168.100.12","message":"Zhang Heng Xiang Sudah melakukan login","created_at":"2019-10-11 23:07:56"},{"user_id":"1950300028","type":"logout","ip":"192.168.100.12","message":"Zhang Heng Xiang Sudah melakukan logout","created_at":"2019-10-11 23:08:47"},{"user_id":"1935871055","type":"login","ip":"::1","message":"Asep Zhang Sudah melakukan login","created_at":"2019-10-11 23:11:34"},{"user_id":"1935871055","type":"login","ip":"::1","message":"Asep Zhang Sudah melakukan login","created_at":"2019-10-11 23:16:25"},{"user_id":"1935871055","type":"logout","ip":"::1","message":"Asep Zhang Sudah melakukan logout","created_at":"2019-10-11 23:30:30"},{"user_id":"1950300028","type":"login","ip":"::1","message":"Zhang Heng Xiang Sudah melakukan login","created_at":"2019-10-11 23:30:44"},{"user_id":"1935871055","type":"login","ip":"::1","message":"Asep Zhang Sudah melakukan login","created_at":"2019-10-11 23:32:26"},{"user_id":"1935871055","type":"logout","ip":"::1","message":"Asep Zhang Sudah melakukan logout","created_at":"2019-10-11 23:38:06"},{"user_id":"1950300028","type":"logout","ip":"::1","message":"Zhang Heng Xiang Sudah melakukan logout","created_at":"2019-10-11 23:38:18"},{"user_id":"1950300028","type":"login","ip":"::1","message":"Zhang Heng Xiang Sudah melakukan login","created_at":"2019-10-11 23:38:26"},{"user_id":"1938968028","type":"login","ip":"::1","message":"Cao Cao Sudah melakukan login","created_at":"2019-10-12 00:27:06"},{"user_id":"1938968028","type":"logout","ip":"::1","message":"Cao Cao Sudah melakukan logout","created_at":"2019-10-12 00:27:32"},{"user_id":"1950300028","type":"logout","ip":"::1","message":"Zhang Heng Xiang Sudah melakukan logout","created_at":"2019-10-12 00:27:37"},{"user_id":"1950300028","type":"login","ip":"::1","message":"Zhang Heng Xiang Sudah melakukan login","created_at":"2019-10-12 00:27:47"},{"user_id":"1950300028","type":"login","ip":"::1","message":"Zhang Heng Xiang Sudah melakukan login","created_at":"2019-10-12 00:53:53"},{"user_id":"1934031051","type":"update","ip":"::1","message":"Meily E. Karundeng telah menggungah berkas PMS Perusahaan yang baru","created_at":"2019-10-12 16:44:36"},{"user_id":"1934031051","type":"update","ip":"::1","message":"Meily E. Karundeng Telah melakukan perubahan kepada PMS dari Zhang Heng Xiang","created_at":"2019-10-12 16:48:40"},{"user_id":"1934031051","type":"update","ip":"::1","message":"Meily E. Karundeng Telah melakukan perubahan kepada PMS dari Zhang Heng Xiang","created_at":"2019-10-12 16:48:54"},{"user_id":"1934031051","type":"update","ip":"::1","message":"Meily E. Karundeng Telah melakukan perubahan kepada PMS dari Zhang Heng Xiang","created_at":"2019-10-12 16:49:21"},{"user_id":"1934031051","type":"update","ip":"::1","message":"Meily E. Karundeng Telah melakukan perubahan kepada PMS dari Zhang Heng Xiang","created_at":"2019-10-12 16:51:59"},{"user_id":"1934031051","type":"update","ip":"::1","message":"Meily E. Karundeng Telah melakukan perubahan kepada PMS dari Zhang Heng Xiang","created_at":"2019-10-12 16:52:59"},{"user_id":"1934031051","type":"update","ip":"::1","message":"Meily E. Karundeng Telah melakukan perubahan kepada PMS dari Zhang Heng Xiang","created_at":"2019-10-12 17:02:29"},{"user_id":"1908157082","type":"login","ip":"::1","message":"Li Delu Sudah melakukan login","created_at":"2019-10-12 17:08:12"},{"user_id":"1908157082","type":"update","ip":"::1","message":"Li Delu telah melakukan perubahan terhadap group PMS \"Ketua Group pada Area RD & CMP\"","created_at":"2019-10-12 17:10:41"},{"user_id":"1908157082","type":"update","ip":"::1","message":"Li Delu telah melakukan perubahan terhadap group PMS \"Ketua Group pada Area RD & CMP\"","created_at":"2019-10-12 17:11:15"},{"user_id":"1950300028","type":"login","ip":"::1","message":"Zhang Heng Xiang Sudah melakukan login","created_at":"2019-10-12 17:12:09"},{"user_id":"1934031051","type":"logout","ip":"::1","message":"Meily E. Karundeng Sudah melakukan logout","created_at":"2019-10-13 00:20:45"},{"user_id":"1934031051","type":"login","ip":"::1","message":"Meily E. Karundeng Sudah melakukan login","created_at":"2019-10-13 00:21:40"},{"user_id":"1950300028","type":"login","ip":"::1","message":"Zhang Heng Xiang Sudah melakukan login","created_at":"2019-10-13 00:42:16"},{"user_id":"1934031051","type":"update","ip":"::1","message":"Meily E. Karundeng Telah melakukan perubahan kepada PMS dari Zhang Heng Xiang","created_at":"2019-10-13 01:22:52"},{"user_id":"1934031051","type":"update","ip":"::1","message":"Meily Enggi Karundeng telah menggungah berkas PMS Perusahaan yang baru","created_at":"2019-10-14 23:53:38"},{"user_id":"1950300028","type":"logout","ip":"::1","message":"Zhang Heng Xiang Sudah melakukan logout","created_at":"2019-10-15 01:08:41"},{"user_id":"1950300028","type":"login","ip":"::1","message":"Zhang Heng Xiang Sudah melakukan login","created_at":"2019-10-15 20:15:23"},{"user_id":"1950300028","type":"logout","ip":"::1","message":"Zhang Heng Xiang Sudah melakukan logout","created_at":"2019-10-15 20:15:42"},{"user_id":"1934031051","type":"logout","ip":"::1","message":"Meily Enggi Karundeng Sudah melakukan logout","created_at":"2019-10-15 20:18:54"},{"user_id":"1934031051","type":"login","ip":"::1","message":"Meily Enggi Karundeng Sudah melakukan login","created_at":"2019-10-15 22:54:25"},{"user_id":"1934031051","type":"logout","ip":"::1","message":"Meily Enggi Karundeng Sudah melakukan logout","created_at":"2019-10-15 22:54:49"},{"user_id":"1934031051","type":"login","ip":"::1","message":"Meily Enggi Karundeng Sudah melakukan login","created_at":"2019-10-15 23:03:58"},{"user_id":"1950300028","type":"login","ip":"::1","message":"Zhang Heng Xiang Sudah melakukan login","created_at":"2019-10-15 23:08:04"},{"user_id":"1950300028","type":"login","ip":"::1","message":"Zhang Heng Xiang Sudah melakukan login","created_at":"2019-10-15 23:09:39"},{"user_id":"1950300028","type":"logout","ip":"::1","message":"Zhang Heng Xiang Sudah melakukan logout","created_at":"2019-10-15 23:16:49"},{"user_id":"1950300028","type":"login","ip":"::1","message":"Zhang Heng Xiang Sudah melakukan login","created_at":"2019-10-15 23:17:20"},{"user_id":"1950300028","type":"login","ip":"::1","message":"Zhang Heng Xiang Sudah melakukan login","created_at":"2019-10-15 23:17:54"},{"user_id":"1950300028","type":"logout","ip":"::1","message":"Zhang Heng Xiang Sudah melakukan logout","created_at":"2019-10-15 23:18:06"},{"user_id":"1950300028","type":"login","ip":"::1","message":"Zhang Heng Xiang Sudah melakukan login","created_at":"2019-10-15 23:22:10"},{"user_id":"1950300028","type":"logout","ip":"::1","message":"Zhang Heng Xiang Sudah melakukan logout","created_at":"2019-10-15 23:53:36"},{"user_id":"1934031051","type":"login","ip":"::1","message":"Meily Enggi Karundeng Sudah melakukan login","created_at":"2019-10-15 23:53:45"},{"user_id":"1950300028","type":"login","ip":"::1","message":"Zhang Heng Xiang Sudah melakukan login","created_at":"2019-10-16 00:13:57"},{"user_id":"1950300028","type":"logout","ip":"::1","message":"Zhang Heng Xiang Sudah melakukan logout","created_at":"2019-10-16 01:04:25"},{"user_id":"1950300028","type":"login","ip":"::1","message":"Zhang Heng Xiang Sudah melakukan login","created_at":"2019-10-16 15:18:15"},{"user_id":"1950300028","type":"login","ip":"::1","message":"Zhang Heng Xiang Sudah melakukan login","created_at":"2019-10-16 19:44:25"},{"user_id":"1934031051","type":"update","ip":"::1","message":"Meily Enggi Karundeng Telah melakukan perubahan kepada PMS dari Zhang Heng Xiang","created_at":"2019-10-16 20:01:42"},{"user_id":"1934031051","type":"update","ip":"::1","message":"Meily Enggi Karundeng Telah melakukan perubahan kepada PMS dari Zhang Heng Xiang","created_at":"2019-10-16 20:09:32"},{"user_id":"1934031051","type":"update","ip":"::1","message":"Meily Enggi Karundeng Telah melakukan perubahan kepada PMS dari Zhang Heng Xiang","created_at":"2019-10-16 20:10:00"},{"user_id":"1950300028","type":"login","ip":"::1","message":"Zhang Heng Xiang Sudah melakukan login","created_at":"2019-10-16 20:13:46"},{"user_id":"1950300028","type":"update","ip":"::1","message":"Zhang Heng Xiang Telah melakukan perubahan kepada PMS dari Suherman","created_at":"2019-10-16 20:14:53"},{"user_id":"1950300028","type":"update","ip":"::1","message":"Zhang Heng Xiang Telah melakukan perubahan kepada PMS dari Suherman","created_at":"2019-10-16 20:16:26"},{"user_id":"1950300028","type":"update","ip":"::1","message":"Zhang Heng Xiang Telah melakukan perubahan kepada PMS dari Suherman","created_at":"2019-10-16 20:16:47"},{"user_id":"1950300028","type":"update","ip":"::1","message":"Zhang Heng Xiang Telah melakukan perubahan kepada PMS dari Suherman","created_at":"2019-10-16 20:39:12"},{"user_id":"1950300028","type":"update","ip":"::1","message":"Zhang Heng Xiang Telah melakukan perubahan kepada PMS dari Suherman","created_at":"2019-10-16 20:43:16"},{"user_id":"1950300028","type":"update","ip":"::1","message":"Zhang Heng Xiang Telah melakukan perubahan kepada PMS dari Suherman","created_at":"2019-10-16 20:44:58"},{"user_id":"1950300028","type":"update","ip":"::1","message":"Zhang Heng Xiang Telah melakukan perubahan kepada PMS dari Suherman","created_at":"2019-10-16 20:45:37"},{"user_id":"1950300028","type":"update","ip":"::1","message":"Zhang Heng Xiang Telah melakukan perubahan kepada PMS-nya sendiri ","created_at":"2019-10-16 20:51:55"},{"user_id":"1950300028","type":"update","ip":"::1","message":"Zhang Heng Xiang Telah melakukan perubahan kepada PMS-nya sendiri ","created_at":"2019-10-16 20:54:16"}]