[{"id":"190143130171","name":"\u8d44\u91d1\u9884\u7b97\u4e0e\u5b9e\u9645\u60c5\u51b5\u7684\u5dee\u5f02Variance Between Budget vs Realization","unit":"%","created_at":"2019-09-05 20:48:01","updated_at":"2019-09-05 20:48:01"},{"id":"190144134735","name":"\u4eba\u5458\u62db\u8058\u53ca\u57f9\u8badPerekrutan & PelatihanTenaga Kerja","unit":"#","created_at":"2019-09-15 17:34:01","updated_at":"2019-09-15 17:34:01"},{"id":"190218230188","name":"\u51b6\u70bc\u5382\u4ea7\u91cf\u3001\u54c1\u4f4dVolume Produksi dan Kadar Smelter plant","unit":"MT","created_at":"2019-09-05 20:48:02","updated_at":"2019-09-05 20:48:02"},{"id":"190226231054","name":"\u5065\u5eb7\u3001\u5b89\u5168\u4e0e\u73af\u4fdd\u548c\u73af\u5883\u7ef4\u62a4 HSE","unit":"%","created_at":"2019-09-08 21:30:02","updated_at":"2019-09-08 21:30:02"},{"id":"190265030148","name":"\u51b6\u70bc\u5382\u9879\u76ee\u5efa\u8bbeSmelter plant project construction","unit":"%","created_at":"2019-09-05 20:48:02","updated_at":"2019-09-05 20:48:02"},{"id":"190432331531","name":"test 123","unit":"%","created_at":"2019-09-05 12:25:04","updated_at":"2019-09-05 12:25:04"},{"id":"190785931531","name":"\u4f01\u4e1a\u6cd5\u5f8b\u4fdd\u62a4 Corporate Legal Protectiveness","unit":"%","created_at":"2019-09-08 21:14:07","updated_at":"2019-09-16 20:56:20"},{"id":"190814432911","name":"\u4eba\u5458\u62db\u8058\u53ca\u57f9\u8badPerekrutan & PelatihanTenaga Kerja","unit":"#","created_at":"2019-09-15 17:09:08","updated_at":"2019-09-15 17:09:08"},{"id":"190820832820","name":"\u6536\u5165 Revenue","unit":"$","created_at":"2019-09-05 21:02:08","updated_at":"2019-09-05 21:02:08"},{"id":"190837732954","name":"\u7ee9\u6548\u7ba1\u7406\u4f53\u7cfb\u7684\u6709\u6548\u6027Performance Management System Effectivenes","unit":"%","created_at":"2019-09-15 17:06:22","updated_at":"2019-09-15 17:06:22"},{"id":"190842432822","name":"\u9879\u76ee\u5efa\u8bbeproject construction","unit":"%","created_at":"2019-09-05 21:02:08","updated_at":"2019-09-05 21:02:08"},{"id":"190939532894","name":"\u539f\u8f85\u6599\u3001\u6750\u6599\u3001\u8bbe\u5907\u91c7\u8d2d\u8d28\u91cf\u3001\u6570\u91cfKualitas dan volume bahan baku, material dan peralatan yang dibeli","unit":"$","created_at":"2019-09-05 21:02:09","updated_at":"2019-09-05 21:02:09"},{"id":"190958032811","name":"\u539f\u8f85\u6599\u3001\u6750\u6599\u3001\u8bbe\u5907\u91c7\u8d2d\u5230\u8d27\u53ca\u65f6\u6027Ketepatan waktu bahan baku, material dan peralatan tiba di lapangan","unit":"%","created_at":"2019-09-05 21:02:09","updated_at":"2019-09-05 21:02:09"},{"id":"190959232954","name":"\u6574\u4f53\u9879\u76ee\u5efa\u8bbeOverall Project Construction","unit":"%","created_at":"2019-09-15 17:09:09","updated_at":"2019-09-15 17:09:09"},{"id":"190965232997","name":"\u5065\u5eb7\u5b89\u5168\u4e0e\u73af\u4fdd\u548c\u73af\u5883\u7ef4\u62a4 HSE dan Pemeliharaan Lingkupan Hidup","unit":"%","created_at":"2019-09-15 17:09:09","updated_at":"2019-09-15 17:56:14"},{"id":"190970230889","name":"\u9879\u76ee\u5efa\u8bbeproject construction","unit":"%","created_at":"2019-09-05 20:54:09","updated_at":"2019-09-05 20:54:09"},{"id":"190978132959","name":"\u793e\u533a\u53d1\u5c55Pengembangan dan Pemberdayaan Masyarakat (PPM)","unit":"%","created_at":"2019-09-15 17:09:09","updated_at":"2019-09-15 17:09:09"},{"id":"190985032819","name":"\u751f\u4ea7\u534f\u8c03\u914d\u5408Kerja Sama dalam Koordinasi Produksi","unit":"%","created_at":"2019-09-05 21:02:09","updated_at":"2019-09-05 21:02:09"},{"id":"191000432932","name":"\u653f\u5e9c\u548c\u5bf9\u5916\u5173\u7cfb\u6307\u6570Government & Public Relation Index","unit":"\u89c4\u6a21Scale","created_at":"2019-09-15 17:09:10","updated_at":"2019-09-15 17:09:10"},{"id":"191014832838","name":"\u5e93\u5b58\u7ba1\u7406Manajemen Gudang","unit":"%","created_at":"2019-09-05 21:02:10","updated_at":"2019-09-05 21:02:10"},{"id":"191031530878","name":"\u751f\u4ea7\u51c6\u5907\u548c\u8c03\u8bd5 Persiapan produksi dan uji coba (commissioning) ","unit":"$","created_at":"2019-09-05 20:54:10","updated_at":"2019-09-05 20:54:10"},{"id":"191038430818","name":"\u51fa\u77ff\u91cfTonase Produksi Ore","unit":"WMT","created_at":"2019-09-05 20:54:10","updated_at":"2019-09-05 20:54:10"},{"id":"191047730214","name":"\u6295\u8d44\u670d\u52a1\u4fbf\u5229\uff08\u7a0e\u6536\u4f18\u60e0/\u51cf\u514d\u7a0e\uff09 Investment facilities (TA/TH)","unit":"%","created_at":"2019-09-16 22:23:11","updated_at":"2019-09-16 22:23:11"},{"id":"191075130892","name":"\u954d\u94c1\u4ea7\u91cfTonase Produksi FeNi","unit":"MT","created_at":"2019-09-05 20:54:10","updated_at":"2019-09-05 20:54:10"},{"id":"191083032993","name":"\u5de5\u4f5c\u534f\u8c03\u914d\u5408Kerja sama dalam Koordinasi Pekerjaan","unit":"%","created_at":"2019-09-15 17:09:10","updated_at":"2019-09-15 17:56:14"},{"id":"191085932873","name":"\u7269\u6599\u7ba1\u7406Manajemen Logistik","unit":"%","created_at":"2019-09-05 21:02:10","updated_at":"2019-09-05 21:02:10"},{"id":"191112930861","name":"\u5b89\u5168\u4e8b\u6545Kecelakaan Kerja ","unit":"#","created_at":"2019-09-05 20:54:11","updated_at":"2019-09-05 20:54:11"},{"id":"191147034749","name":"\u4eba\u5458\u62db\u8058\u53ca\u57f9\u8badPerekrutan & PelatihanTenaga Kerja","unit":"#","created_at":"2019-09-15 21:18:11","updated_at":"2019-09-15 21:18:11"},{"id":"191182130858","name":"\u751f\u4ea7\u534f\u8c03\u914d\u5408Kerja sama dalam Koordinasi Produksi ","unit":"%","created_at":"2019-09-05 20:54:11","updated_at":"2019-09-05 20:54:11"},{"id":"191192730884","name":"\u73af\u4fdd\u4e8b\u6545Pencemaran Lingkungan ","unit":"#","created_at":"2019-09-05 20:54:11","updated_at":"2019-09-05 20:54:11"},{"id":"191348031559","name":"\u8d44\u91d1\u7ba1\u7406\u53ca\u7a0e\u6536\u4f18\u60e0Fund Management & Preferential Tax","unit":"%","created_at":"2019-09-05 19:58:13","updated_at":"2019-09-05 20:03:15"},{"id":"191453630277","name":"\u5065\u5eb7\u3001\u5b89\u5168\u4e0e\u73af\u4fdd\u548c\u73af\u5883\u7ef4\u62a4 HSE dan pemeliharaan lingkungan hidup","unit":"%","created_at":"2019-09-16 22:09:14","updated_at":"2019-09-16 22:09:14"},{"id":"191896731585","name":"\u793e\u533a\u53d1\u5c55Pengembangan dan Pemberdayaan Masyarakat (PPM)","unit":"%","created_at":"2019-09-05 19:55:18","updated_at":"2019-09-05 19:55:18"},{"id":"191972132914","name":"\u4eba\u5458\u62db\u8058\u53ca\u57f9\u8badPerekrutan & PelatihanTenaga Kerja","unit":"#","created_at":"2019-09-15 21:10:19","updated_at":"2019-09-15 21:10:19"},{"id":"192008432982","name":"\u5065\u5eb7\u5b89\u5168\u4e0e\u73af\u4fdd\u548c\u73af\u5883\u7ef4\u62a4 HSE dan Pemeliharaan Lingkupan Hidup ","unit":"%","created_at":"2019-09-15 21:10:20","updated_at":"2019-09-15 21:10:20"},{"id":"192025232552","name":"\u7ee9\u6548\u7ba1\u7406\u4f53\u7cfb\u7684\u6709\u6548\u6027Performance Management System Effectivenes","unit":"%","created_at":"2019-08-23 14:43:20","updated_at":"2019-09-05 20:15:28"},{"id":"192085132532","name":"dasdsada","unit":"%","created_at":"2019-08-23 14:43:20","updated_at":"2019-09-05 17:39:48"},{"id":"192097032963","name":"\u5de5\u4f5c\u534f\u8c03\u914d\u5408Kerja sama dalam Koordinasi Pekerjaan ","unit":"%","created_at":"2019-09-15 21:10:20","updated_at":"2019-09-15 21:10:20"},{"id":"192211634715","name":"Pelatihan tenaga Kerja","unit":"%","created_at":"2019-09-15 17:16:22","updated_at":"2019-09-15 21:18:11"},{"id":"192215334775","name":"\u4eba\u5458\u62db\u8058\u53ca\u57f9\u8badPerekrutan & PelatihanTenaga Kerja","unit":"#","created_at":"2019-09-15 17:19:22","updated_at":"2019-09-15 17:19:22"},{"id":"192267234798","name":"\u4eba\u5458\u62db\u8058\u53ca\u57f9\u8badPerekrutan & PelatihanTenaga Kerja","unit":"#","created_at":"2019-09-15 17:16:22","updated_at":"2019-09-15 17:16:22"},{"id":"192308934738","name":"Hubungan Industrial","unit":"\u89c4\u6a21Scale","created_at":"2019-09-15 17:16:23","updated_at":"2019-09-15 17:16:23"},{"id":"192379634742","name":"\u793e\u533a\u53d1\u5c55Pengembangan dan Pemberdayaan Masyarakat (PPM)","unit":"%","created_at":"2019-09-15 17:16:23","updated_at":"2019-09-15 17:16:23"},{"id":"192530230050","name":"2","unit":"%","created_at":"2019-08-06 22:01:25","updated_at":"2019-08-06 22:01:25"},{"id":"192535030626","name":"\u6574\u4f53\u9879\u76ee\u5efa\u8bbeOverall Project Construction","unit":"%","created_at":"2019-09-05 20:24:25","updated_at":"2019-09-05 20:24:25"},{"id":"192569030072","name":"0","unit":"%","created_at":"2019-08-06 22:01:25","updated_at":"2019-08-06 22:01:25"},{"id":"192573730082","name":"1","unit":"%","created_at":"2019-08-06 22:01:25","updated_at":"2019-08-06 22:01:25"},{"id":"192598230678","name":"\u6536\u5165 Revenue","unit":"$","created_at":"2019-09-05 20:24:25","updated_at":"2019-09-05 20:24:25"},{"id":"192598331532","name":"\u8d44\u91d1\u7ba1\u7406\u53ca\u7a0e\u6536\u4f18\u60e0Fund Management & Preferential Tax","unit":"%","created_at":"2019-09-16 20:52:25","updated_at":"2019-09-16 20:52:25"},{"id":"192609130932","name":"\u4f01\u4e1a\u6cd5\u5f8b\u4fdd\u62a4 Corporate Legal Protectiveness","unit":"#","created_at":"2019-08-06 22:01:26","updated_at":"2019-08-06 22:01:26"},{"id":"192610431580","name":"\u5229\u6da6Profit","unit":"$","created_at":"2019-08-06 22:01:26","updated_at":"2019-09-04 21:33:50"},{"id":"192613331557","name":"\u7ee9\u6548\u7ba1\u7406\u4f53\u7cfb\u7684\u6709\u6548\u6027Performance Management System Effectivenes","unit":"%","created_at":"2019-08-06 22:01:26","updated_at":"2019-09-05 19:58:12"},{"id":"192617230639","name":"\u5408\u540c\u7ba1\u7406\u53ca\u6587\u4ef6\u5f52\u6863Pengelolaan Kontrak dan Arsip Dokumen ","unit":"%","created_at":"2019-09-05 20:24:26","updated_at":"2019-09-05 20:24:26"},{"id":"192618230937","name":"\u8d44\u91d1\u7ba1\u7406\u53ca\u7a0e\u6536\u4f18\u60e0Fund Management & Preferential Tax","unit":"%","created_at":"2019-08-06 22:01:26","updated_at":"2019-09-18 21:29:30"},{"id":"192621330098","name":"6","unit":"%","created_at":"2019-08-06 22:01:26","updated_at":"2019-08-06 22:01:26"},{"id":"192622134778","name":"\u4eba\u5458\u62db\u8058\u53ca\u57f9\u8badPerekrutan & PelatihanTenaga Kerja","unit":"#","created_at":"2019-09-15 17:34:26","updated_at":"2019-09-15 17:34:26"},{"id":"192627431517","name":"\u4f01\u4e1a\u6cd5\u5f8b\u4fdd\u62a4 Corporate Legal Protectiveness","unit":"%","created_at":"2019-08-06 22:01:26","updated_at":"2019-09-16 20:57:34"},{"id":"192630130989","name":"\u6536\u5165 Revenue","unit":"$","created_at":"2019-08-06 22:01:26","updated_at":"2019-09-18 21:29:30"},{"id":"192633331515","name":"\u6536\u5165 Revenue","unit":"$","created_at":"2019-08-06 22:01:26","updated_at":"2019-09-05 20:03:15"},{"id":"192633930612","name":"\u5229\u6da6Profit","unit":"$","created_at":"2019-09-05 20:24:26","updated_at":"2019-09-05 20:24:26"},{"id":"192635531567","name":"\u6536\u5165\u00a0Revenue","unit":"$","created_at":"2019-08-06 22:01:26","updated_at":"2019-08-21 15:46:04"},{"id":"192644731524","name":"\u6574\u4f53\u9879\u76ee\u5efa\u8bbeOverall Project Construction","unit":"%","created_at":"2019-08-06 22:01:26","updated_at":"2019-09-05 20:03:15"},{"id":"192650131580","name":"\u5065\u5eb7\u3001\u5b89\u5168\u4e0e\u73af\u4fdd\u548c\u73af\u5883\u7ef4\u62a4 HSE dan pemeliharaan lingkungan hidup","unit":"%","created_at":"2019-08-06 22:01:26","updated_at":"2019-09-05 20:03:15"},{"id":"192656930019","name":"3","unit":"MT","created_at":"2019-08-06 22:01:26","updated_at":"2019-08-06 22:01:26"},{"id":"192661230025","name":"5","unit":"%","created_at":"2019-08-06 22:01:26","updated_at":"2019-08-06 22:01:26"},{"id":"192666830025","name":"7","unit":"%","created_at":"2019-08-06 22:01:26","updated_at":"2019-08-06 22:01:26"},{"id":"192689231572","name":"\u8d44\u91d1\u7ba1\u7406\u53ca\u7a0e\u6536\u4f18\u60e0Fund Management & Preferential Tax","unit":"%","created_at":"2019-08-06 22:01:26","updated_at":"2019-09-16 21:04:51"},{"id":"192690030022","name":"4","unit":"%","created_at":"2019-08-06 22:01:26","updated_at":"2019-08-06 22:01:26"},{"id":"192690630698","name":"\u7efc\u5408\u4fdd\u969c\u670d\u52a1General Service Support","unit":"\u89c4\u6a21Scale","created_at":"2019-09-05 20:24:26","updated_at":"2019-09-05 20:24:26"},{"id":"192706531086","name":"\u751f\u4ea7\u51c6\u5907\u548c\u8c03\u8bd5 Persiapan produksi dan uji coba (commissioning)","unit":"%","created_at":"2019-08-06 22:01:27","updated_at":"2019-09-05 20:09:30"},{"id":"192712330145","name":"\u751f\u4ea7\u51c6\u5907\u548c\u8c03\u8bd5 Persiapan produksi dan uji coba (commissioning)","unit":"%","created_at":"2019-08-06 22:01:27","updated_at":"2019-09-05 20:48:01"},{"id":"192720530982","name":"\u5065\u5eb7\u3001\u5b89\u5168\u4e0e\u73af\u4fdd\u548c\u73af\u5883\u7ef4\u62a4 HSE dan pemeliharaan lingkungan hidup","unit":"%","created_at":"2019-08-06 22:01:27","updated_at":"2019-09-18 21:29:30"},{"id":"192722131078","name":"\u5065\u5eb7\u3001\u5b89\u5168\u4e0e\u73af\u4fdd\u548c\u73af\u5883\u7ef4\u62a4 HSE","unit":"%","created_at":"2019-08-06 22:01:27","updated_at":"2019-09-08 17:42:57"},{"id":"192723831070","name":"\u91c7\u8d2d\u548c\u7269\u6d41\u7ba1\u7406 Procurement and Logistic management","unit":"%","created_at":"2019-08-06 22:01:27","updated_at":"2019-09-05 20:09:30"},{"id":"192725630142","name":"\u7535\u5382\u5efa\u8bbePower plant construction 123","unit":"%","created_at":"2019-08-06 22:01:27","updated_at":"2019-08-23 15:37:43"},{"id":"192727231087","name":"\u8d44\u91d1\u9884\u7b97\u4e0e\u5b9e\u9645\u60c5\u51b5\u7684\u5dee\u5f02Variance Between Budget vs Realization","unit":"%","created_at":"2019-08-06 22:01:27","updated_at":"2019-08-06 22:01:27"},{"id":"192730730915","name":"\u793e\u533a\u53d1\u5c55Pengembangan dan Pemberdayaan Masyarakat (PPM)","unit":"%","created_at":"2019-08-06 22:01:27","updated_at":"2019-09-18 21:29:30"},{"id":"192730831053","name":"\u751f\u4ea7\u534f\u8c03\u914d\u5408 Kerja sama dalam Koordinasi Produksi","unit":"%","created_at":"2019-08-06 22:01:27","updated_at":"2019-09-05 20:09:30"},{"id":"192736131018","name":"\u51b6\u70bc\u5382\u9879\u76ee\u5efa\u8bbeSmelter plant project construction","unit":"%","created_at":"2019-08-06 22:01:27","updated_at":"2019-08-28 22:44:31"},{"id":"192755431032","name":"\u751f\u4ea7\u652f\u6301\u7ba1\u7406 Production support management preparation","unit":"%","created_at":"2019-08-06 22:01:27","updated_at":"2019-09-05 20:09:30"},{"id":"192763731037","name":"\u6536\u5165 Revenue","unit":"$","created_at":"2019-08-06 22:01:27","updated_at":"2019-09-05 20:09:30"},{"id":"192768930986","name":"\u7ee9\u6548\u7ba1\u7406\u4f53\u7cfb\u7684\u6709\u6548\u6027Performance Management System Effectivenes","unit":"%","created_at":"2019-08-06 22:01:27","updated_at":"2019-09-18 21:29:30"},{"id":"192773630139","name":"\u7535\u5382\u8fd0\u884c\u53ca\u53d1\u7535\u91cfOperasi dan Daya Pembangkit Power Plant","unit":"MV","created_at":"2019-08-06 22:01:27","updated_at":"2019-08-06 22:01:27"},{"id":"192778730978","name":"\u6574\u4f53\u9879\u76ee\u5efa\u8bbeOverall Project Construction","unit":"%","created_at":"2019-08-06 22:01:27","updated_at":"2019-09-18 21:29:30"},{"id":"192789330936","name":"\u5229\u6da6Profit ","unit":"$","created_at":"2019-08-06 22:01:27","updated_at":"2019-09-05 20:01:51"},{"id":"192801730887","name":"\u77ff\u5c71\u8d44\u6e90\u83b7\u53d6Resources Mining yang diperoleh","unit":"%","created_at":"2019-08-06 22:01:28","updated_at":"2019-08-06 22:01:28"},{"id":"192802230889","name":"\u77ff\u77f3\u9500\u552e\u6536\u5165\u3001\u5229\u6da6Revenue & Profit Penjualan ore","unit":"%","created_at":"2019-08-06 22:01:28","updated_at":"2019-08-06 22:01:28"},{"id":"192809630115","name":"\u6280\u672f\u521b\u65b0Inovasi Teknologi","unit":"%","created_at":"2019-08-06 22:01:28","updated_at":"2019-08-06 22:01:28"},{"id":"192811532876","name":"\u5065\u5eb7\u3001\u5b89\u5168\u4e0e\u73af\u4fdd\u548c\u73af\u5883\u7ef4\u62a4 HSE dan pemeliharaan lingkungan hidup","unit":"%","created_at":"2019-08-06 22:01:28","updated_at":"2019-09-05 21:02:08"},{"id":"192813830182","name":"\u5065\u5eb7\u3001\u5b89\u5168\u4e0e\u73af\u4fdd\u548c\u73af\u5883\u7ef4\u62a4 HSE dan pemeliharaan lingkungan hidup","unit":"%","created_at":"2019-08-06 22:01:28","updated_at":"2019-09-05 20:48:01"},{"id":"192817730888","name":"\u5065\u5eb7\u3001\u5b89\u5168\u4e0e\u73af\u4fdd\u548c\u73af\u5883\u7ef4\u62a4\u00a0HSE dan pemeliharaan lingkungan hidup","unit":"%","created_at":"2019-08-06 22:01:28","updated_at":"2019-08-06 22:01:28"},{"id":"192818732821","name":"\u6574\u4f53\u9879\u76ee\u5efa\u8bbeOverall Project Construction","unit":"%","created_at":"2019-08-06 22:01:28","updated_at":"2019-08-06 22:01:28"},{"id":"192832530815","name":"\u4ea7\u91cfVolume Produksi","unit":"WMT","created_at":"2019-08-06 22:01:28","updated_at":"2019-08-06 22:01:28"},{"id":"192838732820","name":"\u540e\u52e4\u4fdd\u969cSupport and Service","unit":"\u89c4\u6a21 Scale","created_at":"2019-08-06 22:01:28","updated_at":"2019-08-06 22:01:28"},{"id":"192844130822","name":"\u751f\u4ea7\u534f\u8c03\u914d\u5408Kerja sama dalam Koordinasi Produksi","unit":"%","created_at":"2019-08-06 22:01:28","updated_at":"2019-08-06 22:01:28"},{"id":"192849532838","name":"\u8d44\u91d1\u9884\u7b97\u4e0e\u5b9e\u9645\u60c5\u51b5\u7684\u5dee\u5f02Variance Between Budget vs Realization","unit":"%","created_at":"2019-08-06 22:01:28","updated_at":"2019-08-06 22:01:28"},{"id":"192859930876","name":"\u77ff\u77f3\u8d28\u91cfKualitas ore","unit":"%","created_at":"2019-08-06 22:01:28","updated_at":"2019-08-06 22:01:28"},{"id":"192863730156","name":"\u539f\u8f85\u6599\u3001\u4ea7\u54c1\u8ba1\u91cf\u3001\u8d28\u91cf\u68c0\u6d4b\u7684\u51c6\u786e\u7387Ketepatan Pengukuran Volume dan Inspeksi Kualitas Raw Material & Produk","unit":"%","created_at":"2019-08-06 22:01:28","updated_at":"2019-08-06 22:01:28"},{"id":"192864032845","name":"\u6295\u8d44\u670d\u52a1\u4fbf\u5229\uff08\u7a0e\u6536\u4f18\u60e0/\u51cf\u514d\u7a0e\uff09\u00a0Investment facilities (TA/TH)","unit":"%","created_at":"2019-08-06 22:01:28","updated_at":"2019-08-06 22:01:28"},{"id":"192889132566","name":"\u4eba\u5458\u62db\u8058\u53ca\u57f9\u8badPerekrutan & PelatihanTenaga Kerja","unit":"#","created_at":"2019-09-05 20:15:28","updated_at":"2019-09-05 20:15:28"},{"id":"192896330169","name":"\u751f\u4ea7\u534f\u8c03\u914d\u5408Kerja sama dalam Koordinasi Produksi","unit":"%","created_at":"2019-08-06 22:01:28","updated_at":"2019-08-06 22:01:28"},{"id":"192906330393","name":"\u7ee9\u6548\u7ba1\u7406\u4f53\u7cfb\u7684\u6709\u6548\u6027Performance Management System Effectivenes","unit":"%","created_at":"2019-08-06 22:01:29","updated_at":"2019-08-06 22:01:29"},{"id":"192910832043","name":"\u8d44\u91d1\u9884\u7b97\u4e0e\u5b9e\u9645\u60c5\u51b5\u7684\u5dee\u5f02Variance Between Budget vs Realization","unit":"%","created_at":"2019-08-06 22:01:29","updated_at":"2019-08-06 22:01:29"},{"id":"192914930345","name":"\u5de5\u4f5c\u534f\u8c03\u914d\u5408\n    Kerja sama dalam Koordinasi Pekerjaan","unit":"%","created_at":"2019-08-06 22:01:29","updated_at":"2019-08-06 22:01:29"},{"id":"192916132551","name":"\u653f\u5e9c\u548c\u5bf9\u5916\u5173\u7cfb\u6307\u6570Government & Public Relation Index","unit":"\u89c4\u6a21 Scale","created_at":"2019-09-05 20:15:29","updated_at":"2019-09-05 20:30:24"},{"id":"192921630332","name":"\u653f\u5e9c\u548c\u5bf9\u5916\u5173\u7cfb\u6307\u6570\n    Government & Public Relation Index","unit":"\u89c4\u6a21\n    Scale","created_at":"2019-08-06 22:01:29","updated_at":"2019-08-06 22:01:29"},{"id":"192925030310","name":"\u4eba\u5458\u62db\u8058\u53ca\u57f9\u8badPerekrutan & PelatihanTenaga Kerja","unit":"#","created_at":"2019-08-06 22:01:29","updated_at":"2019-08-06 22:01:29"},{"id":"192926632019","name":"\u6295\u8d44\u670d\u52a1\u4fbf\u5229\uff08\u7a0e\u6536\u4f18\u60e0/\u51cf\u514d\u7a0e\uff09 \n    Investment facilities (TA/TH)","unit":"%","created_at":"2019-08-06 22:01:29","updated_at":"2019-08-06 22:01:29"},{"id":"192931232011","name":"\u6536\u5165\u00a0Revenue","unit":"$","created_at":"2019-08-06 22:01:29","updated_at":"2019-08-06 22:01:29"},{"id":"192934632515","name":"\u5065\u5eb7\u5b89\u5168\u4e0e\u73af\u4fdd\u548c\u73af\u5883\u7ef4\u62a4 HSE dan Pemeliharaan Lingkupan Hidup","unit":"%","created_at":"2019-09-05 20:15:29","updated_at":"2019-09-05 20:15:29"},{"id":"192938632028","name":"\u5408\u540c\u7ba1\u7406\u53ca\u6587\u4ef6\u5f52\u6863Pengelolaan Kontrak dan Arsip Dokumen","unit":"%\u00a0","created_at":"2019-08-06 22:01:29","updated_at":"2019-08-06 22:01:29"},{"id":"192939834778","name":"\u4eba\u5458\u62db\u8058\u53ca\u57f9\u8badPerekrutan & PelatihanTenaga Kerja","unit":"#","created_at":"2019-09-15 17:54:29","updated_at":"2019-09-15 17:54:29"},{"id":"192947530349","name":"\u793e\u533a\u53d1\u5c55\n    Pengembangan dan Pemberdayaan Masyarakat (PPM)","unit":"%","created_at":"2019-08-06 22:01:29","updated_at":"2019-08-06 22:01:29"},{"id":"192953032014","name":"\u5229\u6da6Profit","unit":"$","created_at":"2019-08-06 22:01:29","updated_at":"2019-08-06 22:01:29"},{"id":"192954330343","name":"\u6574\u4f53\u9879\u76ee\u5efa\u8bbe Overall Project Construction","unit":"%","created_at":"2019-08-06 22:01:29","updated_at":"2019-08-06 22:01:29"},{"id":"192955330349","name":"\u5065\u5eb7\u3001\u5b89\u5168\u4e0e\u73af\u4fdd\u548c\u73af\u5883\u7ef4\u62a4 HSE dan pemeliharaan lingkungan hidup","unit":"%","created_at":"2019-08-06 22:01:29","updated_at":"2019-08-06 22:01:29"},{"id":"192961632526","name":"\u6574\u4f53\u9879\u76ee\u5efa\u8bbeOverall Project Construction","unit":"%","created_at":"2019-09-05 20:15:29","updated_at":"2019-09-05 20:15:29"},{"id":"192970632063","name":"\u8d44\u91d1\u7ba1\u7406\u53ca\u7a0e\u6536\u4f18\u60e0Fund Management & Preferential Tax","unit":"%","created_at":"2019-08-06 22:01:29","updated_at":"2019-08-06 22:01:29"},{"id":"192984731320","name":"\u8d44\u91d1\u9884\u7b97\u4e0e\u5b9e\u9645\u60c5\u51b5\u7684\u5dee\u5f02Variance Between Budget vs Realization","unit":"%","created_at":"2019-08-06 22:01:29","updated_at":"2019-08-06 22:01:29"},{"id":"192987132028","name":"\u7efc\u5408\u4fdd\u969c\u670d\u52a1General Service Support","unit":"\u89c4\u6a21\n    Scale","created_at":"2019-08-06 22:01:29","updated_at":"2019-08-06 22:01:29"},{"id":"192989632011","name":"\u6574\u4f53\u9879\u76ee\u5efa\u8bbeOverall Project Construction","unit":"%","created_at":"2019-08-06 22:01:29","updated_at":"2019-08-06 22:01:29"},{"id":"193009930483","name":"\u9879\u76ee\u5efa\u8bbe project construction","unit":"%","created_at":"2019-08-06 22:01:30","updated_at":"2019-08-06 22:01:30"},{"id":"193014431316","name":"\u539f\u8f85\u6599\u3001\u6750\u6599\u3001\u8bbe\u5907\u91c7\u8d2d\u8d28\u91cf\u3001\u6570\u91cfKualitas dan volume bahan baku, material dan peralatan yang dibeli","unit":"%","created_at":"2019-08-06 22:01:30","updated_at":"2019-08-06 22:01:30"},{"id":"193018230298","name":"\u6574\u4f53\u9879\u76ee\u5efa\u8bbeOverall Project Construction","unit":"$","created_at":"2019-09-08 21:00:30","updated_at":"2019-09-16 22:36:52"},{"id":"193024332511","name":"\u5de5\u4f5c\u534f\u8c03\u914d\u5408Kerja sama dalam Koordinasi Pekerjaan","unit":"%","created_at":"2019-09-05 20:15:30","updated_at":"2019-09-05 20:30:24"},{"id":"193028530436","name":"\u751f\u4ea7\u51c6\u5907\u548c\u8c03\u8bd5 Persiapan produksi dan uji coba (commissioning)","unit":"%","created_at":"2019-08-06 22:01:30","updated_at":"2019-08-06 22:01:30"},{"id":"193037730487","name":"\u954d\u94c1\u4ea7\u91cf Tonase Produksi FeNi","unit":"MT","created_at":"2019-08-06 22:01:30","updated_at":"2019-08-06 22:01:30"},{"id":"193040030459","name":"\u73af\u4fdd\u4e8b\u6545 Pencemaran Lingkungan","unit":"#","created_at":"2019-08-06 22:01:30","updated_at":"2019-08-06 22:01:30"},{"id":"193048931395","name":"\u9879\u76ee\u5efa\u8bbeproject construction","unit":"%","created_at":"2019-08-06 22:01:30","updated_at":"2019-08-06 22:01:30"},{"id":"193056531372","name":"\u751f\u4ea7\u534f\u8c03\u914d\u5408Kerja Sama dalam Koordinasi Produksi","unit":"%","created_at":"2019-08-06 22:01:30","updated_at":"2019-08-06 22:01:30"},{"id":"193065132533","name":"\u793e\u533a\u53d1\u5c55Pengembangan dan Pemberdayaan Masyarakat (PPM)","unit":"%","created_at":"2019-09-05 20:15:30","updated_at":"2019-09-05 20:15:30"},{"id":"193066831344","name":"\u7269\u6599\u7ba1\u7406Manajemen Logistik","unit":"%","created_at":"2019-08-06 22:01:30","updated_at":"2019-08-06 22:01:30"},{"id":"193070730487","name":"\u51fa\u77ff\u91cf Tonase Produksi Ore","unit":"WMT","created_at":"2019-08-06 22:01:30","updated_at":"2019-08-06 22:01:30"},{"id":"193077731398","name":"\u5e93\u5b58\u7ba1\u7406Manajemen Gudang","unit":"%","created_at":"2019-08-06 22:01:30","updated_at":"2019-08-06 22:01:30"},{"id":"193080030492","name":"\u53d1\u7535\u91cf Daya Listrik yang dihasilkan","unit":"MW","created_at":"2019-08-06 22:01:30","updated_at":"2019-08-06 22:01:30"},{"id":"193088131343","name":"\u539f\u8f85\u6599\u3001\u6750\u6599\u3001\u8bbe\u5907\u91c7\u8d2d\u5230\u8d27\u53ca\u65f6\u6027Ketepatan waktu bahan baku, material dan peralatan tiba di lapangan","unit":"%","created_at":"2019-08-06 22:01:30","updated_at":"2019-08-06 22:01:30"},{"id":"193089130246","name":"\u8d44\u91d1\u9884\u7b97\u4e0e\u5b9e\u9645\u60c5\u51b5\u7684\u5dee\u5f02Variance Between Budget vs Realization","unit":"%","created_at":"2019-09-08 21:00:30","updated_at":"2019-09-08 21:00:30"},{"id":"193092831381","name":"\u6536\u5165\u00a0Revenue","unit":"$","created_at":"2019-08-06 22:01:30","updated_at":"2019-08-06 22:01:30"},{"id":"193097730462","name":"\u5b89\u5168\u4e8b\u6545 Kecelakaan Kerja","unit":"#","created_at":"2019-08-06 22:01:30","updated_at":"2019-08-06 22:01:30"},{"id":"193098531361","name":"\u5065\u5eb7\u3001\u5b89\u5168\u4e0e\u73af\u4fdd\u548c\u73af\u5883\u7ef4\u62a4\u00a0HSE dan pemeliharaan lingkungan hidup","unit":"%","created_at":"2019-08-06 22:01:30","updated_at":"2019-08-06 22:01:30"},{"id":"193103832725","name":"\u5065\u5eb7\u3001\u5b89\u5168\u4e0e\u73af\u4fdd\u548c\u73af\u5883\u7ef4\u62a4\u00a0HSE dan pemeliharaan lingkungan hidup","unit":"%","created_at":"2019-08-06 22:01:31","updated_at":"2019-08-06 22:01:31"},{"id":"193110630215","name":"\u8d44\u91d1\u9884\u7b97\u4e0e\u5b9e\u9645\u60c5\u51b5\u7684\u5dee\u5f02Variance Between Budget vs Realization","unit":"%","created_at":"2019-08-06 22:01:31","updated_at":"2019-08-06 22:01:31"},{"id":"193111031199","name":"\u5065\u5eb7\u3001\u5b89\u5168\u4e0e\u73af\u4fdd\u548c\u73af\u5883\u7ef4\u62a4 HSE dan pemeliharaan lingkungan hidup","unit":"%","created_at":"2019-08-06 22:01:31","updated_at":"2019-09-05 20:41:24"},{"id":"193113030259","name":"\u540e\u52e4\u4fdd\u969cSupport and Service","unit":"\u89c4\u6a21 Scale","created_at":"2019-09-08 21:00:31","updated_at":"2019-09-08 21:00:31"},{"id":"193114830240","name":"\u51b6\u70bc\u5382\u4ea7\u91cf\u3001\u54c1\u4f4dVolume Produksi dan Kadar Smelter plant","unit":"MT","created_at":"2019-08-06 22:01:31","updated_at":"2019-08-06 22:01:31"},{"id":"193115732532","name":"\u4eba\u5458\u62db\u8058\u53ca\u57f9\u8badPerekrutan & PelatihanTenaga Kerja","unit":"#","created_at":"2019-09-15 13:24:31","updated_at":"2019-09-15 13:24:31"},{"id":"193124432766","name":"\u751f\u4ea7\u4fdd\u969c\u8fd0\u8f93Performa transportasi","unit":"%","created_at":"2019-08-06 22:01:31","updated_at":"2019-08-06 22:01:31"},{"id":"193125032784","name":"\u6574\u4f53\u9879\u76ee\u5efa\u8bbeOverall Project Construction","unit":"%","created_at":"2019-08-06 22:01:31","updated_at":"2019-08-06 22:01:31"},{"id":"193126230293","name":"\u5065\u5eb7\u3001\u5b89\u5168\u4e0e\u73af\u4fdd\u548c\u73af\u5883\u7ef4\u62a4\u00a0HSE dan pemeliharaan lingkungan hidup","unit":"%","created_at":"2019-08-06 22:01:31","updated_at":"2019-08-06 22:01:31"},{"id":"193126330281","name":"\u6295\u8d44\u670d\u52a1\u4fbf\u5229\uff08\u7a0e\u6536\u4f18\u60e0/\u51cf\u514d\u7a0e\uff09 Investment facilities (TA/TH)","unit":"%","created_at":"2019-09-08 21:00:31","updated_at":"2019-09-16 22:36:52"},{"id":"193142231124","name":"\u77ff\u5c71\u8d44\u6e90\u83b7\u53d6Resources Mining yang diperoleh","unit":"%","created_at":"2019-08-06 22:01:31","updated_at":"2019-09-05 20:41:24"},{"id":"193144330257","name":"\u51b6\u70bc\u5382\u9879\u76ee\u5efa\u8bbeSmelter plant project construction","unit":"%","created_at":"2019-08-06 22:01:31","updated_at":"2019-08-06 22:01:31"},{"id":"193146432587","name":"\u653f\u5e9c\u548c\u5bf9\u5916\u5173\u7cfb\u6307\u6570Government & Public Relation Index","unit":"\u89c4\u6a21Scale","created_at":"2019-09-15 13:24:31","updated_at":"2019-09-15 13:24:31"},{"id":"193147830217","name":"\u751f\u4ea7\u51c6\u5907\u548c\u8c03\u8bd5\u00a0Persiapan produksi dan uji coba (commissioning)","unit":"%","created_at":"2019-08-06 22:01:31","updated_at":"2019-08-06 22:01:31"},{"id":"193154232742","name":"\u751f\u4ea7\u534f\u8c03\u914d\u5408Kerja sama dalam Koordinasi Produksi","unit":"%","created_at":"2019-08-06 22:01:31","updated_at":"2019-08-06 22:01:31"},{"id":"193163532783","name":"\u8bbe\u5907\u3001\u8bbe\u65bd\u5b8c\u597d\u7387\u53ca\u68c0\u4fee\u4fdd\u969cPemeliharaan, pemeriksaan dan availability peralatan dan fasiltas","unit":"%","created_at":"2019-08-06 22:01:31","updated_at":"2019-08-06 22:01:31"},{"id":"193167730251","name":"\u751f\u4ea7\u534f\u8c03\u914d\u5408\u00a0Kerja sama dalam Koordinasi Produksi","unit":"%","created_at":"2019-08-06 22:01:31","updated_at":"2019-08-06 22:01:31"},{"id":"193173630445","name":"\u751f\u4ea7\u534f\u8c03\u914d\u5408 Kerja sama dalam Koordinasi Produksi","unit":"%","created_at":"2019-08-06 22:01:31","updated_at":"2019-08-06 22:01:31"},{"id":"193177232533","name":"\u6574\u4f53\u9879\u76ee\u5efa\u8bbeOverall Project Construction","unit":"%","created_at":"2019-09-15 13:24:31","updated_at":"2019-09-15 13:24:31"},{"id":"193182932572","name":"\u5de5\u4f5c\u534f\u8c03\u914d\u5408Kerja sama dalam Koordinasi Pekerjaan","unit":"%","created_at":"2019-09-15 13:24:31","updated_at":"2019-09-15 13:24:31"},{"id":"193196132538","name":"\u5065\u5eb7\u5b89\u5168\u4e0e\u73af\u4fdd\u548c\u73af\u5883\u7ef4\u62a4 HSE","unit":"%","created_at":"2019-09-15 13:24:31","updated_at":"2019-09-15 13:24:31"},{"id":"193198730232","name":"\u5065\u5eb7\u3001\u5b89\u5168\u4e0e\u73af\u4fdd\u548c\u73af\u5883\u7ef4\u62a4 HSE dan pemeliharaan lingkungan hidup ","unit":"%","created_at":"2019-09-08 21:00:31","updated_at":"2019-09-08 21:00:31"},{"id":"193202231185","name":"\u751f\u4ea7\u534f\u8c03\u914d\u5408Kerja sama dalam Koordinasi Produksi","unit":"%","created_at":"2019-08-06 22:01:32","updated_at":"2019-09-05 20:41:24"},{"id":"193203330657","name":"\u5408\u540c\u7ba1\u7406\u53ca\u6587\u4ef6\u5f52\u6863Pengelolaan Kontrak dan Arsip Dokumen","unit":"%","created_at":"2019-09-05 20:26:32","updated_at":"2019-09-05 20:26:32"},{"id":"193203932611","name":"\u4eba\u5458\u62db\u8058\u53ca\u57f9\u8badPerekrutan & PelatihanTenaga Kerja","unit":"#","created_at":"2019-08-06 22:01:32","updated_at":"2019-08-06 22:01:32"},{"id":"193228732994","name":"Ini KPI","unit":"$","created_at":"2019-08-23 20:20:32","updated_at":"2019-08-23 20:20:32"},{"id":"193235233176","name":"\u77ff\u5c71\u8d44\u6e90\u83b7\u53d6Resources Mining yang diperoleh","unit":"%","created_at":"2019-08-06 22:01:32","updated_at":"2019-08-06 22:01:32"},{"id":"193238830641","name":"\u6574\u4f53\u9879\u76ee\u5efa\u8bbeOverall Project Construction ","unit":"%","created_at":"2019-09-05 20:26:32","updated_at":"2019-09-05 20:26:32"},{"id":"193242433114","name":"\u751f\u4ea7\u534f\u8c03\u914d\u5408Kerja sama dalam Koordinasi Produksi","unit":"%","created_at":"2019-08-06 22:01:32","updated_at":"2019-08-06 22:01:32"},{"id":"193245632690","name":"\u6574\u4f53\u9879\u76ee\u5efa\u8bbe Overall Project Construction","unit":"%","created_at":"2019-08-06 22:01:32","updated_at":"2019-08-06 22:01:32"},{"id":"193247533153","name":"\u5065\u5eb7\u3001\u5b89\u5168\u4e0e\u73af\u4fdd\u548c\u73af\u5883\u7ef4\u62a4\u00a0HSE dan pemeliharaan lingkungan hidup","unit":"%","created_at":"2019-08-06 22:01:32","updated_at":"2019-08-06 22:01:32"},{"id":"193248030622","name":"\u5229\u6da6Profit","unit":"$","created_at":"2019-09-05 20:26:32","updated_at":"2019-09-05 20:26:32"},{"id":"193249633182","name":"\u77ff\u77f3\u8d28\u91cfKualitas ore","unit":"%","created_at":"2019-08-06 22:01:32","updated_at":"2019-08-06 22:01:32"},{"id":"193252433135","name":"\u77ff\u77f3\u9500\u552e\u6536\u5165\u3001\u5229\u6da6Revenue & Profit Penjualan ore","unit":"%","created_at":"2019-08-06 22:01:32","updated_at":"2019-08-06 22:01:32"},{"id":"193252532654","name":"\u7ee9\u6548\u7ba1\u7406\u4f53\u7cfb\u7684\u6709\u6548\u6027Performance Management System Effectivenes","unit":"%","created_at":"2019-08-06 22:01:32","updated_at":"2019-08-06 22:01:32"},{"id":"193253833124","name":"\u4ea7\u91cfVolume Produksi","unit":"WMT","created_at":"2019-08-06 22:01:32","updated_at":"2019-08-06 22:01:32"},{"id":"193255030667","name":"\u6536\u5165 Revenue ","unit":"$","created_at":"2019-09-05 20:26:32","updated_at":"2019-09-05 20:26:32"},{"id":"193263832554","name":"\u793e\u533a\u53d1\u5c55Pengembangan dan Pemberdayaan Masyarakat (PPM)","unit":"%","created_at":"2019-09-15 13:24:32","updated_at":"2019-09-15 13:24:32"},{"id":"193274932539","name":"\u7ee9\u6548\u7ba1\u7406\u4f53\u7cfb\u7684\u6709\u6548\u6027Performance Management System Effectivenes","unit":"%","created_at":"2019-09-15 13:24:32","updated_at":"2019-09-15 13:24:32"},{"id":"193276231111","name":"\u77ff\u77f3\u9500\u552e\u6536\u5165\u3001\u5229\u6da6Revenue & Profit Penjualan ore","unit":"%","created_at":"2019-08-06 22:01:32","updated_at":"2019-09-05 20:39:30"},{"id":"193277831197","name":"\u77ff\u77f3\u8d28\u91cfKualitas ore","unit":"%","created_at":"2019-08-06 22:01:32","updated_at":"2019-09-05 20:41:24"},{"id":"193284232986","name":"ini KPI","unit":"$","created_at":"2019-08-23 20:20:32","updated_at":"2019-08-23 20:20:32"},{"id":"193288131115","name":"\u4ea7\u91cfVolume Produksi","unit":"WMT","created_at":"2019-08-06 22:01:32","updated_at":"2019-09-05 20:38:21"},{"id":"193309232687","name":"\u5065\u5eb7\u5b89\u5168\u4e0e\u73af\u4fdd\u548c\u73af\u5883\u7ef4\u62a4 \n    HSE dan Pemeliharaan Lingkupan Hidup","unit":"%","created_at":"2019-08-06 22:01:33","updated_at":"2019-08-06 22:01:33"},{"id":"193326731810","name":"\u8d22\u52a1\u62a5\u8868\u51c6\u786e\u5ea6Ketepatan pelaporan keuangan","unit":"%","created_at":"2019-08-06 22:01:33","updated_at":"2019-08-06 22:01:33"},{"id":"193332731834","name":"\u6574\u4f53\u9879\u76ee\u5efa\u8bbe\n    Overall Project Construction","unit":"%\u00a0","created_at":"2019-08-06 22:01:33","updated_at":"2019-08-06 22:01:33"},{"id":"193343932636","name":"\u793e\u533a\u53d1\u5c55\n    Pengembangan dan Pemberdayaan Masyarakat (PPM)","unit":"%","created_at":"2019-08-06 22:01:33","updated_at":"2019-08-06 22:01:33"},{"id":"193348731858","name":"\u8d44\u91d1\u7ba1\u7406\u53ca\u7a0e\u6536\u4f18\u60e0Fund Management & Preferential Tax","unit":"%","created_at":"2019-08-06 22:01:33","updated_at":"2019-08-06 22:01:33"},{"id":"193353431876","name":"\u5229\u6da6Profit","unit":"$","created_at":"2019-08-06 22:01:33","updated_at":"2019-08-06 22:01:33"},{"id":"193355131833","name":"\u8d44\u91d1\u9884\u7b97\u4e0e\u5b9e\u9645\u60c5\u51b5\u7684\u5dee\u5f02Variance Between Budget vs Realization","unit":"%","created_at":"2019-08-06 22:01:33","updated_at":"2019-08-06 22:01:33"},{"id":"193361532697","name":"\u653f\u5e9c\u548c\u5bf9\u5916\u5173\u7cfb\u6307\u6570 Government & Public Relation Index\u89c4\u6a21 Scale","unit":"\u89c4\u6a21 Scale","created_at":"2019-08-06 22:01:33","updated_at":"2019-08-06 22:01:33"},{"id":"193364630620","name":"\u7efc\u5408\u4fdd\u969c\u670d\u52a1General Service Support","unit":"\u89c4\u6a21 Scale","created_at":"2019-09-05 20:26:33","updated_at":"2019-09-05 20:26:33"},{"id":"193367032614","name":"\u5de5\u4f5c\u534f\u8c03\u914d\u5408\n    Kerja sama dalam Koordinasi Pekerjaan","unit":"%","created_at":"2019-08-06 22:01:33","updated_at":"2019-08-06 22:01:33"},{"id":"193370831859","name":"\u6536\u5165\u00a0Revenue","unit":"$","created_at":"2019-08-06 22:01:33","updated_at":"2019-08-06 22:01:33"},{"id":"193397231833","name":"\u6295\u8d44\u670d\u52a1\u4fbf\u5229\uff08\u7a0e\u6536\u4f18\u60e0/\u51cf\u514d\u7a0e\uff09 \n    Investment facilities (TA/TH)","unit":"%","created_at":"2019-08-06 22:01:33","updated_at":"2019-08-06 22:01:33"},{"id":"193400132417","name":"\u6280\u672f\u521b\u65b0\u00a0Inovasi Teknologi","unit":"%","created_at":"2019-08-06 22:01:34","updated_at":"2019-08-06 22:01:34"},{"id":"193402732369","name":"\u7535\u5382\u5efa\u8bbePower plant construction","unit":"%","created_at":"2019-08-06 22:01:34","updated_at":"2019-08-06 22:01:34"},{"id":"193419432497","name":"\u5065\u5eb7\u3001\u5b89\u5168\u4e0e\u73af\u4fdd\u548c\u73af\u5883\u7ef4\u62a4\u00a0HSE dan pemeliharaan lingkungan hidup","unit":"%","created_at":"2019-08-06 22:01:34","updated_at":"2019-08-06 22:01:34"},{"id":"193422732394","name":"\u7535\u5382\u751f\u4ea7\u51c6\u5907\u53ca\u8bd5\u751f\u4ea7Persiapan dan Percobaan Produksi Power Plant","unit":"%","created_at":"2019-08-06 22:01:34","updated_at":"2019-08-06 22:01:34"},{"id":"193427131977","name":"\u5b89\u5168\u4e8b\u6545Kecelakaan Kerja","unit":"WMT","created_at":"2019-08-06 22:01:34","updated_at":"2019-08-06 22:01:34"},{"id":"193429432376","name":"\u7535\u5382\u8fd0\u884c\u53ca\u53d1\u7535\u91cfOperasi dan Daya Pembangkit Power Plant","unit":"MW","created_at":"2019-08-06 22:01:34","updated_at":"2019-08-06 22:01:34"},{"id":"193434031983","name":"\u751f\u4ea7\u534f\u8c03\u914d\u5408Kerja sama dalam Koordinasi Produksi","unit":"%","created_at":"2019-08-06 22:01:34","updated_at":"2019-08-06 22:01:34"},{"id":"193435631943","name":"\u9879\u76ee\u5efa\u8bbeproject construction","unit":"%","created_at":"2019-08-06 22:01:34","updated_at":"2019-08-06 22:01:34"},{"id":"193445031963","name":"\u73af\u4fdd\u4e8b\u6545Pencemaran Lingkungan","unit":"MW","created_at":"2019-08-06 22:01:34","updated_at":"2019-08-06 22:01:34"},{"id":"193449032329","name":"\u751f\u4ea7\u534f\u8c03\u914d\u5408Kerja sama dalam Koordinasi Produksi","unit":"%","created_at":"2019-08-06 22:01:34","updated_at":"2019-08-06 22:01:34"},{"id":"193463132441","name":"\u6750\u6599\u3001\u8bbe\u5907\u3001\u4ea7\u54c1\u8d28\u91cfKualitas material, peralatan dan produk","unit":"%","created_at":"2019-08-06 22:01:34","updated_at":"2019-08-06 22:01:34"},{"id":"193477632322","name":"\u5065\u5eb7\u3001\u5b89\u5168\u4e0e\u73af\u4fdd\u548c\u73af\u5883\u7ef4\u62a4\u00a0HSE dan pemeliharaan lingkungan hidup","unit":"%","created_at":"2019-08-06 22:01:34","updated_at":"2019-08-06 22:01:34"},{"id":"193494631346","name":"\u7535\u5382\u5efa\u8bbePower plant construction","unit":"%","created_at":"2019-09-05 21:11:34","updated_at":"2019-09-05 21:11:34"},{"id":"193497332446","name":"\u539f\u8f85\u6599\u3001\u4ea7\u54c1\u8ba1\u91cf\u3001\u8d28\u91cf\u68c0\u6d4b\u7684\u51c6\u786e\u7387Ketepatan Pengukuran Volume dan Inspeksi Kualitas Raw Material & Produk","unit":"%","created_at":"2019-08-06 22:01:34","updated_at":"2019-08-06 22:01:34"},{"id":"193498131964","name":"\u954d\u94c1\u4ea7\u91cfTonase Produksi FeNi","unit":"$","created_at":"2019-08-06 22:01:34","updated_at":"2019-08-06 22:01:34"},{"id":"193521532237","name":"\u7efc\u5408\u670d\u52a1\u4fdd\u969c\u6ee1\u610f\u5ea6\u6307\u6570General Service Support Satisfaction Index","unit":"\u89c4\u6a21 Scale","created_at":"2019-08-06 22:01:35","updated_at":"2019-08-06 22:01:35"},{"id":"193523632465","name":"\u751f\u4ea7\u534f\u8c03\u914d\u5408Kerja sama dalam Koordinasi Produksi","unit":"%","created_at":"2019-08-06 22:01:35","updated_at":"2019-08-06 22:01:35"},{"id":"193536630598","name":"\u5065\u5eb7\u3001\u5b89\u5168\u4e0e\u73af\u4fdd\u548c\u73af\u5883\u7ef4\u62a4\u00a0HSE dan pemeliharaan lingkungan hidup","unit":"%","created_at":"2019-08-06 22:01:35","updated_at":"2019-08-06 22:01:35"},{"id":"193543031396","name":"\u6280\u672f\u521b\u65b0Inovasi Teknologi ","unit":"%","created_at":"2019-09-05 21:11:35","updated_at":"2019-09-05 21:11:35"},{"id":"193547230560","name":"\u8d44\u91d1\u9884\u7b97\u4e0e\u5b9e\u9645\u60c5\u51b5\u7684\u5dee\u5f02Variance Between Budget vs Realization","unit":"%","created_at":"2019-08-06 22:01:35","updated_at":"2019-08-06 22:01:35"},{"id":"193547432257","name":"\u8d44\u91d1\u9884\u7b97\u4e0e\u5b9e\u9645\u60c5\u51b5\u7684\u5dee\u5f02Variance Between Budget vs Realization","unit":"%","created_at":"2019-08-06 22:01:35","updated_at":"2019-08-06 22:01:35"},{"id":"193552230547","name":"\u751f\u4ea7\u534f\u8c03\u914d\u5408Kerja sama dalam Koordinasi Produksi","unit":"%","created_at":"2019-08-06 22:01:35","updated_at":"2019-08-06 22:01:35"},{"id":"193560132262","name":"\u6587\u4ef6\u7ffb\u8bd1\u00a0Document translation","unit":"\u89c4\u6a21 Scale","created_at":"2019-08-06 22:01:35","updated_at":"2019-08-06 22:01:35"},{"id":"193560530577","name":"\u6574\u4f53\u9879\u76ee\u5efa\u8bbeOverall Project Construction","unit":"%","created_at":"2019-08-06 22:01:35","updated_at":"2019-08-06 22:01:35"},{"id":"193564832216","name":"\u6863\u6848\u7ba1\u7406Filling Management","unit":"\u89c4\u6a21 Scale","created_at":"2019-08-06 22:01:35","updated_at":"2019-08-06 22:01:35"},{"id":"193576131373","name":"\u7535\u5382\u751f\u4ea7\u51c6\u5907\u53ca\u8bd5\u751f\u4ea7Persiapan dan Percobaan Produksi Power Plant ","unit":"$","created_at":"2019-09-05 21:11:35","updated_at":"2019-09-05 21:11:35"},{"id":"193585431354","name":"\u5065\u5eb7\u3001\u5b89\u5168\u4e0e\u73af\u4fdd\u548c\u73af\u5883\u7ef4\u62a4 HSE dan pemeliharaan lingkungan hidup","unit":"%","created_at":"2019-09-05 21:11:35","updated_at":"2019-09-05 21:11:35"},{"id":"193587432247","name":"\u6574\u4f53\u9879\u76ee\u5efa\u8bbeOverall Project Construction","unit":"%","created_at":"2019-08-06 22:01:35","updated_at":"2019-08-06 22:01:35"},{"id":"193587531381","name":"\u539f\u8f85\u6599\u3001\u4ea7\u54c1\u8ba1\u91cf\u3001\u8d28\u91cf\u68c0\u6d4b\u7684\u51c6\u786e\u7387Ketepatan Pengukuran Volume dan Inspeksi Kualitas Raw Material & Produk ","unit":"%","created_at":"2019-09-05 21:11:35","updated_at":"2019-09-05 21:11:35"},{"id":"193597730540","name":"\u540e\u52e4\u4fdd\u969cSupply and Service","unit":"\u89c4\u6a21 Scale","created_at":"2019-08-06 22:01:35","updated_at":"2019-08-06 22:01:35"},{"id":"193598333013","name":"\u7ee9\u6548\u7ba1\u7406\u4f53\u7cfb\u7684\u6709\u6548\u6027Performance Management System Effectivenes","unit":"%","created_at":"2019-08-06 22:01:35","updated_at":"2019-08-06 22:01:35"},{"id":"193609433096","name":"\u5065\u5eb7\u5b89\u5168\u4e0e\u73af\u4fdd\u548c\u73af\u5883\u7ef4\u62a4 \n    HSE dan Pemeliharaan Lingkupan Hidup","unit":"%","created_at":"2019-08-06 22:01:36","updated_at":"2019-08-06 22:01:36"},{"id":"193627333037","name":"\u793e\u533a\u53d1\u5c55\n    Pengembangan dan Pemberdayaan Masyarakat (PPM)","unit":"%","created_at":"2019-08-06 22:01:36","updated_at":"2019-08-06 22:01:36"},{"id":"193637631330","name":"\u751f\u4ea7\u534f\u8c03\u914d\u5408Kerja sama dalam Koordinasi Produksi ","unit":"%","created_at":"2019-09-05 21:11:36","updated_at":"2019-09-05 21:11:36"},{"id":"193638133037","name":"\u653f\u5e9c\u548c\u5bf9\u5916\u5173\u7cfb\u6307\u6570 Government & Public Relation Index\u89c4\u6a21 Scale","unit":"\u89c4\u6a21 Scale","created_at":"2019-08-06 22:01:36","updated_at":"2019-08-06 22:01:36"},{"id":"193640733010","name":"\u4eba\u5458\u62db\u8058\u53ca\u57f9\u8badPerekrutan & PelatihanTenaga Kerja","unit":"#","created_at":"2019-08-06 22:01:36","updated_at":"2019-08-06 22:01:36"},{"id":"193656531523","name":"\u4f01\u4e1a\u6cd5\u5f8b\u4fdd\u62a4 Corporate Legal Protectiveness","unit":"#","created_at":"2019-09-16 21:24:36","updated_at":"2019-09-16 21:24:36"},{"id":"193665033024","name":"\u6574\u4f53\u9879\u76ee\u5efa\u8bbe Overall Project Construction","unit":"%","created_at":"2019-08-06 22:01:36","updated_at":"2019-08-06 22:01:36"},{"id":"193673933075","name":"\u5de5\u4f5c\u534f\u8c03\u914d\u5408\n    Kerja sama dalam Koordinasi Pekerjaan","unit":"%","created_at":"2019-08-06 22:01:36","updated_at":"2019-08-06 22:01:36"},{"id":"193903830258","name":"\u5065\u5eb7\u3001\u5b89\u5168\u4e0e\u73af\u4fdd\u548c\u73af\u5883\u7ef4\u62a4 HSE dan pemeliharaan lingkungan hidup","unit":"%","created_at":"2019-09-16 21:47:39","updated_at":"2019-09-16 21:47:39"},{"id":"194242231518","name":"test 123","unit":"%","created_at":"2019-09-05 12:22:42","updated_at":"2019-09-05 12:22:42"},{"id":"194739132298","name":"\u8bbe\u5907\u3001\u8bbe\u65bd\u5b8c\u597d\u7387\u53ca\u68c0\u4fee\u4fdd\u969cPemeliharaan, pemeriksaan dan availability peralatan dan fasiltas ","unit":"%","created_at":"2019-09-05 21:24:47","updated_at":"2019-09-05 21:24:47"},{"id":"194781732211","name":"\u5065\u5eb7\u3001\u5b89\u5168\u4e0e\u73af\u4fdd\u548c\u73af\u5883\u7ef4\u62a4 HSE dan pemeliharaan lingkungan hidup ","unit":"%","created_at":"2019-09-05 21:24:47","updated_at":"2019-09-05 21:24:47"},{"id":"194794232271","name":"\u6574\u4f53\u9879\u76ee\u5efa\u8bbeOverall Project Construction","unit":"%","created_at":"2019-09-05 21:24:47","updated_at":"2019-09-05 21:24:47"},{"id":"194850032233","name":"\u751f\u4ea7\u534f\u8c03\u914d\u5408Kerja sama dalam Koordinasi Produksi ","unit":"%","created_at":"2019-09-05 21:24:48","updated_at":"2019-09-05 21:24:48"},{"id":"194855532239","name":"\u751f\u4ea7\u4fdd\u969c\u8fd0\u8f93Performa transportasi ","unit":"%","created_at":"2019-09-05 21:24:48","updated_at":"2019-09-05 21:24:48"},{"id":"195040332844","name":"\u539f\u8f85\u6599\u3001\u6750\u6599\u3001\u8bbe\u5907\u91c7\u8d2d\u5230\u8d27\u53ca\u65f6\u6027Ketepatan waktu bahan baku, material dan peralatan tiba di lapangan","unit":"%","created_at":"2019-09-05 21:06:50","updated_at":"2019-09-05 21:06:50"},{"id":"195046532880","name":"\u5065\u5eb7\u3001\u5b89\u5168\u4e0e\u73af\u4fdd\u548c\u73af\u5883\u7ef4\u62a4 HSE dan pemeliharaan lingkungan hidup","unit":"%","created_at":"2019-09-05 21:06:50","updated_at":"2019-09-05 21:06:50"},{"id":"195111632879","name":"\u5e93\u5b58\u7ba1\u7406Manajemen Gudang","unit":"%","created_at":"2019-09-05 21:06:51","updated_at":"2019-09-05 21:06:51"},{"id":"195119432874","name":"\u539f\u8f85\u6599\u3001\u6750\u6599\u3001\u8bbe\u5907\u91c7\u8d2d\u8d28\u91cf\u3001\u6570\u91cfKualitas dan volume bahan baku, material dan peralatan yang dibeli","unit":"$","created_at":"2019-09-05 21:06:51","updated_at":"2019-09-05 21:06:51"},{"id":"195122632891","name":"\u6536\u5165 Revenue","unit":"$","created_at":"2019-09-05 21:06:51","updated_at":"2019-09-05 21:06:51"},{"id":"195208832883","name":"\u9879\u76ee\u5efa\u8bbeproject construction","unit":"%","created_at":"2019-09-05 21:06:52","updated_at":"2019-09-05 21:06:52"},{"id":"195233732826","name":"\u7269\u6599\u7ba1\u7406Manajemen Logistik","unit":"%","created_at":"2019-09-05 21:06:52","updated_at":"2019-09-05 21:06:52"},{"id":"195284432895","name":"\u751f\u4ea7\u534f\u8c03\u914d\u5408Kerja Sama dalam Koordinasi Produksi","unit":"%","created_at":"2019-09-05 21:06:52","updated_at":"2019-09-05 21:06:52"},{"id":"195298832820","name":"\u8d44\u91d1\u9884\u7b97\u4e0e\u5b9e\u9645\u60c5\u51b5\u7684\u5dee\u5f02Variance Between Budget vs Realization","unit":"%","created_at":"2019-09-05 21:06:52","updated_at":"2019-09-05 21:06:52"},{"id":"195471031566","name":"\u8d44\u91d1\u7ba1\u7406\u53ca\u7a0e\u6536\u4f18\u60e0Fund Management & Preferential Tax","unit":"%","created_at":"2019-09-16 21:19:54","updated_at":"2019-09-16 21:19:54"},{"id":"195616130642","name":"\u6295\u8d44\u670d\u52a1\u4fbf\u5229\uff08\u7a0e\u6536\u4f18\u60e0/\u51cf\u514d\u7a0e\uff09 Investment facilities (TA/TH) ","unit":"%","created_at":"2019-08-23 15:12:56","updated_at":"2019-09-05 20:26:31"},{"id":"195725230656","name":"\u8d44\u91d1\u9884\u7b97\u4e0e\u5b9e\u9645\u60c5\u51b5\u7684\u5dee\u5f02Variance Between Budget vs Realization","unit":"%","created_at":"2019-08-23 15:12:57","updated_at":"2019-09-05 20:26:31"},{"id":"195789330667","name":"\u8d44\u91d1\u7ba1\u7406\u53ca\u7a0e\u6536\u4f18\u60e0Fund Management & Preferential Tax ","unit":"%","created_at":"2019-08-23 15:12:57","updated_at":"2019-09-05 20:26:31"},{"id":"195828735091","name":"test 123","unit":"$","created_at":"2019-08-23 15:18:58","updated_at":"2019-08-23 15:18:58"},{"id":"195840735046","name":"test 123","unit":"$","created_at":"2019-08-23 15:18:58","updated_at":"2019-08-23 15:18:58"},{"id":"195869235021","name":"test 123","unit":"$","created_at":"2019-08-23 15:18:58","updated_at":"2019-08-23 15:18:58"},{"id":"195951131528","name":"ini KPI","unit":"%","created_at":"2019-08-21 20:53:59","updated_at":"2019-08-21 20:53:59"}]