[{"name":"Meily E. Karundeng","index":0,"jabatan_data":{"nama_jabatan":"\u76d1\u4e8b Commisioner","child":[],"bisa_punya_anak":false,"index":82,"$$hashKey":"object:5","parent":-1,"users":[0],"level":-1},"id":"1915283145","jabatan_id":"1915283263"},{"name":"Zhang Heng Xiang","index":1,"jabatan_data":{"nama_jabatan":"\u8463\u4e8b\u957f\u3001\u603b\u88c1 President Director","child":[2,3,7,8,26],"bisa_punya_anak":true,"index":1,"$$hashKey":"object:6","parent":82,"level":0,"deletable":false,"users":[1]},"id":"1915284162","jabatan_id":"1915281248","atasan_id":"1915283145"},{"name":"Suherman","index":2,"jabatan_data":{"nama_jabatan":"\u526f\u8463\u4e8b\u957f Vice President Director","child":[],"bisa_punya_anak":false,"index":2,"$$hashKey":"object:7","parent":1,"level":1,"deletable":false,"users":[2]},"id":"1915284140","jabatan_id":"1915282279","atasan_id":"1915284162"},{"name":"Li Guang","index":3,"jabatan_data":{"nama_jabatan":"\u516c\u53f8\u526f\u603b\u88c1\u3001\u56ed\u533a\u603b\u88c1 VP Perusahaan & President Kawasan Industri","child":[4,5,6,9,10,11,12,22],"bisa_punya_anak":true,"index":3,"$$hashKey":"object:8","parent":1,"level":1,"deletable":false,"users":[3]},"id":"1915284151","jabatan_id":"1915282245","atasan_id":"1915284162"},{"name":"Wang Wantao","index":4,"jabatan_data":{"nama_jabatan":"\u51b6\u70bc\u90e8\u603b\u7ecf\u7406 GM Smelter Plant","child":[13,14,28,31],"bisa_punya_anak":true,"index":11,"parent":3,"level":1,"deletable":true,"users":[4]},"id":"1915284116","jabatan_id":"1915282210","atasan_id":"1915284151"},{"name":"Zhong Xiang Cheng","index":5,"jabatan_data":{"nama_jabatan":"\u8425\u9500\u7269\u6d41\u90e8\u603b\u7ecf\u7406 GM Marketing & Logistic","child":[15],"bisa_punya_anak":true,"index":9,"parent":3,"level":1,"deletable":true,"users":[5]},"id":"1915284252","jabatan_id":"1915282295","atasan_id":"1915284151"},{"name":"Feng Weibin","index":6,"jabatan_data":{"nama_jabatan":"\u751f\u4ea7\u5b89\u5168\u73af\u4fdd\u90e8 GM PSEP","child":[],"bisa_punya_anak":true,"index":10,"parent":3,"level":1,"deletable":true,"users":[6]},"id":"1915284139","jabatan_id":"1915282272","atasan_id":"1915284151"},{"name":"Isran Hamzah","index":7,"jabatan_data":{"nama_jabatan":"\u516c\u53f8\u526f\u603b\u88c1\u3001\u56ed\u533a\u603b\u76d1 VP Perusahaan & COO Kawasan Industri","child":[24],"bisa_punya_anak":true,"index":5,"$$hashKey":"object:10","parent":3,"level":2,"deletable":false,"users":[7]},"id":"1915284172","jabatan_id":"1915282234","atasan_id":"1915284151"},{"name":"Teguh Widodo","index":8,"id":"1915284127"},{"name":"Wang Jing","index":9,"jabatan_data":{"nama_jabatan":"\u7535\u5382\u90e8\u5206\u7ba1\u526f\u603b\u88c1 VP Power Plant","child":[21,23],"bisa_punya_anak":true,"index":4,"$$hashKey":"object:9","parent":3,"level":2,"deletable":false,"users":[9]},"id":"1915284158","jabatan_id":"1915282217","atasan_id":"1915284151"},{"name":"Wang YongJia","index":10,"id":"1915284128"},{"name":"Wang Yuzhu","index":11,"jabatan_data":{"nama_jabatan":"Operator (2) Rotary Kiln-1","child":[],"bisa_punya_anak":true,"index":57,"parent":41,"users":[11],"deletable":true,"level":7},"id":"1915284117","jabatan_id":"1915282241"},{"name":"Zhao Wenbin","index":12,"id":"1915284199"},{"name":"Zhang Jianhui","index":13,"jabatan_data":{"nama_jabatan":"\u77ff\u5c71\u90e8\u5206\u7ba1\u526f\u603b\u88c1 VP Mining","child":[16],"bisa_punya_anak":true,"index":6,"$$hashKey":"object:11","parent":3,"level":2,"deletable":false,"users":[13]},"id":"1915284152","jabatan_id":"1915282215","atasan_id":"1915284151"},{"name":"Younsel Erlandsyah","index":14,"id":"1915284138"},{"name":"Wang Jingxing","index":15,"jabatan_data":{"nama_jabatan":"\u516c\u53f8\u8463\u4e8b\u3001\u8d22\u52a1\u603b\u76d1 Direksi Perusahaan & VP FA","child":[19,25],"bisa_punya_anak":true,"index":7,"$$hashKey":"object:12","parent":1,"level":1,"deletable":false,"users":[15]},"id":"1915284136","jabatan_id":"1915282253","atasan_id":"1915284162"},{"name":"Johan Yuda Santosa","index":16,"id":"1915284282"},{"name":"Yang Jinlin","index":17,"id":"1915284193"},{"name":"Zhang Eng Ting","index":18,"jabatan_data":{"nama_jabatan":"\u516c\u53f8\u8463\u4e8b\u3001\u56ed\u533a\u526f\u603b\u88c1 Direksi Perusahaan & VP HRPR","child":[17],"bisa_punya_anak":true,"index":8,"$$hashKey":"object:13","parent":1,"level":1,"deletable":false,"users":[18]},"id":"1915284192","jabatan_id":"1915282265","atasan_id":"1915284162"},{"name":"IG Wayan Suntamaya","index":19,"id":"1915284168"},{"name":"Wang Wang","index":20,"id":"1915284159"},{"name":"Wang Wenjin","index":21,"id":"1915284184"},{"name":"Wang Wenjin","index":22,"id":"1915284171"},{"name":"Wang Yizin","index":23,"jabatan_data":{"nama_jabatan":"Operator Excavator-1 Area ROSY","child":[],"bisa_punya_anak":true,"index":47,"parent":40,"users":[23],"deletable":true,"level":7},"id":"1915284190","jabatan_id":"1915282266"},{"name":"Wang Wenjin","index":24,"id":"1915284132"},{"name":"Wang Wenjin","index":25,"jabatan_data":{"nama_jabatan":"GM Production Support","child":[],"bisa_punya_anak":true,"index":12,"parent":3,"level":1,"deletable":true,"users":[25]},"id":"1915284183","jabatan_id":"1915282283","atasan_id":"1915284151"},{"name":"Wang Hehe","index":26,"jabatan_data":{"nama_jabatan":"Operator Pengumpanan Kalsin EF-1","child":[],"bisa_punya_anak":true,"index":60,"parent":53,"users":[26],"deletable":true,"level":7},"id":"1915284279","jabatan_id":"1915283270"},{"name":"Li Delu","index":27,"jabatan_data":{"nama_jabatan":"Deputi GM Production","child":[27,32,33,34],"bisa_punya_anak":true,"index":13,"parent":11,"level":2,"deletable":true,"users":[27]},"id":"1915284167","jabatan_id":"1915282286","atasan_id":"1915284116"},{"name":"Gunadi Gautama","index":28,"jabatan_data":{"nama_jabatan":"VGM Logistic","child":[],"bisa_punya_anak":true,"index":15,"parent":9,"level":2,"deletable":true,"users":[28]},"id":"1915284179","jabatan_id":"1915282273","atasan_id":"1915284252"},{"name":"Younsel Erlans Syah","index":29,"jabatan_data":{"nama_jabatan":"\u77ff\u5c71\u90e8\u603b\u7ecf\u7406 GM Mining","child":[],"bisa_punya_anak":true,"index":16,"parent":6,"level":1,"deletable":true,"users":[29]},"id":"1915284154","jabatan_id":"1915282277","atasan_id":"1915284152"},{"name":"I Wayan Suntamaya","index":30,"jabatan_data":{"nama_jabatan":"GM HR & PR","child":[18],"bisa_punya_anak":true,"index":17,"parent":8,"level":1,"deletable":true,"users":[30]},"id":"1915284269","jabatan_id":"1915282223","atasan_id":"1915284192"},{"name":"Darma Nusa Alting","index":31,"id":"1915284163"},{"name":"Johan Yudha Santosa","index":32,"jabatan_data":{"nama_jabatan":"\u8d22\u52a1\u90e8\u603b\u7ecf\u7406 GM Finance & Accounting","child":[],"bisa_punya_anak":true,"index":19,"parent":7,"level":1,"deletable":true,"users":[32]},"id":"1915285215","jabatan_id":"1915282229","atasan_id":"1915284136"},{"name":"Yang Jinlin","index":33,"jabatan_data":{"nama_jabatan":"GM General Affairs","child":[],"bisa_punya_anak":true,"index":20,"parent":7,"level":1,"deletable":true,"users":[33]},"id":"1915285141","jabatan_id":"1915282220","atasan_id":"1915284136"},{"name":"Udes","index":34,"id":"1915285140"},{"name":"Bai Jongshan","index":35,"jabatan_data":{"nama_jabatan":"Deputi GM Electric","child":[30],"bisa_punya_anak":true,"index":28,"parent":11,"users":[35],"deletable":true,"level":2},"id":"1915285191","jabatan_id":"1915282247","atasan_id":"1915284116"},{"name":"Ma Feng","index":36,"id":"1915285193"},{"name":"user 123","index":37,"id":"1915285177"},{"name":"Mery Megawati","index":38,"jabatan_data":{"nama_jabatan":"Manager Cooperation","child":[],"bisa_punya_anak":true,"index":31,"parent":11,"users":[38],"deletable":true,"level":2},"id":"1915285163","jabatan_id":"1915282249","atasan_id":"1915284116"},{"name":"Xi Xiaoming","index":39,"jabatan_data":{"nama_jabatan":"Deputi GM Equipment","child":[29],"bisa_punya_anak":true,"index":14,"parent":11,"level":2,"deletable":true,"users":[39]},"id":"1915285155","jabatan_id":"1915282238","atasan_id":"1915284116"},{"name":"Ran Tanbao","index":40,"jabatan_data":{"nama_jabatan":"Manager Production","child":[35,36],"bisa_punya_anak":true,"index":27,"parent":13,"users":[40],"deletable":true,"level":3},"id":"1915285165","jabatan_id":"1915282315","atasan_id":"1915284167"},{"name":"Made Wang","index":41,"id":"1915285119"},{"name":"Frederick Wu","index":42,"id":"1915285175"},{"name":"Asep Zhang","index":43,"jabatan_data":{"nama_jabatan":"Metallurgist 2","child":[],"bisa_punya_anak":true,"index":33,"parent":13,"users":[43],"deletable":true,"level":3},"id":"1915285113","jabatan_id":"1915282233","atasan_id":"1915284167"},{"name":"Bai Hun","index":44,"jabatan_data":{"nama_jabatan":"Ketua Area Oproduksi","child":[37,38,39],"bisa_punya_anak":true,"index":35,"parent":27,"users":[44],"deletable":true,"level":4},"id":"1915285162","jabatan_id":"1915282356","atasan_id":"1915285165"},{"name":"Pan Jinzheng","index":45,"jabatan_data":{"nama_jabatan":"Wakil Ketua Area Produksi","child":[],"bisa_punya_anak":true,"index":36,"parent":27,"users":[45],"deletable":true,"level":4},"id":"1915285173","jabatan_id":"1915282291","atasan_id":"1915285165"},{"name":"Fu Ningbo","index":46,"jabatan_data":{"nama_jabatan":"Ketua Regu 1","child":[40,41,53],"bisa_punya_anak":true,"index":37,"parent":35,"users":[46],"deletable":true,"level":5},"id":"1915285131","jabatan_id":"1915282262","atasan_id":"1915285162"},{"name":"Yang Banghai","index":47,"jabatan_data":{"nama_jabatan":"Ketua Regu 2","child":[],"bisa_punya_anak":true,"index":38,"parent":35,"users":[47],"deletable":true,"level":5},"id":"1915285198","jabatan_id":"1915282320","atasan_id":"1915285162"},{"name":"Chen Fei","index":48,"jabatan_data":{"nama_jabatan":"Ketua Regu 3","child":[],"bisa_punya_anak":true,"index":39,"parent":35,"users":[48],"deletable":true,"level":5},"id":"1915285243","jabatan_id":"1915282376","atasan_id":"1915285162"},{"name":"Darma Nusa Alting","index":49,"jabatan_data":{"nama_jabatan":"Deputi GM HR","child":[70,71,72,73],"bisa_punya_anak":true,"index":18,"parent":17,"level":2,"deletable":true,"users":[49]},"id":"1915285195","jabatan_id":"1915282288","atasan_id":"1915284269"},{"name":"Abdul Ghani","index":50,"jabatan_data":{"nama_jabatan":"Manager HRD","child":[74,75,76,79,80,81],"bisa_punya_anak":true,"index":70,"parent":18,"users":[50],"deletable":true,"level":3},"id":"1915285147","jabatan_id":"1915283357","atasan_id":"1915285195"},{"name":"Rudi Alogo","index":51,"jabatan_data":{"nama_jabatan":"Ass. Manager IR & Recruitment","child":[],"bisa_punya_anak":true,"index":74,"parent":70,"users":[51],"deletable":true,"level":4},"id":"1915285214","jabatan_id":"1915283269","atasan_id":"1915285147"},{"name":"Edwin Indra Sumantri","index":52,"jabatan_data":{"nama_jabatan":"Ass. Manager Comben","child":[],"bisa_punya_anak":true,"index":75,"parent":70,"users":[52],"deletable":true,"level":4},"id":"1915286124","jabatan_id":"1915283211","atasan_id":"1915285147"},{"name":"Vacant","index":53,"jabatan_data":{"nama_jabatan":"Ass. Manager HRIS","child":[],"bisa_punya_anak":true,"index":76,"parent":70,"users":[53],"deletable":true,"level":4},"id":"1915286198","jabatan_id":"1915283332","atasan_id":"1915285147"},{"name":"Yunita","index":54,"jabatan_data":{"nama_jabatan":"Admin HRD 1","child":[],"bisa_punya_anak":true,"index":79,"parent":70,"users":[54],"deletable":true,"level":4},"id":"1915286147","jabatan_id":"1915283379","atasan_id":"1915285147"},{"name":"Chandra","index":55,"jabatan_data":{"nama_jabatan":"Admin HRD 2","child":[],"bisa_punya_anak":true,"index":80,"parent":70,"users":[55],"deletable":true,"level":4},"id":"1915286169","jabatan_id":"1915283316","atasan_id":"1915285147"},{"name":"Anisa","index":56,"jabatan_data":{"nama_jabatan":"Admin HRD 3","child":[],"bisa_punya_anak":true,"index":81,"parent":70,"users":[56],"deletable":true,"level":4},"id":"1915286191","jabatan_id":"1915283212","atasan_id":"1915285147"},{"name":"Hikmah Kausaha","index":57,"jabatan_data":{"nama_jabatan":"Ass. Manager CSR Internal","child":[],"bisa_punya_anak":true,"index":77,"parent":71,"users":[57],"deletable":true,"level":4},"id":"1915286113","jabatan_id":"1915283273"},{"name":"Hajrin Ode Muhrijin","index":58,"jabatan_data":{"nama_jabatan":"Ass. Manager CSR External","child":[],"bisa_punya_anak":true,"index":78,"parent":71,"users":[58],"deletable":true,"level":4},"id":"1915286156","jabatan_id":"1915283296"}]