[{"nama_jabatan":"\u516c\u53f8\u540d\u79f0 Company","child":[],"bisa_punya_anak":false,"index":0,"$$hashKey":"object:5","parent":82,"level":0,"deletable":false,"users":[0],"id":"1915281286"},{"nama_jabatan":"\u8463\u4e8b\u957f\u3001\u603b\u88c1 President Director","child":[2,3,7,8,26],"bisa_punya_anak":true,"index":1,"$$hashKey":"object:6","parent":82,"level":0,"deletable":false,"users":[1],"id":"1915281248"},{"nama_jabatan":"\u526f\u8463\u4e8b\u957f Vice President Director","child":[],"bisa_punya_anak":false,"index":2,"$$hashKey":"object:7","parent":1,"level":1,"deletable":false,"users":[2],"id":"1915282279"},{"nama_jabatan":"\u516c\u53f8\u526f\u603b\u88c1\u3001\u56ed\u533a\u603b\u88c1 VP Perusahaan & President Kawasan Industri","child":[4,5,6,9,10,11,12,22],"bisa_punya_anak":true,"index":3,"$$hashKey":"object:8","parent":1,"level":1,"deletable":false,"users":[3],"id":"1915282245"},{"nama_jabatan":"\u7535\u5382\u90e8\u5206\u7ba1\u526f\u603b\u88c1 VP Power Plant","child":[21,23],"bisa_punya_anak":true,"index":4,"$$hashKey":"object:9","parent":3,"level":2,"deletable":false,"users":[9],"id":"1915282217"},{"nama_jabatan":"\u516c\u53f8\u526f\u603b\u88c1\u3001\u56ed\u533a\u603b\u76d1 VP Perusahaan & COO Kawasan Industri","child":[24],"bisa_punya_anak":true,"index":5,"$$hashKey":"object:10","parent":3,"level":2,"deletable":false,"users":[7],"id":"1915282234"},{"nama_jabatan":"\u77ff\u5c71\u90e8\u5206\u7ba1\u526f\u603b\u88c1 VP Mining","child":[16],"bisa_punya_anak":true,"index":6,"$$hashKey":"object:11","parent":3,"level":2,"deletable":false,"users":[13],"id":"1915282215"},{"nama_jabatan":"\u516c\u53f8\u8463\u4e8b\u3001\u8d22\u52a1\u603b\u76d1 Direksi Perusahaan & VP FA","child":[19,25],"bisa_punya_anak":true,"index":7,"$$hashKey":"object:12","parent":1,"level":1,"deletable":false,"users":[15],"id":"1915282253"},{"nama_jabatan":"\u516c\u53f8\u8463\u4e8b\u3001\u56ed\u533a\u526f\u603b\u88c1 Direksi Perusahaan & VP HRPR","child":[17],"bisa_punya_anak":true,"index":8,"$$hashKey":"object:13","parent":1,"level":1,"deletable":false,"users":[18],"id":"1915282265"},{"nama_jabatan":"\u8425\u9500\u7269\u6d41\u90e8\u603b\u7ecf\u7406 GM Marketing & Logistic","child":[15],"bisa_punya_anak":true,"index":9,"parent":3,"level":1,"deletable":true,"users":[5],"id":"1915282295"},{"nama_jabatan":"\u751f\u4ea7\u5b89\u5168\u73af\u4fdd\u90e8 GM PSEP","child":[],"bisa_punya_anak":true,"index":10,"parent":3,"level":1,"deletable":true,"users":[6],"id":"1915282272"},{"nama_jabatan":"\u51b6\u70bc\u90e8\u603b\u7ecf\u7406 GM Smelter Plant","child":[13,14,28,31],"bisa_punya_anak":true,"index":11,"parent":3,"level":1,"deletable":true,"users":[4],"id":"1915282210"},{"nama_jabatan":"GM Production Support","child":[],"bisa_punya_anak":true,"index":12,"parent":3,"level":1,"deletable":true,"users":[25],"id":"1915282283"},{"nama_jabatan":"Deputi GM Production","child":[27,32,33,34],"bisa_punya_anak":true,"index":13,"parent":11,"level":2,"deletable":true,"users":[27],"id":"1915282286"},{"nama_jabatan":"Deputi GM Equipment","child":[29],"bisa_punya_anak":true,"index":14,"parent":11,"level":2,"deletable":true,"users":[39],"id":"1915282238"},{"nama_jabatan":"VGM Logistic","child":[],"bisa_punya_anak":true,"index":15,"parent":9,"level":2,"deletable":true,"users":[28],"id":"1915282273"},{"nama_jabatan":"\u77ff\u5c71\u90e8\u603b\u7ecf\u7406 GM Mining","child":[],"bisa_punya_anak":true,"index":16,"parent":6,"level":1,"deletable":true,"users":[29],"id":"1915282277"},{"nama_jabatan":"GM HR & PR","child":[18],"bisa_punya_anak":true,"index":17,"parent":8,"level":1,"deletable":true,"users":[30],"id":"1915282223"},{"nama_jabatan":"Deputi GM HR","child":[70,71,72,73],"bisa_punya_anak":true,"index":18,"parent":17,"level":2,"deletable":true,"users":[49],"id":"1915282288"},{"nama_jabatan":"\u8d22\u52a1\u90e8\u603b\u7ecf\u7406 GM Finance & Accounting","child":[],"bisa_punya_anak":true,"index":19,"parent":7,"level":1,"deletable":true,"users":[32],"id":"1915282229"},{"nama_jabatan":"GM General Affairs","child":[],"bisa_punya_anak":true,"index":20,"parent":7,"level":1,"deletable":true,"users":[33],"id":"1915282220"},{"nama_jabatan":"\u7535\u5382\u90e8\u603b\u7ecf\u7406 GM Power Plant","child":[],"bisa_punya_anak":true,"index":21,"parent":4,"level":1,"deletable":true,"users":[],"id":"1915282379"},{"nama_jabatan":"\u603b\u5de5\u7a0b\u5e08 KTT","child":[],"bisa_punya_anak":true,"index":22,"parent":3,"level":1,"deletable":true,"users":[],"id":"1915282361"},{"nama_jabatan":"\u6280\u672f\u8d28\u91cf\u68c0\u6d4b\u90e8\u603b\u7ecf\u7406 GM TQM","child":[],"bisa_punya_anak":true,"index":23,"parent":4,"level":1,"deletable":true,"users":[],"id":"1915282284"},{"nama_jabatan":"\u6295\u8d44\u89c4\u5212\u548c\u8d44\u4ea7\u7ba1\u7406\u90e8\u603b\u7ecf\u7406 GM BCO","child":[],"bisa_punya_anak":true,"index":24,"parent":5,"level":1,"deletable":true,"users":[],"id":"1915282371"},{"nama_jabatan":"\u884c\u653f\u90e8\u603b\u7ecf\u7406 GM GA","child":[],"bisa_punya_anak":true,"index":25,"parent":7,"level":1,"deletable":true,"users":[],"id":"1915282290"},{"nama_jabatan":"Kuded 123","child":[],"bisa_punya_anak":true,"index":26,"parent":1,"users":[],"deletable":true,"level":1,"id":"1915282222"},{"nama_jabatan":"Manager Production","child":[35,36],"bisa_punya_anak":true,"index":27,"parent":13,"users":[40],"deletable":true,"level":3,"id":"1915282315"},{"nama_jabatan":"Deputi GM Electric","child":[30],"bisa_punya_anak":true,"index":28,"parent":11,"users":[35],"deletable":true,"level":2,"id":"1915282247"},{"nama_jabatan":"Manager Equipment","child":[],"bisa_punya_anak":true,"index":29,"parent":14,"users":[],"deletable":true,"level":3,"id":"1915282251"},{"nama_jabatan":"Manager Technician","child":[],"bisa_punya_anak":true,"index":30,"parent":28,"users":[],"deletable":true,"level":3,"id":"1915282258"},{"nama_jabatan":"Manager Cooperation","child":[],"bisa_punya_anak":true,"index":31,"parent":11,"users":[38],"deletable":true,"level":2,"id":"1915282249"},{"nama_jabatan":"Metalurgist 1","child":[],"bisa_punya_anak":true,"index":32,"parent":13,"users":[],"deletable":true,"level":3,"id":"1915282270"},{"nama_jabatan":"Metallurgist 2","child":[],"bisa_punya_anak":true,"index":33,"parent":13,"users":[43],"deletable":true,"level":3,"id":"1915282233"},{"nama_jabatan":"Assistant Manager","child":[],"bisa_punya_anak":true,"index":34,"parent":13,"users":[],"deletable":true,"level":3,"id":"1915282271"},{"nama_jabatan":"Ketua Area Oproduksi","child":[37,38,39],"bisa_punya_anak":true,"index":35,"parent":27,"users":[44],"deletable":true,"level":4,"id":"1915282356"},{"nama_jabatan":"Wakil Ketua Area Produksi","child":[],"bisa_punya_anak":true,"index":36,"parent":27,"users":[45],"deletable":true,"level":4,"id":"1915282291"},{"nama_jabatan":"Ketua Regu 1","child":[40,41,53],"bisa_punya_anak":true,"index":37,"parent":35,"users":[46],"deletable":true,"level":5,"id":"1915282262"},{"nama_jabatan":"Ketua Regu 2","child":[],"bisa_punya_anak":true,"index":38,"parent":35,"users":[47],"deletable":true,"level":5,"id":"1915282320"},{"nama_jabatan":"Ketua Regu 3","child":[],"bisa_punya_anak":true,"index":39,"parent":35,"users":[48],"deletable":true,"level":5,"id":"1915282376"},{"nama_jabatan":"Ketua Seksi Praolahan","child":[42,43,44,45,46,47,48,49,50,51,52],"bisa_punya_anak":true,"index":40,"parent":37,"users":[],"deletable":true,"level":6,"id":"1915282281"},{"nama_jabatan":"Ketua Seksi Kalsinasi","child":[54,55,56,57,58,59],"bisa_punya_anak":true,"index":41,"parent":37,"users":[],"deletable":true,"level":6,"id":"1915282263"},{"nama_jabatan":"Operator While Loader-1 Area 1","child":[],"bisa_punya_anak":true,"index":42,"parent":40,"users":[],"deletable":true,"level":7,"id":"1915282454"},{"nama_jabatan":"Operator While Loader-2 Area 1","child":[],"bisa_punya_anak":true,"index":43,"parent":40,"users":[],"deletable":true,"level":7,"id":"1915282359"},{"nama_jabatan":"Operator Conveyor Area 1","child":[],"bisa_punya_anak":true,"index":44,"parent":40,"users":[],"deletable":true,"level":7,"id":"1915282216"},{"nama_jabatan":"Operator Loader-1 Area ROSY","child":[],"bisa_punya_anak":true,"index":45,"parent":40,"users":[],"deletable":true,"level":7,"id":"1915282299"},{"nama_jabatan":"Operator Loader-2 Area ROSY","child":[],"bisa_punya_anak":true,"index":46,"parent":40,"users":[],"deletable":true,"level":7,"id":"1915282248"},{"nama_jabatan":"Operator Excavator-1 Area ROSY","child":[],"bisa_punya_anak":true,"index":47,"parent":40,"users":[],"deletable":true,"level":7,"id":"1915282266"},{"nama_jabatan":"Operator Excavator-2 Area ROSY","child":[],"bisa_punya_anak":true,"index":48,"parent":40,"users":[23],"deletable":true,"level":7,"id":"1915282236"},{"nama_jabatan":"Opeartor Screening dan Conveyor","child":[],"bisa_punya_anak":true,"index":49,"parent":40,"users":[],"deletable":true,"level":7,"id":"1915282250"},{"nama_jabatan":"Operator Rotary Dryer-1","child":[],"bisa_punya_anak":true,"index":50,"parent":40,"users":[],"deletable":true,"level":7,"id":"1915282282"},{"nama_jabatan":"Operator Crushing-Screening","child":[],"bisa_punya_anak":true,"index":51,"parent":40,"users":[],"deletable":true,"level":7,"id":"1915282280"},{"nama_jabatan":"Operator Control Room","child":[],"bisa_punya_anak":true,"index":52,"parent":40,"users":[],"deletable":true,"level":7,"id":"1915282394"},{"nama_jabatan":"Ketua Seksi Smelting","child":[60,61,62,63,64,65,66,67,68,69],"bisa_punya_anak":true,"index":53,"parent":37,"users":[],"deletable":true,"level":6,"id":"1915282372"},{"nama_jabatan":"Operator (1) Mixing Plant-1","child":[],"bisa_punya_anak":true,"index":54,"parent":41,"users":[],"deletable":true,"level":7,"id":"1915282231"},{"nama_jabatan":"Operator (2) Mixing Plant-1","child":[],"bisa_punya_anak":true,"index":55,"parent":41,"users":[],"deletable":true,"level":7,"id":"1915282348"},{"nama_jabatan":"Operator (1) Rotary Kiln-1","child":[],"bisa_punya_anak":true,"index":56,"parent":41,"users":[],"deletable":true,"level":7,"id":"1915282297"},{"nama_jabatan":"Operator (2) Rotary Kiln-1","child":[],"bisa_punya_anak":true,"index":57,"parent":41,"users":[11],"deletable":true,"level":7,"id":"1915282241"},{"nama_jabatan":"Operator Control Room Mixing Plant-1","child":[],"bisa_punya_anak":true,"index":58,"parent":41,"users":[],"deletable":true,"level":7,"id":"1915283216"},{"nama_jabatan":"Operator Control Room Rotary Kiln-1","child":[],"bisa_punya_anak":true,"index":59,"parent":41,"users":[],"deletable":true,"level":7,"id":"1915283242"},{"nama_jabatan":"Operator Pengumpanan Kalsin EF-1","child":[],"bisa_punya_anak":true,"index":60,"parent":53,"users":[26],"deletable":true,"level":7,"id":"1915283270"},{"nama_jabatan":"Operator (1) Metal Tapping EF-1","child":[],"bisa_punya_anak":true,"index":61,"parent":53,"users":[],"deletable":true,"level":7,"id":"1915283266"},{"nama_jabatan":"Operator (2) Metal Tapping EF-1","child":[],"bisa_punya_anak":true,"index":62,"parent":53,"users":[],"deletable":true,"level":7,"id":"1915283286"},{"nama_jabatan":"Operator (3) Metal Tapping EF-1","child":[],"bisa_punya_anak":true,"index":63,"parent":53,"users":[],"deletable":true,"level":7,"id":"1915283213"},{"nama_jabatan":"Operator (1) Metal Casting EF-1","child":[],"bisa_punya_anak":true,"index":64,"parent":53,"users":[],"deletable":true,"level":7,"id":"1915283253"},{"nama_jabatan":"Operator (1) Slag Tapping EF-1","child":[],"bisa_punya_anak":true,"index":65,"parent":53,"users":[],"deletable":true,"level":7,"id":"1915283233"},{"nama_jabatan":"Operator (2) Slag Tapping EF-1","child":[],"bisa_punya_anak":true,"index":66,"parent":53,"users":[],"deletable":true,"level":7,"id":"1915283284"},{"nama_jabatan":"Operator (2) Slag Tapping EF-1","child":[],"bisa_punya_anak":true,"index":67,"parent":53,"users":[],"deletable":true,"level":7,"id":"1915283219"},{"nama_jabatan":"Operator (1) Slag Holder Truck EF-1","child":[],"bisa_punya_anak":true,"index":68,"parent":53,"users":[],"deletable":true,"level":7,"id":"1915283250"},{"nama_jabatan":"Operator (2) Slag Holder Truck EF-1","child":[],"bisa_punya_anak":true,"index":69,"parent":53,"users":[],"deletable":true,"level":7,"id":"1915283353"},{"nama_jabatan":"Manager HRD","child":[74,75,76,79,80,81],"bisa_punya_anak":true,"index":70,"parent":18,"users":[50],"deletable":true,"level":3,"id":"1915283357"},{"nama_jabatan":"Manager CSR","child":[77,78],"bisa_punya_anak":true,"index":71,"parent":18,"users":[],"deletable":true,"level":3,"id":"1915283283"},{"nama_jabatan":"Administrasi 1","child":[],"bisa_punya_anak":true,"index":72,"parent":18,"users":[],"deletable":true,"level":3,"id":"1915283297"},{"nama_jabatan":"Admisnistrasi 2","child":[],"bisa_punya_anak":true,"index":73,"parent":18,"users":[],"deletable":true,"level":3,"id":"1915283352"},{"nama_jabatan":"Ass. Manager IR & Recruitment","child":[],"bisa_punya_anak":true,"index":74,"parent":70,"users":[51],"deletable":true,"level":4,"id":"1915283269"},{"nama_jabatan":"Ass. Manager Comben","child":[],"bisa_punya_anak":true,"index":75,"parent":70,"users":[52],"deletable":true,"level":4,"id":"1915283211"},{"nama_jabatan":"Ass. Manager HRIS","child":[],"bisa_punya_anak":true,"index":76,"parent":70,"users":[53],"deletable":true,"level":4,"id":"1915283332"},{"nama_jabatan":"Ass. Manager CSR Internal","child":[],"bisa_punya_anak":true,"index":77,"parent":71,"users":[57],"deletable":true,"level":4,"id":"1915283273"},{"nama_jabatan":"Ass. Manager CSR External","child":[],"bisa_punya_anak":true,"index":78,"parent":71,"users":[58],"deletable":true,"level":4,"id":"1915283296"},{"nama_jabatan":"Admin HRD 1","child":[],"bisa_punya_anak":true,"index":79,"parent":70,"users":[54],"deletable":true,"level":4,"id":"1915283379"},{"nama_jabatan":"Admin HRD 2","child":[],"bisa_punya_anak":true,"index":80,"parent":70,"users":[55],"deletable":true,"level":4,"id":"1915283316"},{"nama_jabatan":"Admin HRD 3","child":[],"bisa_punya_anak":true,"index":81,"parent":70,"users":[56],"deletable":true,"level":4,"id":"1915283212"},{"nama_jabatan":"\u76d1\u4e8b Commisioner","child":[],"bisa_punya_anak":false,"index":82,"$$hashKey":"object:5","parent":-1,"users":[0],"level":-1,"id":"1915283263"}]