[{"employee_id":"1915283145","period_start":"2019-08-16","period_end":"2019-09-16","realisasi":[{"name":"0","unit":"%","pw_1":"5","pw_2":"5","pt_t1":"5.0","pt_k1":"5.0","pt_t2":"5.0","pt_k2":"5.0","real_t1":"5.0","real_k1":"5.0","real_t2":"5.0","real_k2":"5.0"},{"name":"1","unit":"%","pw_1":"15","pw_2":"15","pt_t1":"100","pt_k1":"95.5","pt_t2":"100","pt_k2":"98","real_t1":"95.5","real_k1":"95.5","real_t2":"100","real_k2":"98"},{"name":"2","unit":"%","pw_1":"20","pw_2":"20","pt_t1":"0","pt_k1":"0","pt_t2":"0","pt_k2":"0","real_t1":"0.0","real_k1":"0.0","real_t2":"0.0","real_k2":"0.0"},{"name":"3","unit":"MT","pw_1":"45","pw_2":"45","pt_t1":"0","pt_k1":"0","pt_t2":"1","pt_k2":"1","real_t1":"0","real_k1":"0","real_t2":"1.5","real_k2":"1"},{"name":"4","unit":"%","pw_1":"15","pw_2":"15","pt_t1":"100","pt_k1":"100","pt_t2":"100","pt_k2":"100","real_t1":"100.0","real_k1":"100","real_t2":"100","real_k2":"100"},{"name":"5","unit":"%","pw_1":"10","pw_2":"0","pt_t1":"15","pt_k1":"15","pt_t2":"30","pt_k2":"30","real_t1":"15","real_k1":"15","real_t2":"30","real_k2":"30"},{"name":"6","unit":"%","pw_1":"10","pw_2":"10","pt_t1":"100","pt_k1":"100","pt_t2":"100","pt_k2":"100","real_t1":"100","real_k1":"100","real_t2":"100","real_k2":"100"},{"name":"7","unit":"%","pw_1":"20","pw_2":"20","pt_t1":"20","pt_k1":"20","pt_t2":"40","pt_k2":"40","real_t1":"20","real_k1":"20","real_t2":"40","real_k2":"40"}]},{"employee_id":"1915284162","period_start":"2019-08-16","period_end":"2019-09-16","realisasi":[{"name":"\u8d44\u91d1\u7ba1\u7406\u53ca\u7a0e\u6536\u4f18\u60e0\u00a0Fund Management & Preferential Tax","unit":"%","pw_1":"10","pw_2":"10","pt_t1":"100.0","pt_k1":"100.0","pt_t2":"100.0","pt_k2":"100.0","real_t1":"100.0","real_k1":"100.0","real_t2":"100.0","real_k2":"100.0"},{"name":"\u6536\u5165\u00a0Revenue","unit":"$","pw_1":"15","pw_2":"15","pt_t1":"5560000","pt_k1":"22520000","pt_t2":"7520672","pt_k2":"30040672","real_t1":"5880000","real_k1":"24700000","real_t2":"3455000","real_k2":"28155000"},{"name":"\u4f01\u4e1a\u6cd5\u5f8b\u4fdd\u62a4 Corporate Legal Protectiveness","unit":"#","pw_1":"10","pw_2":"10","pt_t1":"0","pt_k1":"0","pt_t2":"0","pt_k2":"0","real_t1":"0","real_k1":"0","real_t2":"0","real_k2":"0"},{"name":"\u6574\u4f53\u9879\u76ee\u5efa\u8bbe Overall Project Construction","unit":"%","pw_1":"20","pw_2":"20","pt_t1":"100","pt_k1":"100","pt_t2":"100","pt_k2":"100","real_t1":"110.0","real_k1":"110","real_t2":"95.03","real_k2":"95.03"},{"name":"\u5229\u6da6\u00a0Profit","unit":"$","pw_1":"20","pw_2":"20","pt_t1":"590209","pt_k1":"2390559","pt_t2":"798340","pt_k2":"3188899","real_t1":"1230000","real_k1":"6040000","real_t2":"681800","real_k2":"6721800"},{"name":"\u5065\u5eb7\u3001\u5b89\u5168\u4e0e\u73af\u4fdd\u548c\u73af\u5883\u7ef4\u62a4 HSE dan pemeliharaan lingkungan hidup","unit":"%","pw_1":"10","pw_2":"10","pt_t1":"100","pt_k1":"100","pt_t2":"100","pt_k2":"100","real_t1":"100","real_k1":"100","real_t2":"100","real_k2":"100"},{"name":"\u7ee9\u6548\u7ba1\u7406\u4f53\u7cfb\u7684\u6709\u6548\u6027 Performance Management System Effectivenes","unit":"%","pw_1":"15","pw_2":"15","pt_t1":"60","pt_k1":"60","pt_t2":"60","pt_k2":"60","real_t1":"66","real_k1":"60","real_t2":"60","real_k2":"60"},{"name":"\u7ee9\u6548\u7ba1\u7406\u4f53\u7cfb\u7684\u6709\u6548\u6027 Performance Management System Effectivenes","unit":"%","pw_1":"15","pw_2":"15","pt_t1":"60","pt_k1":"60","pt_t2":"60","pt_k2":"60","real_t1":"66","real_k1":"60","real_t2":"60","real_k2":"60"}]},{"employee_id":"1915284140","period_start":"2019-08-16","period_end":"2019-09-16","realisasi":[{"name":"\u8d44\u91d1\u7ba1\u7406\u53ca\u7a0e\u6536\u4f18\u60e0\u00a0Fund Management & Preferential Tax","unit":"%","pw_1":"10","pw_2":"10","pt_t1":"100.0","pt_k1":"100.0","pt_t2":"100.0","pt_k2":"100.0","real_t1":"100.0","real_k1":"100.0","real_t2":"100.0","real_k2":"100.0"},{"name":"\u6536\u5165\u00a0Revenue","unit":"$","pw_1":"10","pw_2":"10","pt_t1":"5560000","pt_k1":"22520000","pt_t2":"7520672","pt_k2":"30040672","real_t1":"5880000","real_k1":"24700000","real_t2":"3455000","real_k2":"28155000"},{"name":"\u4f01\u4e1a\u6cd5\u5f8b\u4fdd\u62a4 Corporate Legal Protectiveness","unit":"#","pw_1":"20","pw_2":"20","pt_t1":"0","pt_k1":"0","pt_t2":"0","pt_k2":"0","real_t1":"0","real_k1":"0","real_t2":"0","real_k2":"0"},{"name":"\u6574\u4f53\u9879\u76ee\u5efa\u8bbe Overall Project Construction","unit":"%","pw_1":"5","pw_2":"5","pt_t1":"100","pt_k1":"100","pt_t2":"100","pt_k2":"100","real_t1":"110.0","real_k1":"110","real_t2":"95.03","real_k2":"95.03"},{"name":"\u5229\u6da6\u00a0Profit","unit":"$","pw_1":"10","pw_2":"10","pt_t1":"590209","pt_k1":"2390559","pt_t2":"798340","pt_k2":"3188899","real_t1":"1230000","real_k1":"6040000","real_t2":"681800","real_k2":"6721800"},{"name":"\u5065\u5eb7\u3001\u5b89\u5168\u4e0e\u73af\u4fdd\u548c\u73af\u5883\u7ef4\u62a4 HSE dan pemeliharaan lingkungan hidup","unit":"%","pw_1":"10","pw_2":"10","pt_t1":"100","pt_k1":"100","pt_t2":"100","pt_k2":"100","real_t1":"100","real_k1":"100","real_t2":"100","real_k2":"100"},{"name":"\u7ee9\u6548\u7ba1\u7406\u4f53\u7cfb\u7684\u6709\u6548\u6027 Performance Management System Effectivenes","unit":"%","pw_1":"15","pw_2":"15","pt_t1":"60","pt_k1":"60","pt_t2":"60","pt_k2":"60","real_t1":"66","real_k1":"60","real_t2":"60","real_k2":"60"},{"name":"\u793e\u533a\u53d1\u5c55Pengembangan dan Pemberdayaan Masyarakat (PPM)","unit":"%","pw_1":"20","pw_2":"20","pt_t1":"40","pt_k1":"40","pt_t2":"40","pt_k2":"40","real_t1":"40","real_k1":"40","real_t2":"40","real_k2":"40"}]},{"employee_id":"1915284151","period_start":"2019-08-16","period_end":"2019-09-16","realisasi":[{"name":"\u8d44\u91d1\u9884\u7b97\u4e0e\u5b9e\u9645\u60c5\u51b5\u7684\u5dee\u5f02Variance Between Budget vs Realization","unit":"%","pw_1":"10","pw_2":"10","pt_t1":"5","pt_k1":"5","pt_t2":"5","pt_k2":"5","real_t1":"5","real_k1":"5","real_t2":"5","real_k2":"5"},{"name":"\u51b6\u70bc\u5382\u9879\u76ee\u5efa\u8bbeSmelter plant project construction","unit":"%","pw_1":"10","pw_2":"10","pt_t1":"100","pt_k1":"95.5","pt_t2":"100","pt_k2":"98","real_t1":"110","real_k1":"110","real_t2":"90.23","real_k2":"90.23"},{"name":"\u6536\u5165 \n    Revenue","unit":"$","pw_1":"15","pw_2":"15","pt_t1":"5560000","pt_k1":"22520000","pt_t2":"7520672","pt_k2":"30040672","real_t1":"5880000","real_k1":"24700000","real_t2":"3455000","real_k2":"28155000"},{"name":"\u91c7\u8d2d\u548c\u7269\u6d41\u7ba1\u7406\u00a0Procurement and Logistic management","unit":"%","pw_1":"10","pw_2":"10","pt_t1":"100","pt_k1":"100","pt_t2":"100","pt_k2":"100","real_t1":"100","real_k1":"100","real_t2":"100","real_k2":"100"},{"name":"\u751f\u4ea7\u51c6\u5907\u548c\u8c03\u8bd5\u00a0Persiapan produksi dan uji coba (commissioning)","unit":"%","pw_1":"20","pw_2":"15","pt_t1":"100","pt_k1":"100","pt_t2":"100","pt_k2":"100","real_t1":"100","real_k1":"100","real_t2":"100","real_k2":"100"},{"name":"\u5065\u5eb7\u3001\u5b89\u5168\u4e0e\u73af\u4fdd\u548c\u73af\u5883\u7ef4\u62a4 HSE dan pemeliharaan lingkungan hidup","unit":"%","pw_1":"10","pw_2":"10","pt_t1":"100","pt_k1":"100","pt_t2":"100","pt_k2":"100","real_t1":"100","real_k1":"100","real_t2":"100","real_k2":"100"},{"name":"\u751f\u4ea7\u652f\u6301\u7ba1\u7406\u00a0Production support management preparation","unit":"%","pw_1":"25","pw_2":"15","pt_t1":"20","pt_k1":"20","pt_t2":"45","pt_k2":"45","real_t1":"21","real_k1":"21","real_t2":"48","real_k2":"48"},{"name":"\u751f\u4ea7\u534f\u8c03\u914d\u5408\u00a0Kerja sama dalam Koordinasi Produksi","unit":"%","pw_1":"0","pw_2":"15","pt_t1":"0","pt_k1":"0","pt_t2":"100","pt_k2":"100","real_t1":"0","real_k1":"0","real_t2":"100","real_k2":"100"}]},{"employee_id":"1915284116","period_start":"2019-08-16","period_end":"2019-09-16","realisasi":[{"name":"\u7535\u5382\u5efa\u8bbePower plant construction","unit":"%","pw_1":"15","pw_2":"10","pt_t1":"100","pt_k1":"90","pt_t2":"100","pt_k2":"95","real_t1":"95.5","real_k1":"90","real_t2":"98.0","real_k2":"94"},{"name":"\u7535\u5382\u751f\u4ea7\u51c6\u5907\u53ca\u8bd5\u751f\u4ea7Persiapan dan Percobaan Produksi Power Plant","unit":"%","pw_1":"20","pw_2":"15","pt_t1":"100","pt_k1":"100","pt_t2":"100","pt_k2":"100","real_t1":"95.5","real_k1":"95.5","real_t2":"100","real_k2":"98"},{"name":"\u7535\u5382\u8fd0\u884c\u53ca\u53d1\u7535\u91cfOperasi dan Daya Pembangkit Power Plant","unit":"MV","pw_1":"25","pw_2":"15","pt_t1":"14","pt_k1":"14","pt_t2":"14","pt_k2":"14","real_t1":"14","real_k1":"14","real_t2":"15","real_k2":"15"},{"name":"\u5065\u5eb7\u3001\u5b89\u5168\u4e0e\u73af\u4fdd\u548c\u73af\u5883\u7ef4\u62a4\u00a0HSE dan pemeliharaan lingkungan hidup","unit":"%","pw_1":"10","pw_2":"10","pt_t1":"100","pt_k1":"100","pt_t2":"100","pt_k2":"100","real_t1":"100","real_k1":"100","real_t2":"100","real_k2":"100"},{"name":"\u6280\u672f\u521b\u65b0Inovasi Teknologi","unit":"%","pw_1":"20","pw_2":"10","pt_t1":"100","pt_k1":"100","pt_t2":"100","pt_k2":"100","real_t1":"100","real_k1":"100","real_t2":"100","real_k2":"100"},{"name":"\u539f\u8f85\u6599\u3001\u4ea7\u54c1\u8ba1\u91cf\u3001\u8d28\u91cf\u68c0\u6d4b\u7684\u51c6\u786e\u7387Ketepatan Pengukuran Volume dan Inspeksi Kualitas Raw Material & Produk","unit":"%","pw_1":"10","pw_2":"30","pt_t1":"100","pt_k1":"100","pt_t2":"100","pt_k2":"100","real_t1":"100","real_k1":"100","real_t2":"100","real_k2":"100"},{"name":"\u751f\u4ea7\u534f\u8c03\u914d\u5408Kerja sama dalam Koordinasi Produksi","unit":"%","pw_1":"0","pw_2":"10","pt_t1":"0","pt_k1":"0","pt_t2":"100","pt_k2":"100","real_t1":"0","real_k1":"0","real_t2":"100","real_k2":"100"}]},{"employee_id":"1915284252","period_start":"2019-08-16","period_end":"2019-09-16","realisasi":[{"name":"\u8d44\u91d1\u9884\u7b97\u4e0e\u5b9e\u9645\u60c5\u51b5\u7684\u5dee\u5f02Variance Between Budget vs Realization","unit":"%","pw_1":"15","pw_2":"15","pt_t1":"5","pt_k1":"5","pt_t2":"5","pt_k2":"5","real_t1":"5","real_k1":"5","real_t2":"5","real_k2":"5"},{"name":"\u6574\u4f53\u9879\u76ee\u5efa\u8bbeOverall Project Construction","unit":"%","pw_1":"30","pw_2":"30","pt_t1":"100","pt_k1":"100","pt_t2":"100","pt_k2":"100","real_t1":"95.5","real_k1":"95.5","real_t2":"100","real_k2":"98"},{"name":"\u5065\u5eb7\u3001\u5b89\u5168\u4e0e\u73af\u4fdd\u548c\u73af\u5883\u7ef4\u62a4\u00a0HSE dan pemeliharaan lingkungan hidup","unit":"MV","pw_1":"25","pw_2":"25","pt_t1":"100","pt_k1":"100","pt_t2":"100","pt_k2":"100","real_t1":"100","real_k1":"100","real_t2":"100","real_k2":"100"},{"name":"\u6295\u8d44\u670d\u52a1\u4fbf\u5229\uff08\u7a0e\u6536\u4f18\u60e0\/\u51cf\u514d\u7a0e\uff09\u00a0Investment facilities (TA\/TH)","unit":"%","pw_1":"10","pw_2":"10","pt_t1":"20","pt_k1":"20","pt_t2":"40","pt_k2":"40","real_t1":"20","real_k1":"20","real_t2":"40","real_k2":"40"},{"name":"\u540e\u52e4\u4fdd\u969cSupport and Service","unit":"\u89c4\u6a21 Scale","pw_1":"20","pw_2":"20","pt_t1":"3","pt_k1":"3","pt_t2":"3","pt_k2":"3","real_t1":"3","real_k1":"3","real_t2":"4","real_k2":"3"}]},{"employee_id":"1915284139","period_start":"2019-08-16","period_end":"2019-09-16","realisasi":[{"name":"\u4ea7\u91cfVolume Produksi","unit":"WMT","pw_1":"30","pw_2":"25","pt_t1":"180000","pt_k1":"720000","pt_t2":"215000","pt_k2":"935000","real_t1":"185066","real_k1":"718835","real_t2":"224266","real_k2":"943101"},{"name":"\u77ff\u77f3\u9500\u552e\u6536\u5165\u3001\u5229\u6da6Revenue & Profit Penjualan ore","unit":"%","pw_1":"15","pw_2":"15","pt_t1":"100","pt_k1":"100","pt_t2":"100","pt_k2":"100","real_t1":"100","real_k1":"100","real_t2":"100","real_k2":"100"},{"name":"\u77ff\u77f3\u8d28\u91cfKualitas ore","unit":"%","pw_1":"25","pw_2":"25","pt_t1":"100","pt_k1":"100","pt_t2":"100","pt_k2":"100","real_t1":"100","real_k1":"100","real_t2":"100","real_k2":"100"},{"name":"\u5065\u5eb7\u3001\u5b89\u5168\u4e0e\u73af\u4fdd\u548c\u73af\u5883\u7ef4\u62a4\u00a0HSE dan pemeliharaan lingkungan hidup","unit":"%","pw_1":"10","pw_2":"10","pt_t1":"100","pt_k1":"100","pt_t2":"100","pt_k2":"100","real_t1":"100","real_k1":"100","real_t2":"100","real_k2":"100"},{"name":"\u77ff\u5c71\u8d44\u6e90\u83b7\u53d6Resources Mining yang diperoleh","unit":"%","pw_1":"20","pw_2":"15","pt_t1":"100","pt_k1":"100","pt_t2":"100","pt_k2":"100","real_t1":"100","real_k1":"100","real_t2":"100","real_k2":"100"},{"name":"\u751f\u4ea7\u534f\u8c03\u914d\u5408Kerja sama dalam Koordinasi Produksi","unit":"%","pw_1":"0","pw_2":"10","pt_t1":"0","pt_k1":"0","pt_t2":"100","pt_k2":"50","real_t1":"0","real_k1":"0","real_t2":"100","real_k2":"100"}]},{"employee_id":"1915284172","period_start":"2019-08-16","period_end":"2019-09-16","realisasi":[{"name":"\u8d44\u91d1\u9884\u7b97\u4e0e\u5b9e\u9645\u60c5\u51b5\u7684\u5dee\u5f02Variance Between Budget vs Realization","unit":"%","pw_1":"10","pw_2":"10","pt_t1":"5","pt_k1":"5","pt_t2":"5","pt_k2":"5","real_t1":"5","real_k1":"5","real_t2":"5","real_k2":"5"},{"name":"\u8d44\u91d1\u7ba1\u7406\u53ca\u7a0e\u6536\u4f18\u60e0Fund Management & Preferential Tax","unit":"%","pw_1":"25","pw_2":"25","pt_t1":"100","pt_k1":"100","pt_t2":"100","pt_k2":"100","real_t1":"95.5","real_k1":"95.5","real_t2":"100","real_k2":"98"},{"name":"\u6295\u8d44\u670d\u52a1\u4fbf\u5229\uff08\u7a0e\u6536\u4f18\u60e0\/\u51cf\u514d\u7a0e\uff09 \n    Investment facilities (TA\/TH)","unit":"%","pw_1":"25","pw_2":"25","pt_t1":"20","pt_k1":"20","pt_t2":"40","pt_k2":"40","real_t1":"20","real_k1":"20","real_t2":"40","real_k2":"40"},{"name":"\u6536\u5165\u00a0Revenue","unit":"$","pw_1":"10","pw_2":"10","pt_t1":"6160000","pt_k1":"16960000","pt_t2":"5560000","pt_k2":"22520000","real_t1":"5500000","real_k1":"15191455","real_t2":"5600000","real_k2":"20791455"},{"name":"\u6574\u4f53\u9879\u76ee\u5efa\u8bbeOverall Project Construction","unit":"%","pw_1":"10","pw_2":"10","pt_t1":"100","pt_k1":"100","pt_t2":"100","pt_k2":"100","real_t1":"96","real_k1":"90","real_t2":"100","real_k2":"95"},{"name":"\u5229\u6da6Profit","unit":"$","pw_1":"10","pw_2":"10","pt_t1":"653901","pt_k1":"1800350","pt_t2":"590209","pt_k2":"2390559","real_t1":"550000","real_k1":"5550000","real_t2":"600000","real_k2":"6150000"},{"name":"\u5408\u540c\u7ba1\u7406\u53ca\u6587\u4ef6\u5f52\u6863Pengelolaan Kontrak dan Arsip Dokumen","unit":"%\u00a0","pw_1":"5","pw_2":"5","pt_t1":"20","pt_k1":"20","pt_t2":"20","pt_k2":"20","real_t1":"20","real_k1":"20","real_t2":"20","real_k2":"20"},{"name":"\u7efc\u5408\u4fdd\u969c\u670d\u52a1General Service Support","unit":"\u89c4\u6a21\n    Scale","pw_1":"5","pw_2":"5","pt_t1":"3","pt_k1":"3","pt_t2":"3","pt_k2":"3","real_t1":"3","real_k1":"3","real_t2":"4","real_k2":"3"}]},{"employee_id":"1915284127","period_start":"2019-08-16","period_end":"2019-09-16","realisasi":[{"name":"\u7ee9\u6548\u7ba1\u7406\u4f53\u7cfb\u7684\u6709\u6548\u6027Performance Management System Effectivenes","unit":"%","pw_1":"20","pw_2":"20","pt_t1":"20","pt_k1":"20","pt_t2":"40","pt_k2":"40","real_t1":"20","real_k1":"20","real_t2":"40","real_k2":"40"},{"name":"\u4eba\u5458\u62db\u8058\u53ca\u57f9\u8badPerekrutan & PelatihanTenaga Kerja","unit":"#","pw_1":"25","pw_2":"20","pt_t1":"269","pt_k1":"571","pt_t2":"336","pt_k2":"907","real_t1":"270","real_k1":"400","real_t2":"330","real_k2":"730"},{"name":"\u6574\u4f53\u9879\u76ee\u5efa\u8bbe Overall Project Construction","unit":"%","pw_1":"10","pw_2":"10","pt_t1":"100","pt_k1":"100","pt_t2":"100","pt_k2":"100","real_t1":"96","real_k1":"90","real_t2":"100","real_k2":"95"},{"name":"\u5065\u5eb7\u3001\u5b89\u5168\u4e0e\u73af\u4fdd\u548c\u73af\u5883\u7ef4\u62a4 HSE dan pemeliharaan lingkungan hidup","unit":"%","pw_1":"10","pw_2":"10","pt_t1":"100","pt_k1":"100","pt_t2":"100","pt_k2":"100","real_t1":"100","real_k1":"100","real_t2":"100","real_k2":"100"},{"name":"\u653f\u5e9c\u548c\u5bf9\u5916\u5173\u7cfb\u6307\u6570\n    Government & Public Relation Index","unit":"\u89c4\u6a21\n    Scale","pw_1":"10","pw_2":"10","pt_t1":"3","pt_k1":"3","pt_t2":"3","pt_k2":"3","real_t1":"3","real_k1":"3","real_t2":"4","real_k2":"4"},{"name":"\u793e\u533a\u53d1\u5c55\n    Pengembangan dan Pemberdayaan Masyarakat (PPM)","unit":"%","pw_1":"25","pw_2":"20","pt_t1":"20","pt_k1":"20","pt_t2":"40","pt_k2":"40","real_t1":"20","real_k1":"20","real_t2":"40","real_k2":"40"},{"name":"\u5de5\u4f5c\u534f\u8c03\u914d\u5408\n    Kerja sama dalam Koordinasi Pekerjaan","unit":"%","pw_1":"0","pw_2":"10","pt_t1":"0","pt_k1":"0","pt_t2":"100","pt_k2":"100","real_t1":"0","real_k1":"0","real_t2":"100","real_k2":"100"}]},{"employee_id":"1915284158","period_start":"2019-08-16","period_end":"2019-09-16","realisasi":[{"name":"\u8d44\u91d1\u9884\u7b97\u4e0e\u5b9e\u9645\u60c5\u51b5\u7684\u5dee\u5f02Variance Between Budget vs Realization","unit":"%","pw_1":"10","pw_2":"10","pt_t1":"5","pt_k1":"5","pt_t2":"5","pt_k2":"5","real_t1":"5","real_k1":"5","real_t2":"5","real_k2":"5"},{"name":"\u9879\u76ee\u5efa\u8bbeproject construction","unit":"%","pw_1":"5","pw_2":"5","pt_t1":"100","pt_k1":"95.5","pt_t2":"100","pt_k2":"98","real_t1":"95.5","real_k1":"95.5","real_t2":"100","real_k2":"98"},{"name":"\u6536\u5165\u00a0Revenue","unit":"$","pw_1":"20","pw_2":"20","pt_t1":"6160000","pt_k1":"16960000","pt_t2":"5560000","pt_k2":"22520000","real_t1":"5500000","real_k1":"15191455","real_t2":"5600000","real_k2":"20791455"},{"name":"\u539f\u8f85\u6599\u3001\u6750\u6599\u3001\u8bbe\u5907\u91c7\u8d2d\u5230\u8d27\u53ca\u65f6\u6027Ketepatan waktu bahan baku, material dan peralatan tiba di lapangan","unit":"%","pw_1":"20","pw_2":"20","pt_t1":"100","pt_k1":"100","pt_t2":"100","pt_k2":"100","real_t1":"100","real_k1":"100","real_t2":"100","real_k2":"100"},{"name":"\u539f\u8f85\u6599\u3001\u6750\u6599\u3001\u8bbe\u5907\u91c7\u8d2d\u8d28\u91cf\u3001\u6570\u91cfKualitas dan volume bahan baku, material dan peralatan yang dibeli","unit":"%","pw_1":"20","pw_2":"20","pt_t1":"100","pt_k1":"100","pt_t2":"100","pt_k2":"100","real_t1":"100","real_k1":"100","real_t2":"100","real_k2":"100"},{"name":"\u5065\u5eb7\u3001\u5b89\u5168\u4e0e\u73af\u4fdd\u548c\u73af\u5883\u7ef4\u62a4\u00a0HSE dan pemeliharaan lingkungan hidup","unit":"%","pw_1":"5","pw_2":"5","pt_t1":"100","pt_k1":"100","pt_t2":"100","pt_k2":"100","real_t1":"100","real_k1":"100","real_t2":"100","real_k2":"100"},{"name":"\u751f\u4ea7\u534f\u8c03\u914d\u5408Kerja Sama dalam Koordinasi Produksi","unit":"%","pw_1":"0","pw_2":"10","pt_t1":"0","pt_k1":"0","pt_t2":"100","pt_k2":"100","real_t1":"0","real_k1":"0","real_t2":"100","real_k2":"100"},{"name":"\u7269\u6599\u7ba1\u7406Manajemen Logistik","unit":"%","pw_1":"10","pw_2":"5","pt_t1":"100","pt_k1":"100","pt_t2":"100","pt_k2":"100","real_t1":"100","real_k1":"100","real_t2":"100","real_k2":"100"},{"name":"\u5e93\u5b58\u7ba1\u7406Manajemen Gudang","unit":"%","pw_1":"10","pw_2":"5","pt_t1":"100","pt_k1":"100","pt_t2":"100","pt_k2":"100","real_t1":"100","real_k1":"100","real_t2":"100","real_k2":"100"}]},{"employee_id":"1915284128","period_start":"2019-08-16","period_end":"2019-09-16","realisasi":[{"name":"\u9879\u76ee\u5efa\u8bbe project construction","unit":"%","pw_1":"5","pw_2":"5","pt_t1":"100","pt_k1":"95.5","pt_t2":"100","pt_k2":"97.8","real_t1":"95.5","real_k1":"95.5","real_t2":"100","real_k2":"97.8"},{"name":"\u751f\u4ea7\u51c6\u5907\u548c\u8c03\u8bd5 Persiapan produksi dan uji coba (commissioning)","unit":"%","pw_1":"15","pw_2":"10","pt_t1":"100","pt_k1":"100","pt_t2":"100","pt_k2":"100","real_t1":"100","real_k1":"100","real_t2":"100","real_k2":"100"},{"name":"\u51fa\u77ff\u91cf Tonase Produksi Ore","unit":"WMT","pw_1":"10","pw_2":"10","pt_t1":"180000","pt_k1":"540000","pt_t2":"250000","pt_k2":"790000","real_t1":"0","real_k1":"550000","real_t2":"250000","real_k2":"800000"},{"name":"\u53d1\u7535\u91cf Daya Listrik yang dihasilkan","unit":"MW","pw_1":"10","pw_2":"10","pt_t1":"14","pt_k1":"14","pt_t2":"14","pt_k2":"14","real_t1":"14","real_k1":"14","real_t2":"15","real_k2":"14"},{"name":"\u954d\u94c1\u4ea7\u91cf Tonase Produksi FeNi","unit":"MT","pw_1":"10","pw_2":"10","pt_t1":"0","pt_k1":"0","pt_t2":"1","pt_k2":"1","real_t1":"0","real_k1":"0","real_t2":"1.5","real_k2":"1.5"},{"name":"\u5b89\u5168\u4e8b\u6545 Kecelakaan Kerja","unit":"#","pw_1":"25","pw_2":"20","pt_t1":"0","pt_k1":"0","pt_t2":"0","pt_k2":"0","real_t1":"0","real_k1":"0","real_t2":"0","real_k2":"0"},{"name":"\u73af\u4fdd\u4e8b\u6545 Pencemaran Lingkungan","unit":"#","pw_1":"25","pw_2":"20","pt_t1":"0","pt_k1":"0","pt_t2":"0","pt_k2":"0","real_t1":"0","real_k1":"0","real_t2":"0","real_k2":"0"},{"name":"\u751f\u4ea7\u534f\u8c03\u914d\u5408 Kerja sama dalam Koordinasi Produksi","unit":"%","pw_1":"0","pw_2":"15","pt_t1":"0","pt_k1":"100","pt_t2":"100","pt_k2":"100","real_t1":"100","real_k1":"100","real_t2":"100","real_k2":"100"}]},{"employee_id":"1915284117","period_start":"2019-08-16","period_end":"2019-09-16","realisasi":[{"name":"\u8d44\u91d1\u9884\u7b97\u4e0e\u5b9e\u9645\u60c5\u51b5\u7684\u5dee\u5f02Variance Between Budget vs Realization","unit":"%","pw_1":"5","pw_2":"5","pt_t1":"5","pt_k1":"5","pt_t2":"5","pt_k2":"5","real_t1":"5","real_k1":"5","real_t2":"5","real_k2":"5"},{"name":"\u51b6\u70bc\u5382\u9879\u76ee\u5efa\u8bbeSmelter plant project construction","unit":"%","pw_1":"15","pw_2":"15","pt_t1":"100","pt_k1":"95.5","pt_t2":"100","pt_k2":"98","real_t1":"95.5","real_k1":"95.5","real_t2":"100","real_k2":"98"},{"name":"\u51b6\u70bc\u5382\u4ea7\u91cf\u3001\u54c1\u4f4dVolume Produksi dan Kadar Smelter plant","unit":"MT","pw_1":"45","pw_2":"45","pt_t1":"0","pt_k1":"0","pt_t2":"1","pt_k2":"1","real_t1":"0","real_k1":"0","real_t2":"1.5","real_k2":"1"},{"name":"\u751f\u4ea7\u51c6\u5907\u548c\u8c03\u8bd5\u00a0Persiapan produksi dan uji coba (commissioning)","unit":"%","pw_1":"15","pw_2":"15","pt_t1":"100","pt_k1":"100","pt_t2":"100","pt_k2":"100","real_t1":"100","real_k1":"100","real_t2":"100","real_k2":"100"},{"name":"\u5065\u5eb7\u3001\u5b89\u5168\u4e0e\u73af\u4fdd\u548c\u73af\u5883\u7ef4\u62a4\u00a0HSE dan pemeliharaan lingkungan hidup","unit":"%","pw_1":"10","pw_2":"10","pt_t1":"15","pt_k1":"15","pt_t2":"30","pt_k2":"30","real_t1":"15","real_k1":"15","real_t2":"30","real_k2":"30"},{"name":"\u751f\u4ea7\u534f\u8c03\u914d\u5408\u00a0Kerja sama dalam Koordinasi Produksi","unit":"%","pw_1":"10","pw_2":"10","pt_t1":"100","pt_k1":"100","pt_t2":"100","pt_k2":"100","real_t1":"100","real_k1":"100","real_t2":"100","real_k2":"100"}]},{"employee_id":"1915284199","period_start":"2019-08-16","period_end":"2019-09-16","realisasi":[{"name":"\u6574\u4f53\u9879\u76ee\u5efa\u8bbeOverall Project Construction","unit":"%","pw_1":"10","pw_2":"10","pt_t1":"100","pt_k1":"100","pt_t2":"100","pt_k2":"100","real_t1":"95.5","real_k1":"90","real_t2":"98","real_k2":"94"},{"name":"\u8bbe\u5907\u3001\u8bbe\u65bd\u5b8c\u597d\u7387\u53ca\u68c0\u4fee\u4fdd\u969cPemeliharaan, pemeriksaan dan availability peralatan dan fasiltas","unit":"%","pw_1":"40","pw_2":"35","pt_t1":"100","pt_k1":"100","pt_t2":"100","pt_k2":"100","real_t1":"100","real_k1":"100","real_t2":"100","real_k2":"100"},{"name":"\u5065\u5eb7\u3001\u5b89\u5168\u4e0e\u73af\u4fdd\u548c\u73af\u5883\u7ef4\u62a4\u00a0HSE dan pemeliharaan lingkungan hidup","unit":"%","pw_1":"10","pw_2":"10","pt_t1":"100","pt_k1":"100","pt_t2":"100","pt_k2":"100","real_t1":"100","real_k1":"100","real_t2":"100","real_k2":"100"},{"name":"\u751f\u4ea7\u4fdd\u969c\u8fd0\u8f93Performa transportasi","unit":"%","pw_1":"40","pw_2":"35","pt_t1":"100","pt_k1":"100","pt_t2":"100","pt_k2":"100","real_t1":"100","real_k1":"100","real_t2":"100","real_k2":"100"},{"name":"\u751f\u4ea7\u534f\u8c03\u914d\u5408Kerja sama dalam Koordinasi Produksi","unit":"%","pw_1":"0","pw_2":"10","pt_t1":"0","pt_k1":"0","pt_t2":"100","pt_k2":"100","real_t1":"0","real_k1":"0","real_t2":"100","real_k2":"100"}]},{"employee_id":"1915284152","period_start":"2019-08-16","period_end":"2019-09-16","realisasi":[{"name":"\u8d44\u91d1\u9884\u7b97\u4e0e\u5b9e\u9645\u60c5\u51b5\u7684\u5dee\u5f02Variance Between Budget vs Realization","unit":"%","pw_1":"5","pw_2":"5","pt_t1":"5","pt_k1":"5","pt_t2":"5","pt_k2":"5","real_t1":"5","real_k1":"5","real_t2":"5","real_k2":"5"},{"name":"\u51b6\u70bc\u5382\u9879\u76ee\u5efa\u8bbeSmelter plant project construction","unit":"%","pw_1":"15","pw_2":"15","pt_t1":"100","pt_k1":"95.5","pt_t2":"100","pt_k2":"98","real_t1":"95.5","real_k1":"95.5","real_t2":"100","real_k2":"98"},{"name":"\u51b6\u70bc\u5382\u4ea7\u91cf\u3001\u54c1\u4f4dVolume Produksi dan Kadar Smelter plant","unit":"MT","pw_1":"45","pw_2":"45","pt_t1":"0","pt_k1":"0","pt_t2":"1","pt_k2":"1","real_t1":"0","real_k1":"0","real_t2":"1.5","real_k2":"1"},{"name":"\u751f\u4ea7\u51c6\u5907\u548c\u8c03\u8bd5\u00a0Persiapan produksi dan uji coba (commissioning)","unit":"%","pw_1":"15","pw_2":"15","pt_t1":"100","pt_k1":"100","pt_t2":"100","pt_k2":"100","real_t1":"100","real_k1":"100","real_t2":"100","real_k2":"100"},{"name":"\u5065\u5eb7\u3001\u5b89\u5168\u4e0e\u73af\u4fdd\u548c\u73af\u5883\u7ef4\u62a4\u00a0HSE dan pemeliharaan lingkungan hidup","unit":"%","pw_1":"10","pw_2":"10","pt_t1":"15","pt_k1":"15","pt_t2":"30","pt_k2":"30","real_t1":"15","real_k1":"15","real_t2":"30","real_k2":"30"},{"name":"\u751f\u4ea7\u534f\u8c03\u914d\u5408\u00a0Kerja sama dalam Koordinasi Produksi","unit":"%","pw_1":"10","pw_2":"10","pt_t1":"100","pt_k1":"100","pt_t2":"100","pt_k2":"100","real_t1":"100","real_k1":"100","real_t2":"100","real_k2":"100"}]},{"employee_id":"1915284138","period_start":"2019-08-16","period_end":"2019-09-16","realisasi":[]},{"employee_id":"1915284136","period_start":"2019-08-16","period_end":"2019-09-16","realisasi":[]},{"employee_id":"1915284282","period_start":"2019-08-16","period_end":"2019-09-16","realisasi":[{"name":"\u4ea7\u91cfVolume Produksi","unit":"WMT","pw_1":"30","pw_2":"25","pt_t1":"180000","pt_k1":"720000","pt_t2":"215000","pt_k2":"935000","real_t1":"185066","real_k1":"718835","real_t2":"204728","real_k2":"923563"},{"name":"\u77ff\u77f3\u9500\u552e\u6536\u5165\u3001\u5229\u6da6Revenue & Profit Penjualan ore","unit":"%","pw_1":"15","pw_2":"15","pt_t1":"100","pt_k1":"100","pt_t2":"100","pt_k2":"100","real_t1":"100","real_k1":"100","real_t2":"100","real_k2":"100"},{"name":"\u77ff\u77f3\u8d28\u91cfKualitas ore","unit":"%","pw_1":"25","pw_2":"25","pt_t1":"100","pt_k1":"100","pt_t2":"100","pt_k2":"100","real_t1":"100","real_k1":"100","real_t2":"100","real_k2":"100"},{"name":"\u5065\u5eb7\u3001\u5b89\u5168\u4e0e\u73af\u4fdd\u548c\u73af\u5883\u7ef4\u62a4\u00a0HSE dan pemeliharaan lingkungan hidup","unit":"%","pw_1":"10","pw_2":"10","pt_t1":"100","pt_k1":"100","pt_t2":"100","pt_k2":"100","real_t1":"100","real_k1":"100","real_t2":"100","real_k2":"100"},{"name":"\u77ff\u5c71\u8d44\u6e90\u83b7\u53d6Resources Mining yang diperoleh","unit":"%","pw_1":"20","pw_2":"15","pt_t1":"100","pt_k1":"100","pt_t2":"100","pt_k2":"100","real_t1":"100","real_k1":"100","real_t2":"100","real_k2":"100"},{"name":"\u751f\u4ea7\u534f\u8c03\u914d\u5408Kerja sama dalam Koordinasi Produksi","unit":"%","pw_1":"0","pw_2":"10","pt_t1":"0","pt_k1":"0","pt_t2":"100","pt_k2":"50","real_t1":"0","real_k1":"0","real_t2":"100","real_k2":"100"}]},{"employee_id":"1915284193","period_start":"2019-08-16","period_end":"2019-09-16","realisasi":[{"name":"\u7ee9\u6548\u7ba1\u7406\u4f53\u7cfb\u7684\u6709\u6548\u6027Performance Management System Effectivenes","unit":"%","pw_1":"20","pw_2":"20","pt_t1":"40","pt_k1":"40","pt_t2":"60","pt_k2":"60","real_t1":"40","real_k1":"40","real_t2":"60","real_k2":"60"},{"name":"\u4eba\u5458\u62db\u8058\u53ca\u57f9\u8badPerekrutan & PelatihanTenaga Kerja","unit":"#","pw_1":"25","pw_2":"25","pt_t1":"269","pt_k1":"571","pt_t2":"336","pt_k2":"907","real_t1":"270","real_k1":"400","real_t2":"5","real_k2":"405"},{"name":"\u6574\u4f53\u9879\u76ee\u5efa\u8bbe Overall Project Construction","unit":"%","pw_1":"10","pw_2":"10","pt_t1":"100","pt_k1":"100","pt_t2":"100","pt_k2":"100","real_t1":"96","real_k1":"90","real_t2":"100","real_k2":"95"},{"name":"\u653f\u5e9c\u548c\u5bf9\u5916\u5173\u7cfb\u6307\u6570 Government & Public Relation Index\u89c4\u6a21 Scale","unit":"\u89c4\u6a21 Scale","pw_1":"10","pw_2":"10","pt_t1":"3","pt_k1":"3","pt_t2":"3","pt_k2":"3","real_t1":"3","real_k1":"3","real_t2":"3","real_k2":"4"},{"name":"\u793e\u533a\u53d1\u5c55\n    Pengembangan dan Pemberdayaan Masyarakat (PPM)","unit":"%","pw_1":"10","pw_2":"20","pt_t1":"20","pt_k1":"20","pt_t2":"40","pt_k2":"40","real_t1":"20","real_k1":"20","real_t2":"40","real_k2":"40"},{"name":"\u5065\u5eb7\u5b89\u5168\u4e0e\u73af\u4fdd\u548c\u73af\u5883\u7ef4\u62a4 \n    HSE dan Pemeliharaan Lingkupan Hidup","unit":"%","pw_1":"25","pw_2":"5","pt_t1":"20","pt_k1":"20","pt_t2":"40","pt_k2":"40","real_t1":"20","real_k1":"20","real_t2":"40","real_k2":"40"},{"name":"\u5de5\u4f5c\u534f\u8c03\u914d\u5408\n    Kerja sama dalam Koordinasi Pekerjaan","unit":"%","pw_1":"0","pw_2":"10","pt_t1":"0","pt_k1":"0","pt_t2":"100","pt_k2":"100","real_t1":"0","real_k1":"0","real_t2":"100","real_k2":"100"}]},{"employee_id":"1915284192","period_start":"2019-08-16","period_end":"2019-09-16","realisasi":[]},{"employee_id":"1915284168","period_start":"2019-08-16","period_end":"2019-09-16","realisasi":[{"name":"\u8d44\u91d1\u9884\u7b97\u4e0e\u5b9e\u9645\u60c5\u51b5\u7684\u5dee\u5f02Variance Between Budget vs Realization","unit":"%","pw_1":"10","pw_2":"5","pt_t1":"5","pt_k1":"5","pt_t2":"5","pt_k2":"5","real_t1":"5","real_k1":"5","real_t2":"5","real_k2":"5"},{"name":"\u8d44\u91d1\u7ba1\u7406\u53ca\u7a0e\u6536\u4f18\u60e0Fund Management & Preferential Tax","unit":"%","pw_1":"25","pw_2":"15","pt_t1":"100","pt_k1":"100","pt_t2":"100","pt_k2":"100","real_t1":"95.5","real_k1":"95.5","real_t2":"100","real_k2":"98"},{"name":"\u6295\u8d44\u670d\u52a1\u4fbf\u5229\uff08\u7a0e\u6536\u4f18\u60e0\/\u51cf\u514d\u7a0e\uff09 \n    Investment facilities (TA\/TH)","unit":"%","pw_1":"25","pw_2":"25","pt_t1":"20","pt_k1":"20","pt_t2":"40","pt_k2":"40","real_t1":"20","real_k1":"20","real_t2":"40","real_k2":"40"},{"name":"\u6536\u5165\u00a0Revenue","unit":"$","pw_1":"10","pw_2":"20","pt_t1":"6160000","pt_k1":"16960000","pt_t2":"5560000","pt_k2":"22520000","real_t1":"5500000","real_k1":"15191455","real_t2":"5600000","real_k2":"20791455"},{"name":"\u5229\u6da6Profit","unit":"$","pw_1":"10","pw_2":"20","pt_t1":"6160000","pt_k1":"16960000","pt_t2":"5560000","pt_k2":"22520000","real_t1":"5500000","real_k1":"15191455","real_t2":"5600000","real_k2":"20791455"},{"name":"\u8d22\u52a1\u62a5\u8868\u51c6\u786e\u5ea6Ketepatan pelaporan keuangan","unit":"%","pw_1":"15","pw_2":"10","pt_t1":"100","pt_k1":"100","pt_t2":"100","pt_k2":"100","real_t1":"100","real_k1":"100","real_t2":"100","real_k2":"100"},{"name":"\u6574\u4f53\u9879\u76ee\u5efa\u8bbe\n    Overall Project Construction","unit":"%\u00a0","pw_1":"5","pw_2":"5","pt_t1":"100","pt_k1":"100","pt_t2":"100","pt_k2":"100","real_t1":"95.5","real_k1":"90","real_t2":"100","real_k2":"95"}]},{"employee_id":"1915284159","period_start":"2019-08-16","period_end":"2019-09-16","realisasi":[]},{"employee_id":"1915284184","period_start":"2019-08-16","period_end":"2019-09-16","realisasi":[{"name":"\u7535\u5382\u5efa\u8bbePower plant construction","unit":"%","pw_1":"10","pw_2":"10","pt_t1":"100","pt_k1":"90","pt_t2":"100","pt_k2":"95","real_t1":"95.5","real_k1":"90","real_t2":"98.0","real_k2":"94"},{"name":"\u7535\u5382\u751f\u4ea7\u51c6\u5907\u53ca\u8bd5\u751f\u4ea7Persiapan dan Percobaan Produksi Power Plant","unit":"%","pw_1":"35","pw_2":"30","pt_t1":"100","pt_k1":"100","pt_t2":"100","pt_k2":"100","real_t1":"95.5","real_k1":"95.5","real_t2":"100","real_k2":"98"},{"name":"\u7535\u5382\u8fd0\u884c\u53ca\u53d1\u7535\u91cfOperasi dan Daya Pembangkit Power Plant","unit":"MW","pw_1":"45","pw_2":"40","pt_t1":"14","pt_k1":"14","pt_t2":"14","pt_k2":"14","real_t1":"14","real_k1":"14","real_t2":"15","real_k2":"15"},{"name":"\u5065\u5eb7\u3001\u5b89\u5168\u4e0e\u73af\u4fdd\u548c\u73af\u5883\u7ef4\u62a4\u00a0HSE dan pemeliharaan lingkungan hidup","unit":"%","pw_1":"10","pw_2":"10","pt_t1":"100","pt_k1":"100","pt_t2":"100","pt_k2":"100","real_t1":"100","real_k1":"100","real_t2":"100","real_k2":"100"},{"name":"\u751f\u4ea7\u534f\u8c03\u914d\u5408Kerja sama dalam Koordinasi Produksi","unit":"%","pw_1":"0","pw_2":"10","pt_t1":"100","pt_k1":"100","pt_t2":"100","pt_k2":"100","real_t1":"100","real_k1":"100","real_t2":"100","real_k2":"100"}]},{"employee_id":"1915284171","period_start":"2019-08-16","period_end":"2019-09-16","realisasi":[{"name":"\u9879\u76ee\u5efa\u8bbeproject construction","unit":"%","pw_1":"10","pw_2":"10","pt_t1":"100","pt_k1":"95.5","pt_t2":"100","pt_k2":"597.8","real_t1":"95.5","real_k1":"95.5","real_t2":"100","real_k2":"97.8"},{"name":"\u954d\u94c1\u4ea7\u91cfTonase Produksi FeNi","unit":"$","pw_1":"35","pw_2":"30","pt_t1":"0","pt_k1":"0","pt_t2":"1","pt_k2":"1","real_t1":"0","real_k1":"0","real_t2":"1.5","real_k2":"1.5"},{"name":"\u5b89\u5168\u4e8b\u6545Kecelakaan Kerja","unit":"WMT","pw_1":"45","pw_2":"40","pt_t1":"0","pt_k1":"0","pt_t2":"0","pt_k2":"0","real_t1":"0","real_k1":"0","real_t2":"0","real_k2":"0"},{"name":"\u73af\u4fdd\u4e8b\u6545Pencemaran Lingkungan","unit":"MW","pw_1":"10","pw_2":"10","pt_t1":"0","pt_k1":"0","pt_t2":"0","pt_k2":"0","real_t1":"0","real_k1":"0","real_t2":"0","real_k2":"0"},{"name":"\u751f\u4ea7\u534f\u8c03\u914d\u5408Kerja sama dalam Koordinasi Produksi","unit":"%","pw_1":"0","pw_2":"10","pt_t1":"100","pt_k1":"100","pt_t2":"100","pt_k2":"100","real_t1":"100","real_k1":"100","real_t2":"100","real_k2":"100"}]},{"employee_id":"1915284190","period_start":"2019-08-16","period_end":"2019-09-16","realisasi":[{"name":"\u539f\u8f85\u6599\u3001\u4ea7\u54c1\u8ba1\u91cf\u3001\u8d28\u91cf\u68c0\u6d4b\u7684\u51c6\u786e\u7387Ketepatan Pengukuran Volume dan Inspeksi Kualitas Raw Material & Produk","unit":"%","pw_1":"50","pw_2":"50","pt_t1":"100","pt_k1":"90","pt_t2":"100","pt_k2":"95","real_t1":"100","real_k1":"100","real_t2":"100","real_k2":"100"},{"name":"\u6280\u672f\u521b\u65b0\u00a0Inovasi Teknologi","unit":"%","pw_1":"20","pw_2":"20","pt_t1":"100","pt_k1":"100","pt_t2":"100","pt_k2":"100","real_t1":"95.5","real_k1":"95.5","real_t2":"100","real_k2":"98"},{"name":"\u6750\u6599\u3001\u8bbe\u5907\u3001\u4ea7\u54c1\u8d28\u91cfKualitas material, peralatan dan produk","unit":"%","pw_1":"20","pw_2":"10","pt_t1":"100","pt_k1":"100","pt_t2":"100","pt_k2":"100","real_t1":"100","real_k1":"100","real_t2":"100","real_k2":"100"},{"name":"\u5065\u5eb7\u3001\u5b89\u5168\u4e0e\u73af\u4fdd\u548c\u73af\u5883\u7ef4\u62a4\u00a0HSE dan pemeliharaan lingkungan hidup","unit":"%","pw_1":"10","pw_2":"10","pt_t1":"100","pt_k1":"100","pt_t2":"100","pt_k2":"100","real_t1":"100","real_k1":"100","real_t2":"100","real_k2":"100"},{"name":"\u751f\u4ea7\u534f\u8c03\u914d\u5408Kerja sama dalam Koordinasi Produksi","unit":"%","pw_1":"0","pw_2":"10","pt_t1":"0","pt_k1":"0","pt_t2":"100","pt_k2":"100","real_t1":"0","real_k1":"0","real_t2":"100","real_k2":"100"}]},{"employee_id":"1915284132","period_start":"2019-08-16","period_end":"2019-09-16","realisasi":[{"name":"\u8d44\u91d1\u9884\u7b97\u4e0e\u5b9e\u9645\u60c5\u51b5\u7684\u5dee\u5f02Variance Between Budget vs Realization","unit":"%","pw_1":"15","pw_2":"15","pt_t1":"5","pt_k1":"5","pt_t2":"5","pt_k2":"5","real_t1":"5","real_k1":"5","real_t2":"5","real_k2":"5"},{"name":"\u6574\u4f53\u9879\u76ee\u5efa\u8bbeOverall Project Construction","unit":"%","pw_1":"40","pw_2":"30","pt_t1":"100","pt_k1":"100","pt_t2":"100","pt_k2":"100","real_t1":"96","real_k1":"96","real_t2":"100","real_k2":"98"},{"name":"\u5065\u5eb7\u3001\u5b89\u5168\u4e0e\u73af\u4fdd\u548c\u73af\u5883\u7ef4\u62a4\u00a0HSE dan pemeliharaan lingkungan hidup","unit":"%","pw_1":"30","pw_2":"15","pt_t1":"100","pt_k1":"100","pt_t2":"100","pt_k2":"100","real_t1":"100","real_k1":"100","real_t2":"100","real_k2":"100"},{"name":"\u540e\u52e4\u4fdd\u969cSupply and Service","unit":"\u89c4\u6a21 Scale","pw_1":"15","pw_2":"30","pt_t1":"3","pt_k1":"3","pt_t2":"3","pt_k2":"3","real_t1":"3","real_k1":"3","real_t2":"4","real_k2":"3"},{"name":"\u751f\u4ea7\u534f\u8c03\u914d\u5408Kerja sama dalam Koordinasi Produksi","unit":"%","pw_1":"0","pw_2":"10","pt_t1":"0","pt_k1":"0","pt_t2":"100","pt_k2":"100","real_t1":"0","real_k1":"0","real_t2":"100","real_k2":"100"}]},{"employee_id":"1915284183","period_start":"2019-08-16","period_end":"2019-09-16","realisasi":[{"name":"\u8d44\u91d1\u9884\u7b97\u4e0e\u5b9e\u9645\u60c5\u51b5\u7684\u5dee\u5f02Variance Between Budget vs Realization","unit":"%","pw_1":"10","pw_2":"10","pt_t1":"5","pt_k1":"5","pt_t2":"5","pt_k2":"5","real_t1":"5","real_k1":"5","real_t2":"5","real_k2":"5"},{"name":"\u7efc\u5408\u670d\u52a1\u4fdd\u969c\u6ee1\u610f\u5ea6\u6307\u6570General Service Support Satisfaction Index","unit":"\u89c4\u6a21 Scale","pw_1":"30","pw_2":"30","pt_t1":"3","pt_k1":"3","pt_t2":"3","pt_k2":"3","real_t1":"3","real_k1":"3","real_t2":"3","real_k2":"3"},{"name":"\u6863\u6848\u7ba1\u7406Filling Management","unit":"\u89c4\u6a21 Scale","pw_1":"30","pw_2":"30","pt_t1":"2","pt_k1":"2","pt_t2":"2","pt_k2":"2","real_t1":"2","real_k1":"2","real_t2":"2","real_k2":"2"},{"name":"\u6587\u4ef6\u7ffb\u8bd1\u00a0Document translation","unit":"\u89c4\u6a21 Scale","pw_1":"20","pw_2":"20","pt_t1":"2","pt_k1":"2","pt_t2":"2","pt_k2":"2","real_t1":"2","real_k1":"2","real_t2":"2","real_k2":"2"},{"name":"\u6574\u4f53\u9879\u76ee\u5efa\u8bbeOverall Project Construction","unit":"%","pw_1":"10","pw_2":"10","pt_t1":"100","pt_k1":"100","pt_t2":"100","pt_k2":"100","real_t1":"95.5","real_k1":"90","real_t2":"100","real_k2":"95"}]},{"employee_id":"1915284279","period_start":"2019-08-16","period_end":"2019-09-16","realisasi":[{"name":"\u7ee9\u6548\u7ba1\u7406\u4f53\u7cfb\u7684\u6709\u6548\u6027Performance Management System Effectivenes","unit":"%","pw_1":"20","pw_2":"20","pt_t1":"40","pt_k1":"40","pt_t2":"60","pt_k2":"60","real_t1":"40","real_k1":"40","real_t2":"60","real_k2":"60"},{"name":"\u4eba\u5458\u62db\u8058\u53ca\u57f9\u8badPerekrutan & PelatihanTenaga Kerja","unit":"#","pw_1":"25","pw_2":"25","pt_t1":"269","pt_k1":"571","pt_t2":"336","pt_k2":"907","real_t1":"270","real_k1":"400","real_t2":"5","real_k2":"405"},{"name":"\u6574\u4f53\u9879\u76ee\u5efa\u8bbe Overall Project Construction","unit":"%","pw_1":"10","pw_2":"10","pt_t1":"100","pt_k1":"100","pt_t2":"100","pt_k2":"100","real_t1":"96","real_k1":"90","real_t2":"100","real_k2":"95"},{"name":"\u653f\u5e9c\u548c\u5bf9\u5916\u5173\u7cfb\u6307\u6570 Government & Public Relation Index\u89c4\u6a21 Scale","unit":"\u89c4\u6a21 Scale","pw_1":"10","pw_2":"10","pt_t1":"3","pt_k1":"3","pt_t2":"3","pt_k2":"3","real_t1":"3","real_k1":"3","real_t2":"3","real_k2":"4"},{"name":"\u793e\u533a\u53d1\u5c55\n    Pengembangan dan Pemberdayaan Masyarakat (PPM)","unit":"%","pw_1":"10","pw_2":"20","pt_t1":"20","pt_k1":"20","pt_t2":"40","pt_k2":"40","real_t1":"20","real_k1":"20","real_t2":"40","real_k2":"40"},{"name":"\u5065\u5eb7\u5b89\u5168\u4e0e\u73af\u4fdd\u548c\u73af\u5883\u7ef4\u62a4 \n    HSE dan Pemeliharaan Lingkupan Hidup","unit":"%","pw_1":"25","pw_2":"5","pt_t1":"20","pt_k1":"20","pt_t2":"40","pt_k2":"40","real_t1":"20","real_k1":"20","real_t2":"40","real_k2":"40"},{"name":"\u5de5\u4f5c\u534f\u8c03\u914d\u5408\n    Kerja sama dalam Koordinasi Pekerjaan","unit":"%","pw_1":"0","pw_2":"10","pt_t1":"0","pt_k1":"0","pt_t2":"100","pt_k2":"100","real_t1":"0","real_k1":"0","real_t2":"100","real_k2":"100"}]},{"employee_id":"1915284167","period_start":"2019-08-16","period_end":"2019-09-16","realisasi":[]},{"employee_id":"1915284179","period_start":"2019-08-16","period_end":"2019-09-16","realisasi":[]},{"employee_id":"1915284154","period_start":"2019-08-16","period_end":"2019-09-16","realisasi":[]},{"employee_id":"1915284269","period_start":"2019-08-16","period_end":"2019-09-16","realisasi":[]},{"employee_id":"1915284163","period_start":"2019-08-16","period_end":"2019-09-16","realisasi":[]},{"employee_id":"1915285215","period_start":"2019-08-16","period_end":"2019-09-16","realisasi":[]},{"employee_id":"1915285141","period_start":"2019-08-16","period_end":"2019-09-16","realisasi":[]},{"employee_id":"1915285140","period_start":"2019-08-16","period_end":"2019-09-16","realisasi":[]},{"employee_id":"1915285191","period_start":"2019-08-16","period_end":"2019-09-16","realisasi":[]},{"employee_id":"1915285193","period_start":"2019-08-16","period_end":"2019-09-16","realisasi":[]},{"employee_id":"1915285177","period_start":"2019-08-16","period_end":"2019-09-16","realisasi":[]},{"employee_id":"1915285163","period_start":"2019-08-16","period_end":"2019-09-16","realisasi":[]},{"employee_id":"1915285155","period_start":"2019-08-16","period_end":"2019-09-16","realisasi":[]},{"employee_id":"1915285165","period_start":"2019-08-16","period_end":"2019-09-16","realisasi":[]},{"employee_id":"1915285119","period_start":"2019-08-16","period_end":"2019-09-16","realisasi":[]},{"employee_id":"1915285175","period_start":"2019-08-16","period_end":"2019-09-16","realisasi":[]},{"employee_id":"1915285113","period_start":"2019-08-16","period_end":"2019-09-16","realisasi":[]},{"employee_id":"1915285162","period_start":"2019-08-16","period_end":"2019-09-16","realisasi":[]},{"employee_id":"1915285173","period_start":"2019-08-16","period_end":"2019-09-16","realisasi":[]},{"employee_id":"1915285131","period_start":"2019-08-16","period_end":"2019-09-16","realisasi":[]},{"employee_id":"1915285198","period_start":"2019-08-16","period_end":"2019-09-16","realisasi":[]},{"employee_id":"1915285243","period_start":"2019-08-16","period_end":"2019-09-16","realisasi":[]},{"employee_id":"1915285195","period_start":"2019-08-16","period_end":"2019-09-16","realisasi":[]},{"employee_id":"1915285147","period_start":"2019-08-16","period_end":"2019-09-16","realisasi":[]},{"employee_id":"1915285214","period_start":"2019-08-16","period_end":"2019-09-16","realisasi":[]},{"employee_id":"1915286124","period_start":"2019-08-16","period_end":"2019-09-16","realisasi":[]},{"employee_id":"1915286198","period_start":"2019-08-16","period_end":"2019-09-16","realisasi":[]},{"employee_id":"1915286147","period_start":"2019-08-16","period_end":"2019-09-16","realisasi":[]},{"employee_id":"1915286169","period_start":"2019-08-16","period_end":"2019-09-16","realisasi":[]},{"employee_id":"1915286191","period_start":"2019-08-16","period_end":"2019-09-16","realisasi":[]},{"employee_id":"1915286113","period_start":"2019-08-16","period_end":"2019-09-16","realisasi":[]},{"employee_id":"1915286156","period_start":"2019-08-16","period_end":"2019-09-16","realisasi":[]}]
