[{"id":"1900618041","email":"godfrey.koelpin@hand.com","email_verified_at":null,"password":"$2y$10$M3YKlIBp82HjG2M6exqE6.1lvmjyNDEtYFOelEhIw/mqOr.SiWFwe","remember_token":null,"deleted_at":null,"employee_id":"1915285177","created_at":"2019-08-23 13:59:01","updated_at":"2019-08-23 13:59:01"},{"id":"1901051020","email":"vbuckridge@hotmail.com","email_verified_at":null,"password":"$2y$10$s3WJ3e/3OUohV4Z.U7j0B.e41riUdOqg5bhTqsmtAvizzolADOi9a","remember_token":"9izQeuQpFCeo7cTs96i8ejV99JemmB34rSznW3f8HBKf8BtPP8GWNWfG5x8R","deleted_at":null,"employee_id":"1915284158","created_at":"2019-08-23 13:58:01","updated_at":"2019-08-23 13:58:01"},{"id":"1903205019","email":"pschulist@yahoo.com","email_verified_at":null,"password":"$2y$10$KpSNBc1ouH/C1EXsE3E2H.p2D6NdLv3YGUnkuWEwsQuwL0jhxd76O","remember_token":null,"deleted_at":null,"employee_id":"1915285191","created_at":"2019-08-23 13:59:03","updated_at":"2019-08-23 13:59:03"},{"id":"1903612020","email":"amanda.kreiger@crooks.com","email_verified_at":null,"password":"$2y$10$cJj71F9FYroTndzQK71KK.Ovcj17XtJ7xSWJyt9AOhh9W8Ym91fp2","remember_token":null,"deleted_at":null,"employee_id":"1915284159","created_at":"2019-08-23 13:58:04","updated_at":"2019-08-23 13:58:04"},{"id":"1905173011","email":"halvorson.madge@yahoo.com","email_verified_at":null,"password":"$2y$10$AB7Jat8J.8hrNAT7nGTN..s6II8a8OFE.0EaUX7tvNd3OpYN9j572","remember_token":null,"deleted_at":null,"employee_id":"1915285193","created_at":"2019-08-23 13:59:05","updated_at":"2019-08-23 13:59:05"},{"id":"1906009045","email":"rnienow@yahoo.com","email_verified_at":null,"password":"$2y$10$M0MEwKrA34BmIYAxENhEbu4Ky8B5mk18VAAWKOFAJkvajpejYgexC","remember_token":null,"deleted_at":null,"employee_id":"1915284163","created_at":"2019-08-23 13:58:06","updated_at":"2019-08-23 13:58:06"},{"id":"1907369060","email":"ethyl.gaylord@davis.com","email_verified_at":null,"password":"$2y$10$jB37jZ1oaC8iIuN./yzCreFJyQtd/U3TluWHwcBjwO/X5whx6IHoO","remember_token":"hZSgnqgLGppXGVAZKVSXhQJV7R8Nyh2m9ttMRGtG3F82k1y5WZDwlCrbGTNI","deleted_at":null,"employee_id":"1915285195","created_at":"2019-08-23 13:59:07","updated_at":"2019-08-23 13:59:07"},{"id":"1908157082","email":"kris.gisselle@gmail.com","email_verified_at":null,"password":"$2y$10$G2nqaMpYxXRahEwkUQn6oOk4b4hv.YNYhR9BEPrM1bfeWovXZWlpC","remember_token":null,"deleted_at":null,"employee_id":"1915284167","created_at":"2019-08-23 13:58:08","updated_at":"2019-08-23 13:58:08"},{"id":"1909378072","email":"kvandervort@hand.com","email_verified_at":null,"password":"$2y$10$tWZbMTNu1us9jYXbqIw.FuA7.WjYxSb4xw8NN0saJy7hgwU8ZkWQ6","remember_token":null,"deleted_at":null,"employee_id":"1915285198","created_at":"2019-08-23 13:59:09","updated_at":"2019-08-23 13:59:09"},{"id":"1910307082","email":"fgoodwin@jenkins.com","email_verified_at":null,"password":"$2y$10$wAAggJtFi8h45ZynSadPV.m6GjMquu6yCnHBaST804sehEsNOpi9G","remember_token":"6fkVKkRJylTlAxrDoYm53MJvpejiSObUzaFaN68ZVQzvWNKbdsgsVNarcnhd","deleted_at":null,"employee_id":"1915284168","created_at":"2019-08-23 13:58:10","updated_at":"2019-08-23 13:58:10"},{"id":"1911642014","email":"fritsch.janet@yahoo.com","email_verified_at":null,"password":"$2y$10$xboI6zKJtu2Z7ECXRHqzkOAEP87zrnarPWtnbs0i8/j1spRG8jg8q","remember_token":null,"deleted_at":null,"employee_id":"1915285214","created_at":"2019-08-23 13:59:11","updated_at":"2019-08-23 13:59:11"},{"id":"1912575095","email":"briana10@heidenreich.com","email_verified_at":null,"password":"$2y$10$rIrQd.F4p0slBikE8TMrTOC9Y/iGSPuru9Ow8Gs.rG/vjDCbemI/K","remember_token":null,"deleted_at":null,"employee_id":"1915284171","created_at":"2019-08-23 13:58:12","updated_at":"2019-08-23 13:58:12"},{"id":"1913456088","email":"hartmann.jaiden@smitham.org","email_verified_at":null,"password":"$2y$10$aearXANRGsW2wpPtG7/Lpu3lpoqrnbV4UD3gxLB4rrG/DP7RJIFHS","remember_token":"1I1M4cdnsaqvkyzpPs0AYGRNQFmEEjGQMwFo8f0yVxEFA2I0rYPriDcgcj0r","deleted_at":null,"employee_id":"1915285215","created_at":"2019-08-23 13:59:13","updated_at":"2019-08-23 13:59:13"},{"id":"1914443065","email":"dovie89@yahoo.com","email_verified_at":null,"password":"$2y$10$zSe5ssIfH.5uw9pgJQzEuObpHSdLg1C/iQQ721wpb6RXSHsTDZbW.","remember_token":null,"deleted_at":null,"employee_id":"1915284172","created_at":"2019-08-23 13:58:14","updated_at":"2019-08-23 13:58:14"},{"id":"1915368016","email":"jany.dubuque@bechtelar.org","email_verified_at":null,"password":"$2y$10$Vj/a9mqrXwKngmIgJd8Z0e8gq47rj1jSQCl/6R56SPAGDy82eNmaG","remember_token":null,"deleted_at":null,"employee_id":"1915285243","created_at":"2019-08-23 13:59:15","updated_at":"2019-08-23 13:59:15"},{"id":"1916863048","email":"pouros.bulah@watsica.com","email_verified_at":null,"password":"$2y$10$6zly9NhGBHNfdPnXbuMY3eIq.k3fSuhJcqGgWTbNavs14AbhAgIOW","remember_token":null,"deleted_at":null,"employee_id":"1915284179","created_at":"2019-08-23 13:58:16","updated_at":"2019-08-23 13:58:16"},{"id":"1917349084","email":"hermann.kilback@gmail.com","email_verified_at":null,"password":"$2y$10$FtUAMCOHLpf/VG3lgAFJ9.qaV.290WIqGzDDkoJjAea0dtgDIwEo6","remember_token":null,"deleted_at":null,"employee_id":"1915286113","created_at":"2019-08-23 13:59:18","updated_at":"2019-08-23 13:59:18"},{"id":"1918630097","email":"kariane08@mertz.com","email_verified_at":null,"password":"$2y$10$lqEGO5n/GpKoZEvHW/.byueEA0cQSWnRjy04adC9UqmmfURMqgHfK","remember_token":null,"deleted_at":null,"employee_id":"1915284183","created_at":"2019-08-23 13:58:18","updated_at":"2019-08-23 13:58:18"},{"id":"1920112078","email":"gwendolyn46@rempel.com","email_verified_at":null,"password":"$2y$10$Ga5etoXNk/JDs9Ri3VRzReCOn1xUnsHbjK.FsQ/arQWB/9L3P1mlW","remember_token":null,"deleted_at":null,"employee_id":"1915284184","created_at":"2019-08-23 13:58:20","updated_at":"2019-08-23 13:58:20"},{"id":"1920815053","email":"drunte@rempel.info","email_verified_at":null,"password":"$2y$10$lFDJHHGVdreS1OQkZfs72u8Rz..fwT1TEovu3svjF16TbZpkP8Mqy","remember_token":null,"deleted_at":null,"employee_id":"1915286124","created_at":"2019-08-23 13:59:20","updated_at":"2019-08-23 13:59:20"},{"id":"1922043041","email":"mcclure.lilla@hotmail.com","email_verified_at":null,"password":"$2y$10$DK3DaM00PUePqXQB2k/edOirxuwW6w2Jxg/IyINvKJbL11021sB9m","remember_token":null,"deleted_at":null,"employee_id":"1915284190","created_at":"2019-08-23 13:58:23","updated_at":"2019-08-23 13:58:23"},{"id":"1922128016","email":"jeramie74@gmail.com","email_verified_at":null,"password":"$2y$10$87bHoGKlm2cymXKO2KaUAuJzRy7o4MC74MOLacUMbNMGop2tUDFBS","remember_token":null,"deleted_at":null,"employee_id":"1915286147","created_at":"2019-08-23 13:59:22","updated_at":"2019-08-23 13:59:22"},{"id":"1924049021","email":"milan80@hotmail.com","email_verified_at":null,"password":"$2y$10$6NZqsVUQz6HoIJYdIXXCcu90WO2qGIgnqMCxbdn5Z.wuNLLJU.eqO","remember_token":null,"deleted_at":null,"employee_id":"1915286156","created_at":"2019-08-23 13:59:24","updated_at":"2019-08-23 13:59:24"},{"id":"1925048055","email":"rosendo.friesen@lehner.com","email_verified_at":null,"password":"$2y$10$SfOAx2SSzt3NBl1pQFLYgOFR22/y5VrgoYqAv56shkJ4oLoKK7Smi","remember_token":null,"deleted_at":null,"employee_id":"1915284193","created_at":"2019-08-23 13:58:25","updated_at":"2019-08-23 13:58:25"},{"id":"1926229085","email":"tillman.sally@yahoo.com","email_verified_at":null,"password":"$2y$10$93oLe5BuC//hsy15DtejfOfYe.69jxir/FZQtRkku1MA9lFRlEPLu","remember_token":null,"deleted_at":null,"employee_id":"1915286169","created_at":"2019-08-23 13:59:26","updated_at":"2019-08-23 13:59:26"},{"id":"1927343083","email":"jacobi.sydney@eichmann.com","email_verified_at":null,"password":"$2y$10$FHrLsLBrgucL8FJdSx5fBu0YmtOiIGddeLCDh0IkehqqIaUhP2BCi","remember_token":null,"deleted_at":null,"employee_id":"1915284199","created_at":"2019-08-23 13:58:27","updated_at":"2019-08-23 13:58:27"},{"id":"1928450023","email":"koss.roberto@cummerata.net","email_verified_at":null,"password":"$2y$10$WO4A1EqIlKMeYXh7dyiU1uH7jlp2edZy30G5y5R2FgYsA3vhrR6US","remember_token":null,"deleted_at":null,"employee_id":"1915286191","created_at":"2019-08-23 13:59:28","updated_at":"2019-08-23 13:59:28"},{"id":"1929288051","email":"abshire.ethyl@rodriguez.com","email_verified_at":null,"password":"$2y$10$UTqmRELNlcM98nH4HJ2kjODL3GqhEJN2I/2SqTtRYCpjXO6sFwm3u","remember_token":null,"deleted_at":null,"employee_id":"1915284252","created_at":"2019-08-23 13:58:29","updated_at":"2019-08-23 13:58:29"},{"id":"1930931078","email":"russel.jovani@halvorson.com","email_verified_at":null,"password":"$2y$10$cklNHC.9UDrllWtevtktZuTXo1vihHQ5O4bAuGH4CCeH7P0YaItV6","remember_token":null,"deleted_at":null,"employee_id":"1915286198","created_at":"2019-08-23 13:59:30","updated_at":"2019-08-23 13:59:30"},{"id":"1931145094","email":"jkeeling@ernser.biz","email_verified_at":null,"password":"$2y$10$Kb4q4Sr/h7YPGixXCp5EXOhjzhG.NJyl/sspHQ7z3dMRUVue4Hz62","remember_token":null,"deleted_at":null,"employee_id":"1915284279","created_at":"2019-08-23 13:58:31","updated_at":"2019-08-23 13:58:31"},{"id":"1933058051","email":"wisoky.reyes@schmitt.info","email_verified_at":null,"password":"$2y$10$OtFcQyoFTjSL3kvGBSWQnOk6rwPKpuqLj//B7fCmnhqOvs7FgPvBa","remember_token":null,"deleted_at":null,"employee_id":"1915284282","created_at":"2019-08-23 13:58:33","updated_at":"2019-08-23 13:58:33"},{"id":"1934031051","email":"melvin89@marvin.biz","email_verified_at":null,"password":"$2y$10$sRhk0arbn4hArpPafJJ4veNSsI/VjpNGm.nZpAQ/a1sTtTy0YQ8gG","remember_token":"SkfAOnSOtLfKwgBaSLiSfnPx7NyHyWBR3UerEgCM4UElLg6AmeyXFvHbRvqg","deleted_at":null,"employee_id":"1915283145","created_at":"2019-08-23 13:57:34","updated_at":"2019-08-23 13:57:34"},{"id":"1934167072","email":"arohan@fritsch.com","email_verified_at":null,"password":"$2y$10$bsp6h7.eylFlb8XNv9AoRuNkHdEfgak5HO.UckMnLP6uHwotmf8Ye","remember_token":"qNoV7rVm7Fmfzg81OcgQ2l1jkQymHgsPM0fjdUlfyCb9UpmKFI4HKPuHIfIR","deleted_at":null,"employee_id":"1915284269","created_at":"2019-08-17 20:30:35","updated_at":"2019-08-17 20:30:35"},{"id":"1935871055","email":"khalil.denesik@kreiger.com","email_verified_at":null,"password":"$2y$10$vACR47rZAwoFkwgn/RMxCOVI815WoHIwS49iJcfhmqyIzlUblke62","remember_token":null,"deleted_at":null,"employee_id":"1915285113","created_at":"2019-08-23 13:58:35","updated_at":"2019-08-23 13:58:35"},{"id":"1936044017","email":"ryder46@nikolaus.com","email_verified_at":null,"password":"$2y$10$5roacjNSP9pnahxH8VZheeI86LSZjOiQoLCx2YHwMR0B2rwrse8Ni","remember_token":"xR8r03T74INZPes7xfmZMv7tAhKnmhO0cW5C9FpWtp9BA57M1US7UKCSa2Tr","deleted_at":null,"employee_id":"1915284116","created_at":"2019-08-23 13:57:36","updated_at":"2019-08-23 13:57:36"},{"id":"1936858059","email":"jana07@yahoo.com","email_verified_at":null,"password":"$2y$10$Wny5VwBLh/EiF7.O7WghCuTVnmHylF95W5eCCPtOU5RGTgqCHvsZy","remember_token":"br75Agbqmby358Ow479SE80w7kQ1wfYi3BHMqcH5HJPifMPkvHMsa54xZn9k","deleted_at":null,"employee_id":"1915284192","created_at":"2019-08-17 20:29:36","updated_at":"2019-08-17 20:29:36"},{"id":"1937275081","email":"adah.lebsack@yundt.com","email_verified_at":null,"password":"$2y$10$OugouKhyFDwDsh8mltoqjeiqtHqijkKJ7xEFf3slkbmlRJC6i9Q7G","remember_token":null,"deleted_at":null,"employee_id":"1915285119","created_at":"2019-08-23 13:58:37","updated_at":"2019-08-23 13:58:37"},{"id":"1938556081","email":"madilyn20@hotmail.com","email_verified_at":null,"password":"$2y$10$u5Y5MHlOfGwumYI3PVnp..GEEVNCwg727rD8bopfrA.mNSMUGTCRu","remember_token":"3JfE7beXrJFMYkhfJh2SSx9KxhdviqEdrA9q67RIlyn6W28xSX0Zg1bpvnLU","deleted_at":null,"employee_id":"1915284117","created_at":"2019-08-23 13:57:38","updated_at":"2019-08-23 13:57:38"},{"id":"1939047020","email":"bradly20@gmail.com","email_verified_at":null,"password":"$2y$10$SbBDXNnUB9336qAhsosBw.sSAr6XBmhuX5svce4.fbNwByoyacQEe","remember_token":null,"deleted_at":null,"employee_id":"1915285131","created_at":"2019-08-23 13:58:39","updated_at":"2019-08-23 13:58:39"},{"id":"1940909015","email":"rhegmann@ziemann.biz","email_verified_at":null,"password":"$2y$10$jtnn9MM/yVVUWII8s.1dsuo0P1zOlTcWGmrn3vq7NB2HiBvDGMIpK","remember_token":null,"deleted_at":null,"employee_id":"1915284127","created_at":"2019-08-23 13:57:40","updated_at":"2019-08-23 13:57:40"},{"id":"1942576052","email":"everett00@lynch.info","email_verified_at":null,"password":"$2y$10$4l0SGVH.f/m7yLRmtVibj.dKeGKh6bdq9rXaQdn6JG1A1vNSpMnle","remember_token":null,"deleted_at":null,"employee_id":"1915284128","created_at":"2019-08-23 13:57:42","updated_at":"2019-08-23 13:57:42"},{"id":"1942588037","email":"gschiller@yahoo.com","email_verified_at":null,"password":"$2y$10$WCUKU1OcpFRDHZCA4NGkyONhV8tTrxmNi4Efrfk5YMgbEKKIj4PNe","remember_token":null,"deleted_at":null,"employee_id":"1915285140","created_at":"2019-08-23 13:58:42","updated_at":"2019-08-23 13:58:42"},{"id":"1944435043","email":"howell.anika@yahoo.com","email_verified_at":null,"password":"$2y$10$bK75G9W2aUGxLG6VxX01eeHy/qUpAi6vvVUy9CJjL4/ucPiuoKPEO","remember_token":null,"deleted_at":null,"employee_id":"1915285141","created_at":"2019-08-23 13:58:44","updated_at":"2019-08-23 13:58:44"},{"id":"1944488049","email":"lubowitz.aniyah@goldner.com","email_verified_at":null,"password":"$2y$10$Re020t5xij.qerjvvV6WFufC0c2O0Hcb.Kg9selSsqyGO2m8h1k9O","remember_token":null,"deleted_at":null,"employee_id":"1915284132","created_at":"2019-08-23 13:57:45","updated_at":"2019-08-23 13:57:45"},{"id":"1946704056","email":"jbarrows@gmail.com","email_verified_at":null,"password":"$2y$10$Hec03WyX1ERn1dPLWoENjO0kC20oyE9f0eFRhiQYClnur76FGo2tO","remember_token":null,"deleted_at":null,"employee_id":"1915285147","created_at":"2019-08-23 13:58:46","updated_at":"2019-08-23 13:58:46"},{"id":"1947037046","email":"zoie34@abernathy.org","email_verified_at":null,"password":"$2y$10$atIN3ltXbLWO239jydFxrOrKhsXlVMnfXwTd9NSSezgGfY7wAr9Ya","remember_token":"W2cBs4xuWgGk79XdJ7aSOPlTvKq4c6w78KcdtuteuIFVjimsNrE4g56ggKB1","deleted_at":null,"employee_id":"1915284136","created_at":"2019-08-23 13:57:47","updated_at":"2019-08-23 13:57:47"},{"id":"1948782032","email":"ike45@hotmail.com","email_verified_at":null,"password":"$2y$10$ieUXD1Cfn/Qr74yOOWbhd.vXd17pArbRJJFzLNh.hWhbb5WavV72G","remember_token":null,"deleted_at":null,"employee_id":"1915285155","created_at":"2019-08-23 13:58:48","updated_at":"2019-08-23 13:58:48"},{"id":"1949090099","email":"adelle.mohr@gmail.com","email_verified_at":null,"password":"$2y$10$0cJdKdmupEaAmG7UD3zKm.nJ3FEATozxzFoayVYuWLAOL0nA0FPLK","remember_token":null,"deleted_at":null,"employee_id":"1915284138","created_at":"2019-08-23 13:57:49","updated_at":"2019-08-23 13:57:49"},{"id":"1950300028","email":"test@gmail.com","email_verified_at":"2019-08-12 20:53:47","password":"$2y$10$ettXfjSyd9mH9ROUAWoeG.7wVp9kE/xav8NbwEWfAlP5dZGs452NC","remember_token":"GgwRoveGLRKC6P5mlLt9cU3xwQmnzdDslhpm01xdGUrRaWjU8C2G0cBXAZQx","deleted_at":null,"employee_id":"1915284162","created_at":"2019-08-12 20:53:11","updated_at":"2019-08-12 20:53:12"},{"id":"1950496013","email":"mayer.sylvester@yahoo.com","email_verified_at":null,"password":"$2y$10$z7cL/X.32IXch/s8G3Wp9uFBHwHZ3ul/SaYAkhxc9byqFxuzt4/sy","remember_token":null,"deleted_at":null,"employee_id":"1915285162","created_at":"2019-08-23 13:58:50","updated_at":"2019-08-23 13:58:50"},{"id":"1951146015","email":"qauer@yahoo.com","email_verified_at":null,"password":"$2y$10$4CH/8bvFgYsoLaZyJ8PjgOXIYlyiRL0JLVkuuPlw4WF58d6aXZHYW","remember_token":null,"deleted_at":null,"employee_id":"1915284139","created_at":"2019-08-23 13:57:51","updated_at":"2019-08-23 13:57:51"},{"id":"1952953018","email":"halvorson.tyson@lehner.com","email_verified_at":null,"password":"$2y$10$.Lkj6iDFBsBnOIu2oyQvU.mP.RJnrxK9pYJ8JCbuCEOLD0ZX9keTC","remember_token":null,"deleted_at":null,"employee_id":"1915285163","created_at":"2019-08-23 13:58:52","updated_at":"2019-08-23 13:58:52"},{"id":"1953596091","email":"eino62@gmail.com","email_verified_at":null,"password":"$2y$10$qQ7LQgWGsb5YBQmzsq9qg.YOQgmtjPfj/uhsb6jusDQqqOnt9dUCC","remember_token":"A4ltBysopsDSwPx23b5APfZaOtMz7VPqKALjsTbcTkzeNHz2cqZcEHLXxZN3","deleted_at":null,"employee_id":"1915284140","created_at":"2019-08-23 13:57:53","updated_at":"2019-08-23 13:57:53"},{"id":"1954076049","email":"stella.rolfson@leuschke.info","email_verified_at":null,"password":"$2y$10$NuKu5Gmb.tBgF7z6E6LPhOin55QQxBBIv6F/K6DanaefSNEviSjSa","remember_token":null,"deleted_at":null,"employee_id":"1915285165","created_at":"2019-08-23 13:58:54","updated_at":"2019-08-23 13:58:54"},{"id":"1955352018","email":"tkshlerin@hoeger.com","email_verified_at":null,"password":"$2y$10$CgHCCIspyK6d9wniVj5rf.2qwiUMXRr6qUyjsqFTb9VXG2kilDY.6","remember_token":"6PaVlntKCXZLE4Utw8RNtzYJ7uGoueRiLcx2GigIVJudQSoHaQZ2thhuaY77","deleted_at":null,"employee_id":"1915284151","created_at":"2019-08-23 13:57:55","updated_at":"2019-08-23 13:57:55"},{"id":"1956288096","email":"nitzsche.wilber@hilpert.net","email_verified_at":null,"password":"$2y$10$.4Prbs/KKkvbNUTVCpZJ/uzNRcddhov.HK/DfkNqtNR0uPAB.E96m","remember_token":null,"deleted_at":null,"employee_id":"1915285173","created_at":"2019-08-23 13:58:56","updated_at":"2019-08-23 13:58:56"},{"id":"1957992025","email":"elena.predovic@gmail.com","email_verified_at":null,"password":"$2y$10$JV2zgd6zyAdtx1plZL.DweXBY9g1I/RrYyXNCJN3zgA9OPgPs/yMC","remember_token":null,"deleted_at":null,"employee_id":"1915284152","created_at":"2019-08-23 13:57:57","updated_at":"2019-08-23 13:57:57"},{"id":"1958184036","email":"dandre46@klein.com","email_verified_at":null,"password":"$2y$10$eJuXotVRfRxUZaTEXDxvjuYefUHhODxWvQO0GvwIyEjO2wxBmOQQ2","remember_token":null,"deleted_at":null,"employee_id":"1915285175","created_at":"2019-08-23 13:58:58","updated_at":"2019-08-23 13:58:58"},{"id":"1959916020","email":"lpadberg@boyle.com","email_verified_at":null,"password":"$2y$10$7LJ/ev.hiMLZicoZkKHUWOyoD2XR4tQ6M1n9sQXSwNmaL6EpdsgHO","remember_token":"Xj8A4Hivghsbn3CWv7PQHglu4sGERoy87r9ah0wIan2u1t9dnEz9jHWRdhRr","deleted_at":null,"employee_id":"1915284154","created_at":"2019-08-23 13:57:59","updated_at":"2019-08-23 13:57:59"}]