[{"kpi_proccess_id":"1902040784","kpi_header_id":"190805045004","pw":null,"pt":null,"real":null,"created_at":"2019-09-15 20:24:42","updated_at":"2019-09-15 20:24:42"},{"kpi_proccess_id":"1902040784","kpi_header_id":"193654045000","pw":"70.00","pt":2,"real":3,"created_at":"2019-09-15 20:24:00","updated_at":"2019-09-15 20:24:00"},{"kpi_proccess_id":"1902040784","kpi_header_id":"193667845000","pw":"15.00","pt":2,"real":2,"created_at":"2019-09-15 20:24:00","updated_at":"2019-09-15 20:24:42"},{"kpi_proccess_id":"1911144747","kpi_header_id":"190805045004","pw":null,"pt":null,"real":null,"created_at":"2019-09-15 20:24:42","updated_at":"2019-09-15 20:24:42"},{"kpi_proccess_id":"1911144747","kpi_header_id":"190900342904","pw":"15.00","pt":2,"real":3,"created_at":"2019-09-15 18:56:42","updated_at":"2019-09-19 16:03:51"},{"kpi_proccess_id":"1911144747","kpi_header_id":"193654045000","pw":"15.00","pt":1,"real":1,"created_at":"2019-09-15 20:24:00","updated_at":"2019-09-15 20:24:00"},{"kpi_proccess_id":"1911144747","kpi_header_id":"193667845000","pw":"15.00","pt":2,"real":2,"created_at":"2019-09-15 20:24:00","updated_at":"2019-09-15 20:24:42"},{"kpi_proccess_id":"1911144747","kpi_header_id":"194392942904","pw":"15.00","pt":2,"real":3,"created_at":"2019-09-15 18:56:42","updated_at":"2019-09-19 16:05:03"},{"kpi_proccess_id":"1916788721","kpi_header_id":"190900342904","pw":"15.00","pt":2,"real":2,"created_at":"2019-09-05 13:20:09","updated_at":"2019-09-19 16:03:51"},{"kpi_proccess_id":"1916788721","kpi_header_id":"191069640604","pw":"0.00","pt":0,"real":0,"created_at":"2019-09-19 19:04:37","updated_at":"2019-09-19 19:04:37"},{"kpi_proccess_id":"1916788721","kpi_header_id":"191531041004","pw":"0.00","pt":0,"real":0,"created_at":"2019-09-18 21:18:50","updated_at":"2019-09-18 21:18:50"},{"kpi_proccess_id":"1916788721","kpi_header_id":"192331041504","pw":"15.00","pt":3,"real":3,"created_at":"2019-09-05 13:24:23","updated_at":"2019-09-25 00:03:40"},{"kpi_proccess_id":"1916788721","kpi_header_id":"192673340900","pw":"10.00","pt":3,"real":3,"created_at":"2019-09-18 21:29:30","updated_at":"2019-09-18 22:49:57"},{"kpi_proccess_id":"1916788721","kpi_header_id":"192680940900","pw":"0.00","pt":0,"real":0,"created_at":"2019-09-18 21:29:30","updated_at":"2019-09-18 22:49:57"},{"kpi_proccess_id":"1916788721","kpi_header_id":"192687041500","pw":"15.00","pt":3,"real":3,"created_at":"2019-09-25 00:02:50","updated_at":"2019-09-25 00:02:50"},{"kpi_proccess_id":"1916788721","kpi_header_id":"192705141000","pw":"20.00","pt":3,"real":3,"created_at":"2019-09-13 20:54:37","updated_at":"2019-09-24 14:21:59"},{"kpi_proccess_id":"1916788721","kpi_header_id":"192756341000","pw":"25.00","pt":3,"real":3,"created_at":"2019-09-18 21:14:55","updated_at":"2019-09-24 14:21:59"},{"kpi_proccess_id":"1916788721","kpi_header_id":"193208440600","pw":"20.00","pt":3,"real":3,"created_at":"2019-09-19 19:04:37","updated_at":"2019-09-19 19:04:37"},{"kpi_proccess_id":"1916788721","kpi_header_id":"193662042900","pw":"15.00","pt":2,"real":2,"created_at":"2019-08-23 20:24:54","updated_at":"2019-09-19 16:09:16"},{"kpi_proccess_id":"1916788721","kpi_header_id":"193695342900","pw":"15.00","pt":2,"real":2,"created_at":"2019-08-23 20:24:54","updated_at":"2019-09-19 16:09:16"},{"kpi_proccess_id":"1916788721","kpi_header_id":"194392942904","pw":"15.00","pt":2,"real":2,"created_at":"2019-09-05 13:24:43","updated_at":"2019-09-19 16:05:03"},{"kpi_proccess_id":"1916788721","kpi_header_id":"194778041504","pw":"15.00","pt":3,"real":3,"created_at":"2019-09-05 13:18:48","updated_at":"2019-09-25 00:03:40"},{"kpi_proccess_id":"1929151771","kpi_header_id":"191069640604","pw":"0.00","pt":0,"real":0,"created_at":"2019-09-19 19:04:37","updated_at":"2019-09-19 19:04:37"},{"kpi_proccess_id":"1929151771","kpi_header_id":"191531041004","pw":"0.00","pt":0,"real":0,"created_at":"2019-09-18 21:18:50","updated_at":"2019-09-18 21:18:50"},{"kpi_proccess_id":"1929151771","kpi_header_id":"192673340900","pw":"15.00","pt":3,"real":2,"created_at":"2019-09-18 21:29:30","updated_at":"2019-09-18 22:49:57"},{"kpi_proccess_id":"1929151771","kpi_header_id":"192680940900","pw":"0.00","pt":0,"real":0,"created_at":"2019-09-18 21:29:30","updated_at":"2019-09-18 22:49:57"},{"kpi_proccess_id":"1929151771","kpi_header_id":"192705141000","pw":"25.00","pt":3,"real":3,"created_at":"2019-09-13 20:54:37","updated_at":"2019-09-24 14:21:59"},{"kpi_proccess_id":"1929151771","kpi_header_id":"192756341000","pw":"15.00","pt":3,"real":3,"created_at":"2019-09-18 21:14:55","updated_at":"2019-09-24 14:21:59"},{"kpi_proccess_id":"1929151771","kpi_header_id":"193208440600","pw":"20.00","pt":3,"real":5,"created_at":"2019-09-19 19:04:37","updated_at":"2019-09-19 19:04:37"},{"kpi_proccess_id":"1930947784","kpi_header_id":"191069640604","pw":"0.00","pt":0,"real":0,"created_at":"2019-09-19 19:04:37","updated_at":"2019-09-19 19:04:37"},{"kpi_proccess_id":"1930947784","kpi_header_id":"192673340900","pw":"30.00","pt":3,"real":4,"created_at":"2019-09-18 21:29:30","updated_at":"2019-09-18 22:49:57"},{"kpi_proccess_id":"1930947784","kpi_header_id":"192680940900","pw":"0.00","pt":0,"real":0,"created_at":"2019-09-18 21:29:30","updated_at":"2019-09-18 22:49:57"},{"kpi_proccess_id":"1930947784","kpi_header_id":"193208440600","pw":"15.00","pt":3,"real":4,"created_at":"2019-09-19 19:04:37","updated_at":"2019-09-19 19:04:37"},{"kpi_proccess_id":"1939671773","kpi_header_id":"191531041004","pw":"0.00","pt":0,"real":0,"created_at":"2019-09-18 21:18:50","updated_at":"2019-09-18 21:18:50"},{"kpi_proccess_id":"1939671773","kpi_header_id":"192673340900","pw":"25.00","pt":3,"real":5,"created_at":"2019-09-18 21:29:30","updated_at":"2019-09-18 22:49:57"},{"kpi_proccess_id":"1939671773","kpi_header_id":"192680940900","pw":"0.00","pt":0,"real":0,"created_at":"2019-09-18 21:29:30","updated_at":"2019-09-18 22:49:57"},{"kpi_proccess_id":"1939671773","kpi_header_id":"192705141000","pw":"15.00","pt":3,"real":3,"created_at":"2019-09-18 21:14:55","updated_at":"2019-09-24 14:21:59"},{"kpi_proccess_id":"1939671773","kpi_header_id":"192756341000","pw":"20.00","pt":3,"real":3,"created_at":"2019-09-18 21:14:55","updated_at":"2019-09-24 14:21:59"},{"kpi_proccess_id":"1944340775","kpi_header_id":"191069640604","pw":"0.00","pt":0,"real":0,"created_at":"2019-09-19 19:04:37","updated_at":"2019-09-19 19:04:37"},{"kpi_proccess_id":"1944340775","kpi_header_id":"192673340900","pw":"20.00","pt":3,"real":3,"created_at":"2019-09-18 21:29:30","updated_at":"2019-09-18 22:49:57"},{"kpi_proccess_id":"1944340775","kpi_header_id":"192680940900","pw":"0.00","pt":0,"real":0,"created_at":"2019-09-18 21:29:30","updated_at":"2019-09-18 22:49:57"},{"kpi_proccess_id":"1944340775","kpi_header_id":"193208440600","pw":"20.00","pt":3,"real":3,"created_at":"2019-09-19 19:04:37","updated_at":"2019-09-19 19:04:37"},{"kpi_proccess_id":"1949679733","kpi_header_id":"191531041004","pw":"0.00","pt":0,"real":0,"created_at":"2019-09-18 21:18:50","updated_at":"2019-09-18 21:18:50"},{"kpi_proccess_id":"1949679733","kpi_header_id":"192331041504","pw":"15.00","pt":3,"real":3,"created_at":"2019-09-05 13:24:23","updated_at":"2019-09-25 00:03:40"},{"kpi_proccess_id":"1949679733","kpi_header_id":"192687041500","pw":"15.00","pt":3,"real":3,"created_at":"2019-09-25 00:02:50","updated_at":"2019-09-25 00:02:50"},{"kpi_proccess_id":"1949679733","kpi_header_id":"192705141000","pw":"20.00","pt":3,"real":3,"created_at":"2019-09-13 20:54:37","updated_at":"2019-09-24 14:21:59"},{"kpi_proccess_id":"1949679733","kpi_header_id":"192756341000","pw":"20.00","pt":3,"real":2,"created_at":"2019-09-18 21:14:55","updated_at":"2019-09-24 14:21:59"},{"kpi_proccess_id":"1949679733","kpi_header_id":"194778041504","pw":"15.00","pt":3,"real":3,"created_at":"2019-09-05 13:18:48","updated_at":"2019-09-25 00:03:40"},{"kpi_proccess_id":"1951817762","kpi_header_id":"191069640604","pw":"0.00","pt":0,"real":0,"created_at":"2019-09-19 19:04:37","updated_at":"2019-09-19 19:04:37"},{"kpi_proccess_id":"1951817762","kpi_header_id":"191531041004","pw":"0.00","pt":0,"real":0,"created_at":"2019-09-18 21:18:50","updated_at":"2019-09-18 21:18:50"},{"kpi_proccess_id":"1951817762","kpi_header_id":"192705141000","pw":"20.00","pt":3,"real":4,"created_at":"2019-09-18 21:14:55","updated_at":"2019-09-24 14:21:59"},{"kpi_proccess_id":"1951817762","kpi_header_id":"192756341000","pw":"20.00","pt":3,"real":5,"created_at":"2019-09-18 21:14:55","updated_at":"2019-09-24 14:21:59"},{"kpi_proccess_id":"1951817762","kpi_header_id":"193208440600","pw":"25.00","pt":4,"real":3,"created_at":"2019-09-19 19:04:37","updated_at":"2019-09-19 19:04:37"}]