[{"id":5,"kpi_header_result_id":"1907720642079","value":"100","created_at":"2019-09-18 20:53:43","updated_at":"2019-09-18 20:53:43"},{"id":6,"kpi_header_result_id":"1907837642043","value":"100","created_at":"2019-09-18 20:53:43","updated_at":"2019-09-18 20:53:43"},{"id":7,"kpi_header_result_id":"1911051683566","value":"100","created_at":"2019-09-18 20:53:43","updated_at":"2019-09-18 20:53:43"},{"id":8,"kpi_header_result_id":"1911091683292","value":"100","created_at":"2019-09-18 20:53:43","updated_at":"2019-09-18 20:53:43"},{"id":9,"kpi_header_result_id":"1911234683513","value":"100","created_at":"2019-09-18 20:53:43","updated_at":"2019-09-18 20:53:43"},{"id":10,"kpi_header_result_id":"1911705683218","value":"100","created_at":"2019-09-18 20:53:43","updated_at":"2019-09-18 20:53:43"},{"id":11,"kpi_header_result_id":"1914506694559","value":"100","created_at":"2019-09-18 20:53:43","updated_at":"2019-09-18 20:53:43"},{"id":12,"kpi_header_result_id":"19232446157547","value":"100","created_at":"2019-09-18 20:53:44","updated_at":"2019-09-18 20:53:44"},{"id":13,"kpi_header_result_id":"192685769375","value":"100%","created_at":"2019-09-18 20:53:44","updated_at":"2019-09-18 22:49:46"},{"id":14,"kpi_header_result_id":"192799969299","value":"100%","created_at":"2019-09-18 20:53:44","updated_at":"2019-09-18 22:49:46"},{"id":15,"kpi_header_result_id":"193045864796","value":"100","created_at":"2019-09-18 20:53:44","updated_at":"2019-09-18 20:53:44"},{"id":16,"kpi_header_result_id":"193086764654","value":"100","created_at":"2019-09-18 20:53:45","updated_at":"2019-09-18 20:53:45"},{"id":17,"kpi_header_result_id":"193149864779","value":"100","created_at":"2019-09-18 20:53:45","updated_at":"2019-09-18 20:53:45"},{"id":18,"kpi_header_result_id":"193187664612","value":"100","created_at":"2019-09-18 20:53:45","updated_at":"2019-09-18 20:53:45"},{"id":19,"kpi_header_result_id":"1934491642453","value":"100","created_at":"2019-09-18 20:53:45","updated_at":"2019-09-18 20:53:45"},{"id":20,"kpi_header_result_id":"1934962642413","value":"100","created_at":"2019-09-18 20:53:45","updated_at":"2019-09-18 20:53:45"},{"id":21,"kpi_header_result_id":"19363056155899","value":"100","created_at":"2019-09-18 20:53:45","updated_at":"2019-09-24 20:08:30"},{"id":22,"kpi_header_result_id":"19365656155758","value":"100","created_at":"2019-09-18 20:53:45","updated_at":"2019-09-24 20:08:30"},{"id":23,"kpi_header_result_id":"1942335694992","value":"100","created_at":"2019-09-18 20:53:46","updated_at":"2019-09-18 20:53:46"},{"id":24,"kpi_header_result_id":"19484726156382","value":"100","created_at":"2019-09-18 20:53:46","updated_at":"2019-09-18 20:53:46"},{"id":29,"kpi_header_result_id":"19016686134840","value":"100","created_at":"2019-09-19 17:11:39","updated_at":"2019-09-19 17:11:39"},{"id":30,"kpi_header_result_id":"19290806135044","value":"100","created_at":"2019-09-19 17:11:46","updated_at":"2019-09-19 17:11:46"},{"id":31,"kpi_header_result_id":"19468826134956","value":"100","created_at":"2019-09-19 17:18:46","updated_at":"2019-09-19 17:18:46"}]