[{"id":"1915283145","name":"Meily E. Karundeng","gender":"female","role_id":"1915283263","atasan_id":null,"deleted_at":null,"created_at":"2019-08-06 22:01:25","updated_at":"2019-08-06 22:01:25"},{"id":"1915284116","name":"Wang Wantao","gender":"male","role_id":"1915282210","atasan_id":"1915284151","deleted_at":null,"created_at":"2019-08-06 22:01:25","updated_at":"2019-08-06 22:01:37"},{"id":"1915284117","name":"Wang Yuzhu","gender":"male","role_id":"1915282234","atasan_id":"1915284162","deleted_at":null,"created_at":"2019-08-06 22:01:25","updated_at":"2019-08-06 22:01:25"},{"id":"1915284127","name":"Teguh Widodo","gender":"male","role_id":null,"atasan_id":null,"deleted_at":null,"created_at":"2019-08-06 22:01:25","updated_at":"2019-08-06 22:01:25"},{"id":"1915284128","name":"Wang YongJia","gender":"male","role_id":null,"atasan_id":null,"deleted_at":null,"created_at":"2019-08-06 22:01:25","updated_at":"2019-08-06 22:01:25"},{"id":"1915284132","name":"Wang Wenjin","gender":"male","role_id":null,"atasan_id":null,"deleted_at":null,"created_at":"2019-08-06 22:01:25","updated_at":"2019-08-06 22:01:25"},{"id":"1915284136","name":"Wang Jingxing","gender":"male","role_id":"1915282253","atasan_id":"1915284162","deleted_at":null,"created_at":"2019-08-06 22:01:25","updated_at":"2019-08-06 22:01:37"},{"id":"1915284138","name":"Younsel Erlandsyah","gender":"male","role_id":null,"atasan_id":null,"deleted_at":null,"created_at":"2019-08-06 22:01:25","updated_at":"2019-08-06 22:01:25"},{"id":"1915284139","name":"Feng Weibin","gender":"male","role_id":"1915282272","atasan_id":"1915284151","deleted_at":null,"created_at":"2019-08-06 22:01:25","updated_at":"2019-08-06 22:01:37"},{"id":"1915284140","name":"Suherman","gender":"male","role_id":"1915282279","atasan_id":"1915284162","deleted_at":null,"created_at":"2019-08-06 22:01:25","updated_at":"2019-08-06 22:01:37"},{"id":"1915284151","name":"Li Guang","gender":"male","role_id":"1915282245","atasan_id":"1915284162","deleted_at":null,"created_at":"2019-08-06 22:01:25","updated_at":"2019-08-06 22:01:37"},{"id":"1915284152","name":"Zhang Jianhui","gender":"male","role_id":"1915282215","atasan_id":"1915284151","deleted_at":null,"created_at":"2019-08-06 22:01:25","updated_at":"2019-08-06 22:01:37"},{"id":"1915284154","name":"Younsel Erlans Syah","gender":"male","role_id":"1915282277","atasan_id":"1915284152","deleted_at":null,"created_at":"2019-08-06 22:01:25","updated_at":"2019-08-06 22:01:37"},{"id":"1915284158","name":"Wang Jing","gender":"male","role_id":"1915282217","atasan_id":"1915284151","deleted_at":null,"created_at":"2019-08-06 22:01:25","updated_at":"2019-08-06 22:01:37"},{"id":"1915284159","name":"Wang Wang","gender":"male","role_id":null,"atasan_id":null,"deleted_at":null,"created_at":"2019-08-06 22:01:25","updated_at":"2019-08-06 22:01:25"},{"id":"1915284162","name":"Zhang Heng Xiang","gender":"male","role_id":"1915281248","atasan_id":"1915283145","deleted_at":null,"created_at":"2019-08-06 22:01:25","updated_at":"2019-08-06 22:01:37"},{"id":"1915284163","name":"Darma Nusa Alting","gender":"male","role_id":null,"atasan_id":null,"deleted_at":null,"created_at":"2019-08-06 22:01:25","updated_at":"2019-08-06 22:01:25"},{"id":"1915284167","name":"Li Delu","gender":"male","role_id":"1915282286","atasan_id":"1915284116","deleted_at":null,"created_at":"2019-08-06 22:01:25","updated_at":"2019-08-06 22:01:37"},{"id":"1915284168","name":"IG Wayan Suntamaya","gender":"male","role_id":null,"atasan_id":null,"deleted_at":null,"created_at":"2019-08-06 22:01:25","updated_at":"2019-08-06 22:01:25"},{"id":"1915284171","name":"Wang Wenjin","gender":"male","role_id":null,"atasan_id":null,"deleted_at":null,"created_at":"2019-08-06 22:01:25","updated_at":"2019-08-06 22:01:25"},{"id":"1915284172","name":"Isran Hamzah","gender":"male","role_id":"1915282234","atasan_id":"1915284151","deleted_at":null,"created_at":"2019-08-06 22:01:25","updated_at":"2019-08-06 22:01:37"},{"id":"1915284179","name":"Gunadi Gautama","gender":"male","role_id":"1915282273","atasan_id":"1915284252","deleted_at":null,"created_at":"2019-08-06 22:01:25","updated_at":"2019-08-06 22:01:37"},{"id":"1915284183","name":"Wang Wenjin","gender":"male","role_id":"1915282283","atasan_id":"1915284151","deleted_at":null,"created_at":"2019-08-06 22:01:25","updated_at":"2019-08-06 22:01:37"},{"id":"1915284184","name":"Wang Wenjin","gender":"male","role_id":null,"atasan_id":null,"deleted_at":null,"created_at":"2019-08-06 22:01:25","updated_at":"2019-08-06 22:01:25"},{"id":"1915284190","name":"Wang Yizin","gender":"male","role_id":"1915282266","atasan_id":null,"deleted_at":null,"created_at":"2019-08-06 22:01:25","updated_at":"2019-08-06 22:01:25"},{"id":"1915284192","name":"Zhang Eng Ting","gender":"male","role_id":"1915282265","atasan_id":"1915284162","deleted_at":null,"created_at":"2019-08-06 22:01:25","updated_at":"2019-08-06 22:01:37"},{"id":"1915284193","name":"Yang Jinlin","gender":"male","role_id":null,"atasan_id":null,"deleted_at":null,"created_at":"2019-08-06 22:01:25","updated_at":"2019-08-06 22:01:25"},{"id":"1915284199","name":"Zhao Wenbin","gender":"male","role_id":null,"atasan_id":null,"deleted_at":null,"created_at":"2019-08-06 22:01:25","updated_at":"2019-08-06 22:01:25"},{"id":"1915284252","name":"Zhong Xiang Cheng","gender":"male","role_id":"1915282295","atasan_id":"1915284151","deleted_at":null,"created_at":"2019-08-06 22:01:25","updated_at":"2019-08-06 22:01:37"},{"id":"1915284269","name":"I Wayan Suntamaya","gender":"male","role_id":"1915282223","atasan_id":"1915284192","deleted_at":null,"created_at":"2019-08-06 22:01:25","updated_at":"2019-08-06 22:01:37"},{"id":"1915284279","name":"Wang Hehe","gender":"male","role_id":"1915283270","atasan_id":null,"deleted_at":null,"created_at":"2019-08-06 22:01:25","updated_at":"2019-08-06 22:01:25"},{"id":"1915284282","name":"Johan Yuda Santosa","gender":"male","role_id":null,"atasan_id":null,"deleted_at":null,"created_at":"2019-08-06 22:01:25","updated_at":"2019-08-06 22:01:25"},{"id":"1915285113","name":"Asep Zhang","gender":"male","role_id":"1915282233","atasan_id":"1915284167","deleted_at":null,"created_at":"2019-08-06 22:01:25","updated_at":"2019-08-06 22:01:37"},{"id":"1915285119","name":"Made Wang","gender":"male","role_id":null,"atasan_id":null,"deleted_at":null,"created_at":"2019-08-06 22:01:25","updated_at":"2019-08-06 22:01:25"},{"id":"1915285131","name":"Fu Ningbo","gender":"male","role_id":"1915282262","atasan_id":"1915285162","deleted_at":null,"created_at":"2019-08-06 22:01:25","updated_at":"2019-08-06 22:01:37"},{"id":"1915285140","name":"Udes","gender":"male","role_id":null,"atasan_id":null,"deleted_at":null,"created_at":"2019-08-06 22:01:25","updated_at":"2019-08-06 22:01:25"},{"id":"1915285141","name":"Yang Jinlin","gender":"male","role_id":"1915282220","atasan_id":"1915284136","deleted_at":null,"created_at":"2019-08-06 22:01:25","updated_at":"2019-08-06 22:01:37"},{"id":"1915285147","name":"Abdul Ghani","gender":"male","role_id":"1915283357","atasan_id":"1915285195","deleted_at":null,"created_at":"2019-08-06 22:01:25","updated_at":"2019-08-06 22:01:37"},{"id":"1915285155","name":"Xi Xiaoming","gender":"male","role_id":"1915282238","atasan_id":"1915284116","deleted_at":null,"created_at":"2019-08-06 22:01:25","updated_at":"2019-08-06 22:01:37"},{"id":"1915285162","name":"Bai Hun","gender":"male","role_id":"1915282356","atasan_id":"1915285165","deleted_at":null,"created_at":"2019-08-06 22:01:25","updated_at":"2019-08-06 22:01:37"},{"id":"1915285163","name":"Mery Megawati","gender":"female","role_id":"1915282249","atasan_id":"1915284116","deleted_at":null,"created_at":"2019-08-06 22:01:25","updated_at":"2019-08-06 22:01:37"},{"id":"1915285165","name":"Ran Tanbao","gender":"male","role_id":"1915282315","atasan_id":"1915284167","deleted_at":null,"created_at":"2019-08-06 22:01:25","updated_at":"2019-08-06 22:01:37"},{"id":"1915285173","name":"Pan Jinzheng","gender":"male","role_id":"1915282291","atasan_id":"1915285165","deleted_at":null,"created_at":"2019-08-06 22:01:25","updated_at":"2019-08-06 22:01:37"},{"id":"1915285175","name":"Frederick Wu","gender":"male","role_id":null,"atasan_id":null,"deleted_at":null,"created_at":"2019-08-06 22:01:25","updated_at":"2019-08-06 22:01:25"},{"id":"1915285177","name":"user 123","gender":"male","role_id":null,"atasan_id":null,"deleted_at":null,"created_at":"2019-08-06 22:01:25","updated_at":"2019-08-06 22:01:25"},{"id":"1915285191","name":"Bai Jongshan","gender":"male","role_id":"1915282247","atasan_id":"1915284116","deleted_at":null,"created_at":"2019-08-06 22:01:25","updated_at":"2019-08-06 22:01:37"},{"id":"1915285193","name":"Ma Feng","gender":"male","role_id":null,"atasan_id":null,"deleted_at":null,"created_at":"2019-08-06 22:01:25","updated_at":"2019-08-06 22:01:25"},{"id":"1915285195","name":"Darma Nusa Alting","gender":"male","role_id":"1915282288","atasan_id":"1915284269","deleted_at":null,"created_at":"2019-08-06 22:01:25","updated_at":"2019-08-06 22:01:37"},{"id":"1915285198","name":"Yang Banghai","gender":"male","role_id":"1915282320","atasan_id":"1915285162","deleted_at":null,"created_at":"2019-08-06 22:01:25","updated_at":"2019-08-06 22:01:37"},{"id":"1915285214","name":"Rudi Alogo","gender":"male","role_id":"1915283269","atasan_id":"1915285147","deleted_at":null,"created_at":"2019-08-06 22:01:25","updated_at":"2019-08-06 22:01:37"},{"id":"1915285215","name":"Johan Yudha Santosa","gender":"male","role_id":"1915282229","atasan_id":"1915284136","deleted_at":null,"created_at":"2019-08-06 22:01:25","updated_at":"2019-08-06 22:01:37"},{"id":"1915285243","name":"Chen Fei","gender":"male","role_id":"1915282376","atasan_id":"1915285162","deleted_at":null,"created_at":"2019-08-06 22:01:25","updated_at":"2019-08-06 22:01:37"},{"id":"1915286113","name":"Hikmah Kausaha","gender":"male","role_id":"1915283273","atasan_id":null,"deleted_at":null,"created_at":"2019-08-06 22:01:25","updated_at":"2019-08-06 22:01:25"},{"id":"1915286124","name":"Edwin Indra Sumantri","gender":"male","role_id":"1915283211","atasan_id":"1915285147","deleted_at":null,"created_at":"2019-08-06 22:01:25","updated_at":"2019-08-06 22:01:37"},{"id":"1915286147","name":"Yunita","gender":"female","role_id":"1915283379","atasan_id":"1915285147","deleted_at":null,"created_at":"2019-08-06 22:01:25","updated_at":"2019-08-06 22:01:38"},{"id":"1915286156","name":"Hajrin Ode Muhrijin","gender":"male","role_id":"1915283296","atasan_id":null,"deleted_at":null,"created_at":"2019-08-06 22:01:25","updated_at":"2019-08-06 22:01:25"},{"id":"1915286169","name":"Chandra","gender":"male","role_id":"1915283316","atasan_id":"1915285147","deleted_at":null,"created_at":"2019-08-06 22:01:25","updated_at":"2019-08-06 22:01:38"},{"id":"1915286191","name":"Anisa","gender":"female","role_id":"1915283212","atasan_id":"1915285147","deleted_at":null,"created_at":"2019-08-06 22:01:25","updated_at":"2019-08-06 22:01:38"},{"id":"1915286198","name":"Vacant","gender":"male","role_id":"1915283332","atasan_id":"1915285147","deleted_at":null,"created_at":"2019-08-06 22:01:25","updated_at":"2019-08-06 22:01:37"}]