[{"id":"1902040784","name":"\u540c\u60c5 Empati(IU)","unit":"\u89c4\u6a21 Skala","created_at":"2019-09-14 14:29:02","updated_at":"2019-09-14 14:29:02"},{"id":"1911144747","name":"\u4fe1\u5fc3 Percaya Diri (SCF)","unit":"\u89c4\u6a21 Skala","created_at":"2019-09-14 14:35:11","updated_at":"2019-09-14 14:35:11"},{"id":"1913488711","name":"\u56e2\u961f\u5408\u4f5c Kerjasama kelompok (TW)","unit":"\u89c4\u6a21 Skala","created_at":"2019-08-07 17:58:14","updated_at":"2019-08-07 17:58:14"},{"id":"1916788721","name":"\u53d1\u53f7\u65bd\u4ee4 Mengarahkan/Memberikan Perintah (DIR)","unit":"\u89c4\u6a21 Skala","created_at":"2019-08-07 17:53:16","updated_at":"2019-08-07 17:53:16"},{"id":"1924554748","name":"\u56e2\u961f\u9886\u5bfc Memimpin Kelompok (TL)","unit":"\u89c4\u6a21 Skala","created_at":"2019-09-14 14:31:24","updated_at":"2019-09-14 14:31:24"},{"id":"1925053782","name":"\u5021\u8bae Proaktif, Initiative (INT)","unit":"\u89c4\u6a21 Skala","created_at":"2019-09-14 14:28:25","updated_at":"2019-09-14 14:28:25"},{"id":"1929151771","name":"\u5f71\u54cd\u548c\u5f71\u54cd Dampak & Pengaruh (IMP)","unit":"\u89c4\u6a21 Skala","created_at":"2019-08-07 17:54:29","updated_at":"2019-08-07 17:54:29"},{"id":"1929986789","name":"\u5bf9\u672c\u7ec4\u7ec7\u7684\u627f\u8bfa Komitmen terhadap Organisasi (OC)","unit":"\u89c4\u6a21 Skala","created_at":"2019-09-14 14:36:29","updated_at":"2019-09-14 14:36:29"},{"id":"1930802796","name":"\u81ea\u6211\u63a7\u5236 Pengendalian Diri (SCT)","unit":"\u89c4\u6a21 Skala","created_at":"2019-09-14 14:34:30","updated_at":"2019-09-14 14:34:30"},{"id":"1930947784","name":"\u5efa\u7acb\u5de5\u4f5c\u5173\u7cfb Membangun Hubungan Kerja (RB)","unit":"\u89c4\u6a21 Skala","created_at":"2019-08-07 17:55:30","updated_at":"2019-08-07 17:55:30"},{"id":"1934321731","name":"\u4e0a\u73ed Kehadiran (AB)","unit":"\u89c4\u6a21 Skala","created_at":"2019-08-07 17:58:34","updated_at":"2019-08-07 17:58:34"},{"id":"1937509754","name":"\u7ec4\u7ec7\u610f\u8bc6 Kesadaran Berorganisasi (OA)","unit":"\u89c4\u6a21 Skala","created_at":"2019-09-14 14:30:37","updated_at":"2019-09-14 14:30:37"},{"id":"1939671773","name":"\u7075\u6d3b\u6027 Fleksibilitas (FLX)","unit":"\u89c4\u6a21 Skala","created_at":"2019-09-14 14:35:39","updated_at":"2019-09-14 14:35:39"},{"id":"1944340775","name":"\u641c\u7d22\u4fe1\u606f Mencari Informasi (INF)","unit":"\u89c4\u6a21 Skala","created_at":"2019-08-07 17:50:44","updated_at":"2019-08-07 17:50:44"},{"id":"1944714789","name":"\u53d1\u5c55\u4ed6\u4eba Mengembangkan Orang Lain (Dev)","unit":"\u89c4\u6a21 Skala","created_at":"2019-08-07 17:52:44","updated_at":"2019-08-07 17:52:44"},{"id":"1949679733","name":"\u6982\u5ff5\u601d\u7ef4 Berpikir Konseptual (CT)","unit":"\u89c4\u6a21 Skala","created_at":"2019-08-07 17:53:49","updated_at":"2019-08-07 17:53:49"},{"id":"1951817762","name":"\u5206\u6790\u601d\u7ef4 Berpikir Analitis (AT)","unit":"\u89c4\u6a21 Skala","created_at":"2019-09-14 14:33:51","updated_at":"2019-09-14 14:33:51"},{"id":"1952668723","name":"\u5ba2\u6237\u670d\u52a1\u5bfc\u5411 Berorientasi kepada Pelanggan (CSO)","unit":"\u89c4\u6a21 Skala","created_at":"2019-09-14 14:29:52","updated_at":"2019-09-14 14:29:52"},{"id":"1952950749","name":"\u5173\u6ce8\u8ba2\u5355\uff0c\u8d28\u91cf\u548c\u51c6\u786e\u6027 Perhatian terhadap Kejelasan Tugas, Kualitas dan Ketelitian Kerja (CO)","unit":"\u89c4\u6a21 Skala","created_at":"2019-08-07 17:57:52","updated_at":"2019-08-07 17:57:52"},{"id":"1956602795","name":"\u6210\u5c31\u53d6\u5411 Semangat berprestrasi (ACH)","unit":"\u89c4\u6a21 Skala","created_at":"2019-08-09 15:27:56","updated_at":"2019-08-09 15:27:56"},{"id":"1958844787","name":"\u6280\u672f\u4e13\u957f Keahlian Teknikal/Profesional/Manajerial (EXP)","unit":"\u89c4\u6a21 Skala","created_at":"2019-08-07 17:55:58","updated_at":"2019-08-07 17:55:58"}]