[{"id":"3f1da406-2457-45e6-9a76-e4d289fcfa16","type":"App\\Notifications\\EndorsementNotification","notifiable_type":"App\\Model\\User","notifiable_id":"1950300028","data":"{\"type\":\"redirect\",\"subject\":\"Li Guang sudah mengesahkan PMS nya sendiri untuk periode Sep 2019\",\"redirectTo\":\"realisasi\\/1915284151\\/8\",\"from\":\"Li Guang\"}","read_at":"2019-09-14 20:27:44","created_at":"2019-09-14 20:25:55","updated_at":"2019-09-14 20:27:44"},{"id":"4ac1b7e8-2fa7-4c5d-9862-825623c262ac","type":"App\\Notifications\\EndorsementNotification","notifiable_type":"App\\Model\\User","notifiable_id":"1950300028","data":"{\"type\":\"redirect\",\"subject\":\"Wang Jingxing sudah mengesahkan PMS nya sendiri untuk periode Aug 2019\",\"redirectTo\":\"realisasi\\/1915284136\\/7\",\"from\":\"Wang Jingxing\"}","read_at":"2019-09-10 15:37:13","created_at":"2019-09-10 15:36:34","updated_at":"2019-09-10 15:37:13"},{"id":"686bb3aa-23ee-4ba2-aea0-511de5375209","type":"App\\Notifications\\EndorsementNotification","notifiable_type":"App\\Model\\User","notifiable_id":"1934031051","data":"{\"type\":\"redirect\",\"subject\":\"Zhang Heng Xiang sudah mengesahkan PMS nya sendiri untuk periode Jul 2019\",\"redirectTo\":\"realisasi\\/1915284162\\/6\",\"from\":\"Zhang Heng Xiang\"}","read_at":"2019-09-12 20:25:53","created_at":"2019-09-10 15:33:25","updated_at":"2019-09-12 20:25:53"},{"id":"9684a2ff-8f4e-415f-a285-c8982f3da3e7","type":"App\\Notifications\\EndorsementNotification","notifiable_type":"App\\Model\\User","notifiable_id":"1950300028","data":"{\"type\":\"redirect\",\"subject\":\"Li Guang sudah mengesahkan PMS nya sendiri untuk periode Jul 2019\",\"redirectTo\":\"realisasi\\/1915284151\\/6\",\"from\":\"Li Guang\"}","read_at":"2019-09-10 15:35:35","created_at":"2019-09-10 15:34:56","updated_at":"2019-09-10 15:35:35"},{"id":"d53b3d54-5432-4241-b9c1-942f3e9ccc2e","type":"App\\Notifications\\RequestChange","notifiable_type":"App\\Model\\User","notifiable_id":"1936858059","data":"{\"type\":\"request-change\",\"subject\":\"Permintaan perubahan status pengesahan untuk Li Guang\",\"message\":\"punten tolong diubah ya :)\",\"from\":\"Zhang Heng Xiang\",\"to\":{\"id\":\"1915284151\",\"name\":\"Li Guang\",\"gender\":\"male\",\"role_id\":\"1915282245\",\"atasan_id\":\"1915284162\"},\"approved\":true}","read_at":"2019-09-14 20:29:03","created_at":"2019-09-14 20:28:26","updated_at":"2019-09-14 20:29:09"},{"id":"d545a7d9-3463-47a0-9d6e-a2fc2966dd67","type":"App\\Notifications\\SendMessage","notifiable_type":"App\\Model\\User","notifiable_id":"1955352018","data":"{\"type\":\"message\",\"subject\":\"Zhang Heng Xiang sudah mengirimkan permintaan perubahan pengesahan untuk periode Sep 2019\",\"from\":\"Zhang Heng Xiang\"}","read_at":null,"created_at":"2019-09-14 20:28:26","updated_at":"2019-09-14 20:28:26"},{"id":"fc75b94d-caa5-4c25-9640-0da6e0e70f01","type":"App\\Notifications\\SendMessage","notifiable_type":"App\\Model\\User","notifiable_id":"1955352018","data":"{\"type\":\"message\",\"subject\":\"Perubahan Status untuk periode 2019-09-16 sudah disetujui \",\"from\":\"Zhang Eng Ting\"}","read_at":"2019-09-14 20:29:43","created_at":"2019-09-14 20:29:09","updated_at":"2019-09-14 20:29:43"}]