[{"id":"1915281248","name":"\u8463\u4e8b\u957f\u3001\u603b\u88c1 President Director","can_have_child":1,"level":0,"deleted_at":null,"created_at":"2019-08-06 22:01:24","updated_at":"2019-08-06 22:01:24","tier":"1"},{"id":"1915281286","name":"\u516c\u53f8\u540d\u79f0 Company","can_have_child":0,"level":0,"deleted_at":null,"created_at":"2019-08-06 22:01:24","updated_at":"2019-08-06 22:01:24","tier":"0"},{"id":"1915282210","name":"\u51b6\u70bc\u90e8\u603b\u7ecf\u7406 GM Smelter Plant","can_have_child":1,"level":2,"deleted_at":null,"created_at":"2019-08-06 22:01:24","updated_at":"2019-08-06 22:01:24","tier":"3"},{"id":"1915282215","name":"\u77ff\u5c71\u90e8\u5206\u7ba1\u526f\u603b\u88c1 VP Mining","can_have_child":1,"level":2,"deleted_at":null,"created_at":"2019-08-06 22:01:24","updated_at":"2019-08-06 22:01:24","tier":"3"},{"id":"1915282216","name":"Operator Conveyor Area 1","can_have_child":1,"level":7,"deleted_at":null,"created_at":"2019-08-06 22:01:25","updated_at":"2019-08-06 22:01:25","tier":"3"},{"id":"1915282217","name":"\u7535\u5382\u90e8\u5206\u7ba1\u526f\u603b\u88c1 VP Power Plant","can_have_child":1,"level":2,"deleted_at":null,"created_at":"2019-08-06 22:01:24","updated_at":"2019-08-06 22:01:24","tier":"3"},{"id":"1915282220","name":"GM General Affairs","can_have_child":1,"level":1,"deleted_at":null,"created_at":"2019-08-06 22:01:24","updated_at":"2019-08-06 22:01:24","tier":"3"},{"id":"1915282222","name":"Kuded 123","can_have_child":1,"level":1,"deleted_at":null,"created_at":"2019-08-06 22:01:24","updated_at":"2019-08-06 22:01:24","tier":"3"},{"id":"1915282223","name":"GM HR & PR","can_have_child":1,"level":1,"deleted_at":null,"created_at":"2019-08-06 22:01:24","updated_at":"2019-08-06 22:01:24","tier":"2"},{"id":"1915282229","name":"\u8d22\u52a1\u90e8\u603b\u7ecf\u7406 GM Finance & Accounting","can_have_child":1,"level":1,"deleted_at":null,"created_at":"2019-08-06 22:01:24","updated_at":"2019-08-06 22:01:24","tier":"3"},{"id":"1915282231","name":"Operator (1) Mixing Plant-1","can_have_child":1,"level":7,"deleted_at":null,"created_at":"2019-08-06 22:01:25","updated_at":"2019-08-06 22:01:25","tier":"3"},{"id":"1915282233","name":"Metallurgist 2","can_have_child":1,"level":3,"deleted_at":null,"created_at":"2019-08-06 22:01:25","updated_at":"2019-08-06 22:01:25","tier":"3"},{"id":"1915282234","name":"\u516c\u53f8\u526f\u603b\u88c1\u3001\u56ed\u533a\u603b\u76d1 VP Perusahaan & COO Kawasan Industri","can_have_child":1,"level":2,"deleted_at":null,"created_at":"2019-08-06 22:01:24","updated_at":"2019-08-06 22:01:24","tier":"3"},{"id":"1915282236","name":"Operator Excavator-2 Area ROSY","can_have_child":1,"level":7,"deleted_at":null,"created_at":"2019-08-06 22:01:25","updated_at":"2019-08-06 22:01:25","tier":"3"},{"id":"1915282238","name":"Deputi GM Equipment","can_have_child":1,"level":2,"deleted_at":null,"created_at":"2019-08-06 22:01:24","updated_at":"2019-08-06 22:01:24","tier":"3"},{"id":"1915282241","name":"Operator (2) Rotary Kiln-1","can_have_child":1,"level":7,"deleted_at":null,"created_at":"2019-08-06 22:01:25","updated_at":"2019-08-06 22:01:25","tier":"3"},{"id":"1915282245","name":"\u516c\u53f8\u526f\u603b\u88c1\u3001\u56ed\u533a\u603b\u88c1 VP Perusahaan & President Kawasan Industri","can_have_child":1,"level":1,"deleted_at":null,"created_at":"2019-08-06 22:01:24","updated_at":"2019-08-06 22:01:24","tier":"3"},{"id":"1915282247","name":"Deputi GM Electric","can_have_child":1,"level":2,"deleted_at":null,"created_at":"2019-08-06 22:01:24","updated_at":"2019-08-06 22:01:24","tier":"3"},{"id":"1915282248","name":"Operator Loader-2 Area ROSY","can_have_child":1,"level":7,"deleted_at":null,"created_at":"2019-08-06 22:01:25","updated_at":"2019-08-06 22:01:25","tier":"3"},{"id":"1915282249","name":"Manager Cooperation","can_have_child":1,"level":2,"deleted_at":null,"created_at":"2019-08-06 22:01:25","updated_at":"2019-08-06 22:01:25","tier":"3"},{"id":"1915282250","name":"Opeartor Screening dan Conveyor","can_have_child":1,"level":7,"deleted_at":null,"created_at":"2019-08-06 22:01:25","updated_at":"2019-08-06 22:01:25","tier":"3"},{"id":"1915282251","name":"Manager Equipment","can_have_child":1,"level":3,"deleted_at":null,"created_at":"2019-08-06 22:01:24","updated_at":"2019-08-06 22:01:24","tier":"3"},{"id":"1915282253","name":"\u516c\u53f8\u8463\u4e8b\u3001\u8d22\u52a1\u603b\u76d1 Direksi Perusahaan & VP FA","can_have_child":1,"level":1,"deleted_at":null,"created_at":"2019-08-06 22:01:24","updated_at":"2019-08-06 22:01:24","tier":"3"},{"id":"1915282258","name":"Manager Technician","can_have_child":1,"level":3,"deleted_at":null,"created_at":"2019-08-06 22:01:24","updated_at":"2019-08-06 22:01:24","tier":"3"},{"id":"1915282262","name":"Ketua Regu 1","can_have_child":1,"level":5,"deleted_at":null,"created_at":"2019-08-06 22:01:25","updated_at":"2019-08-06 22:01:25","tier":"3"},{"id":"1915282263","name":"Ketua Seksi Kalsinasi","can_have_child":1,"level":6,"deleted_at":null,"created_at":"2019-08-06 22:01:25","updated_at":"2019-08-06 22:01:25","tier":"3"},{"id":"1915282265","name":"\u516c\u53f8\u8463\u4e8b\u3001\u56ed\u533a\u526f\u603b\u88c1 Direksi Perusahaan & VP HRPR","can_have_child":1,"level":1,"deleted_at":null,"created_at":"2019-08-06 22:01:24","updated_at":"2019-08-06 22:01:24","tier":"2"},{"id":"1915282266","name":"Operator Excavator-1 Area ROSY","can_have_child":1,"level":7,"deleted_at":null,"created_at":"2019-08-06 22:01:25","updated_at":"2019-08-06 22:01:25","tier":"3"},{"id":"1915282270","name":"Metalurgist 1","can_have_child":1,"level":3,"deleted_at":null,"created_at":"2019-08-06 22:01:25","updated_at":"2019-08-06 22:01:25","tier":"3"},{"id":"1915282271","name":"Assistant Manager","can_have_child":1,"level":3,"deleted_at":null,"created_at":"2019-08-06 22:01:25","updated_at":"2019-08-06 22:01:25","tier":"3"},{"id":"1915282272","name":"\u751f\u4ea7\u5b89\u5168\u73af\u4fdd\u90e8 GM PSEP","can_have_child":1,"level":1,"deleted_at":null,"created_at":"2019-08-06 22:01:24","updated_at":"2019-08-06 22:01:24","tier":"3"},{"id":"1915282273","name":"VGM Logistic","can_have_child":1,"level":2,"deleted_at":null,"created_at":"2019-08-06 22:01:24","updated_at":"2019-08-06 22:01:24","tier":"3"},{"id":"1915282277","name":"\u77ff\u5c71\u90e8\u603b\u7ecf\u7406 GM Mining","can_have_child":1,"level":1,"deleted_at":null,"created_at":"2019-08-06 22:01:24","updated_at":"2019-08-06 22:01:24","tier":"3"},{"id":"1915282279","name":"\u526f\u8463\u4e8b\u957f Vice President Director","can_have_child":0,"level":1,"deleted_at":null,"created_at":"2019-08-06 22:01:24","updated_at":"2019-08-06 22:01:24","tier":"1"},{"id":"1915282280","name":"Operator Crushing-Screening","can_have_child":1,"level":7,"deleted_at":null,"created_at":"2019-08-06 22:01:25","updated_at":"2019-08-06 22:01:25","tier":"3"},{"id":"1915282281","name":"Ketua Seksi Praolahan","can_have_child":1,"level":6,"deleted_at":null,"created_at":"2019-08-06 22:01:25","updated_at":"2019-08-06 22:01:25","tier":"3"},{"id":"1915282282","name":"Operator Rotary Dryer-1","can_have_child":1,"level":7,"deleted_at":null,"created_at":"2019-08-06 22:01:25","updated_at":"2019-08-06 22:01:25","tier":"3"},{"id":"1915282283","name":"GM Production Support","can_have_child":1,"level":1,"deleted_at":null,"created_at":"2019-08-06 22:01:24","updated_at":"2019-08-06 22:01:24","tier":"3"},{"id":"1915282284","name":"\u6280\u672f\u8d28\u91cf\u68c0\u6d4b\u90e8\u603b\u7ecf\u7406 GM TQM","can_have_child":1,"level":1,"deleted_at":null,"created_at":"2019-08-06 22:01:24","updated_at":"2019-08-06 22:01:24","tier":"3"},{"id":"1915282286","name":"Deputi GM Production","can_have_child":1,"level":2,"deleted_at":null,"created_at":"2019-08-06 22:01:24","updated_at":"2019-08-06 22:01:24","tier":"3"},{"id":"1915282288","name":"Deputi GM HR","can_have_child":1,"level":2,"deleted_at":null,"created_at":"2019-08-06 22:01:24","updated_at":"2019-08-06 22:01:24","tier":"2"},{"id":"1915282290","name":"\u884c\u653f\u90e8\u603b\u7ecf\u7406 GM GA","can_have_child":1,"level":1,"deleted_at":null,"created_at":"2019-08-06 22:01:24","updated_at":"2019-08-06 22:01:24","tier":"3"},{"id":"1915282291","name":"Wakil Ketua Area Produksi","can_have_child":1,"level":4,"deleted_at":null,"created_at":"2019-08-06 22:01:25","updated_at":"2019-08-06 22:01:25","tier":"3"},{"id":"1915282295","name":"\u8425\u9500\u7269\u6d41\u90e8\u603b\u7ecf\u7406 GM Marketing & Logistic","can_have_child":1,"level":1,"deleted_at":null,"created_at":"2019-08-06 22:01:24","updated_at":"2019-08-06 22:01:24","tier":"3"},{"id":"1915282297","name":"Operator (1) Rotary Kiln-1","can_have_child":1,"level":7,"deleted_at":null,"created_at":"2019-08-06 22:01:25","updated_at":"2019-08-06 22:01:25","tier":"3"},{"id":"1915282299","name":"Operator Loader-1 Area ROSY","can_have_child":1,"level":7,"deleted_at":null,"created_at":"2019-08-06 22:01:25","updated_at":"2019-08-06 22:01:25","tier":"3"},{"id":"1915282315","name":"Manager Production","can_have_child":1,"level":3,"deleted_at":null,"created_at":"2019-08-06 22:01:24","updated_at":"2019-08-06 22:01:24","tier":"3"},{"id":"1915282320","name":"Ketua Regu 2","can_have_child":1,"level":5,"deleted_at":null,"created_at":"2019-08-06 22:01:25","updated_at":"2019-08-06 22:01:25","tier":"3"},{"id":"1915282348","name":"Operator (2) Mixing Plant-1","can_have_child":1,"level":7,"deleted_at":null,"created_at":"2019-08-06 22:01:25","updated_at":"2019-08-06 22:01:25","tier":"3"},{"id":"1915282356","name":"Ketua Area Oproduksi","can_have_child":1,"level":4,"deleted_at":null,"created_at":"2019-08-06 22:01:25","updated_at":"2019-08-06 22:01:25","tier":"3"},{"id":"1915282359","name":"Operator While Loader-2 Area 1","can_have_child":1,"level":7,"deleted_at":null,"created_at":"2019-08-06 22:01:25","updated_at":"2019-08-06 22:01:25","tier":"3"},{"id":"1915282361","name":"\u603b\u5de5\u7a0b\u5e08 KTT","can_have_child":1,"level":1,"deleted_at":null,"created_at":"2019-08-06 22:01:24","updated_at":"2019-08-06 22:01:24","tier":"3"},{"id":"1915282371","name":"\u6295\u8d44\u89c4\u5212\u548c\u8d44\u4ea7\u7ba1\u7406\u90e8\u603b\u7ecf\u7406 GM BCO","can_have_child":1,"level":1,"deleted_at":null,"created_at":"2019-08-06 22:01:24","updated_at":"2019-08-06 22:01:24","tier":"3"},{"id":"1915282372","name":"Ketua Seksi Smelting","can_have_child":1,"level":6,"deleted_at":null,"created_at":"2019-08-06 22:01:25","updated_at":"2019-08-06 22:01:25","tier":"3"},{"id":"1915282376","name":"Ketua Regu 3","can_have_child":1,"level":5,"deleted_at":null,"created_at":"2019-08-06 22:01:25","updated_at":"2019-08-06 22:01:25","tier":"3"},{"id":"1915282379","name":"\u7535\u5382\u90e8\u603b\u7ecf\u7406 GM Power Plant","can_have_child":1,"level":1,"deleted_at":null,"created_at":"2019-08-06 22:01:24","updated_at":"2019-08-06 22:01:24","tier":"3"},{"id":"1915282394","name":"Operator Control Room","can_have_child":1,"level":7,"deleted_at":null,"created_at":"2019-08-06 22:01:25","updated_at":"2019-08-06 22:01:25","tier":"3"},{"id":"1915282454","name":"Operator While Loader-1 Area 1","can_have_child":1,"level":7,"deleted_at":null,"created_at":"2019-08-06 22:01:25","updated_at":"2019-08-06 22:01:25","tier":"3"},{"id":"1915283211","name":"Ass. Manager Comben","can_have_child":1,"level":4,"deleted_at":null,"created_at":"2019-08-06 22:01:25","updated_at":"2019-08-06 22:01:25","tier":"3"},{"id":"1915283212","name":"Admin HRD 3","can_have_child":1,"level":4,"deleted_at":null,"created_at":"2019-08-06 22:01:25","updated_at":"2019-08-06 22:01:25","tier":"3"},{"id":"1915283213","name":"Operator (3) Metal Tapping EF-1","can_have_child":1,"level":7,"deleted_at":null,"created_at":"2019-08-06 22:01:25","updated_at":"2019-08-06 22:01:25","tier":"3"},{"id":"1915283216","name":"Operator Control Room Mixing Plant-1","can_have_child":1,"level":7,"deleted_at":null,"created_at":"2019-08-06 22:01:25","updated_at":"2019-08-06 22:01:25","tier":"3"},{"id":"1915283219","name":"Operator (2) Slag Tapping EF-1","can_have_child":1,"level":7,"deleted_at":null,"created_at":"2019-08-06 22:01:25","updated_at":"2019-08-06 22:01:25","tier":"3"},{"id":"1915283233","name":"Operator (1) Slag Tapping EF-1","can_have_child":1,"level":7,"deleted_at":null,"created_at":"2019-08-06 22:01:25","updated_at":"2019-08-06 22:01:25","tier":"3"},{"id":"1915283242","name":"Operator Control Room Rotary Kiln-1","can_have_child":1,"level":7,"deleted_at":null,"created_at":"2019-08-06 22:01:25","updated_at":"2019-08-06 22:01:25","tier":"3"},{"id":"1915283250","name":"Operator (1) Slag Holder Truck EF-1","can_have_child":1,"level":7,"deleted_at":null,"created_at":"2019-08-06 22:01:25","updated_at":"2019-08-06 22:01:25","tier":"3"},{"id":"1915283253","name":"Operator (1) Metal Casting EF-1","can_have_child":1,"level":7,"deleted_at":null,"created_at":"2019-08-06 22:01:25","updated_at":"2019-08-06 22:01:25","tier":"3"},{"id":"1915283263","name":"\u76d1\u4e8b Commisioner","can_have_child":0,"level":-1,"deleted_at":null,"created_at":"2019-08-06 22:01:25","updated_at":"2019-08-06 22:01:25","tier":"0"},{"id":"1915283266","name":"Operator (1) Metal Tapping EF-1","can_have_child":1,"level":7,"deleted_at":null,"created_at":"2019-08-06 22:01:25","updated_at":"2019-08-06 22:01:25","tier":"3"},{"id":"1915283269","name":"Ass. Manager IR & Recruitment","can_have_child":1,"level":4,"deleted_at":null,"created_at":"2019-08-06 22:01:25","updated_at":"2019-08-06 22:01:25","tier":"3"},{"id":"1915283270","name":"Operator Pengumpanan Kalsin EF-1","can_have_child":1,"level":7,"deleted_at":null,"created_at":"2019-08-06 22:01:25","updated_at":"2019-08-06 22:01:25","tier":"3"},{"id":"1915283273","name":"Ass. Manager CSR Internal","can_have_child":1,"level":4,"deleted_at":null,"created_at":"2019-08-06 22:01:25","updated_at":"2019-08-06 22:01:25","tier":"3"},{"id":"1915283283","name":"Manager CSR","can_have_child":1,"level":3,"deleted_at":null,"created_at":"2019-08-06 22:01:25","updated_at":"2019-08-06 22:01:25","tier":"3"},{"id":"1915283284","name":"Operator (2) Slag Tapping EF-1","can_have_child":1,"level":7,"deleted_at":null,"created_at":"2019-08-06 22:01:25","updated_at":"2019-08-06 22:01:25","tier":"3"},{"id":"1915283286","name":"Operator (2) Metal Tapping EF-1","can_have_child":1,"level":7,"deleted_at":null,"created_at":"2019-08-06 22:01:25","updated_at":"2019-08-06 22:01:25","tier":"3"},{"id":"1915283296","name":"Ass. Manager CSR External","can_have_child":1,"level":4,"deleted_at":null,"created_at":"2019-08-06 22:01:25","updated_at":"2019-08-06 22:01:25","tier":"3"},{"id":"1915283297","name":"Administrasi 1","can_have_child":1,"level":3,"deleted_at":null,"created_at":"2019-08-06 22:01:25","updated_at":"2019-08-06 22:01:25","tier":"3"},{"id":"1915283316","name":"Admin HRD 2","can_have_child":1,"level":4,"deleted_at":null,"created_at":"2019-08-06 22:01:25","updated_at":"2019-08-06 22:01:25","tier":"3"},{"id":"1915283332","name":"Ass. Manager HRIS","can_have_child":1,"level":4,"deleted_at":null,"created_at":"2019-08-06 22:01:25","updated_at":"2019-08-06 22:01:25","tier":"3"},{"id":"1915283352","name":"Admisnistrasi 2","can_have_child":1,"level":3,"deleted_at":null,"created_at":"2019-08-06 22:01:25","updated_at":"2019-08-06 22:01:25","tier":"3"},{"id":"1915283353","name":"Operator (2) Slag Holder Truck EF-1","can_have_child":1,"level":7,"deleted_at":null,"created_at":"2019-08-06 22:01:25","updated_at":"2019-08-06 22:01:25","tier":"3"},{"id":"1915283357","name":"Manager HRD","can_have_child":1,"level":3,"deleted_at":null,"created_at":"2019-08-06 22:01:25","updated_at":"2019-08-06 22:01:25","tier":"3"},{"id":"1915283379","name":"Admin HRD 1","can_have_child":1,"level":4,"deleted_at":null,"created_at":"2019-08-06 22:01:25","updated_at":"2019-08-06 22:01:25","tier":"3"}]