[{"id":"190008744304","employee_id":"1915285175","period":"2019-07-16","deleted_at":null,"created_at":"2019-09-05 13:25:00","updated_at":"2019-09-05 13:25:00","weight_result":0.6,"weight_process":0.4},{"id":"190027342304","employee_id":"1915284184","period":"2019-06-16","deleted_at":null,"created_at":"2019-09-05 13:20:00","updated_at":"2019-09-05 13:20:00","weight_result":0.6,"weight_process":0.4},{"id":"190045744704","employee_id":"1915285195","period":"2019-10-16","deleted_at":null,"created_at":"2019-10-01 00:26:00","updated_at":"2019-10-01 00:26:00","weight_result":0.6,"weight_process":0.4},{"id":"190107744804","employee_id":"1915285198","period":"2019-10-16","deleted_at":null,"created_at":"2019-10-01 00:26:01","updated_at":"2019-10-01 00:26:01","weight_result":0.6,"weight_process":0.4},{"id":"190150144404","employee_id":"1915285177","period":"2019-07-16","deleted_at":null,"created_at":"2019-09-05 13:25:01","updated_at":"2019-09-05 13:25:01","weight_result":0.6,"weight_process":0.4},{"id":"190200742404","employee_id":"1915284190","period":"2019-06-16","deleted_at":null,"created_at":"2019-09-05 13:20:02","updated_at":"2019-09-05 13:20:02","weight_result":0.6,"weight_process":0.4},{"id":"190230644904","employee_id":"1915285214","period":"2019-10-16","deleted_at":null,"created_at":"2019-10-01 00:26:02","updated_at":"2019-10-01 00:26:02","weight_result":0.6,"weight_process":0.4},{"id":"190233744504","employee_id":"1915285191","period":"2019-07-16","deleted_at":null,"created_at":"2019-09-05 13:25:02","updated_at":"2019-09-05 13:25:02","weight_result":0.6,"weight_process":0.4},{"id":"190294640104","employee_id":"1915284116","period":"2019-07-16","deleted_at":null,"created_at":"2019-09-05 13:24:02","updated_at":"2019-09-05 13:24:02","weight_result":0.6,"weight_process":0.4},{"id":"190312644604","employee_id":"1915285193","period":"2019-07-16","deleted_at":null,"created_at":"2019-09-05 13:25:03","updated_at":"2019-09-05 13:25:03","weight_result":0.6,"weight_process":0.4},{"id":"190326745004","employee_id":"1915285215","period":"2019-10-16","deleted_at":null,"created_at":"2019-10-01 00:26:03","updated_at":"2019-10-01 00:26:03","weight_result":0.6,"weight_process":0.4},{"id":"190345040000","employee_id":"1915283145","period":"2019-09-16","deleted_at":null,"created_at":"2019-10-01 00:06:03","updated_at":"2019-10-01 00:06:03","weight_result":0.6,"weight_process":0.4},{"id":"190365140204","employee_id":"1915284117","period":"2019-07-16","deleted_at":null,"created_at":"2019-09-05 13:24:03","updated_at":"2019-09-05 13:24:03","weight_result":0.6,"weight_process":0.4},{"id":"190388042504","employee_id":"1915284192","period":"2019-06-16","deleted_at":null,"created_at":"2019-09-05 13:20:03","updated_at":"2019-09-05 13:20:03","weight_result":0.6,"weight_process":0.4},{"id":"190487045104","employee_id":"1915285243","period":"2019-10-16","deleted_at":null,"created_at":"2019-10-01 00:26:04","updated_at":"2019-10-01 00:26:04","weight_result":0.6,"weight_process":0.4},{"id":"190521440304","employee_id":"1915284127","period":"2019-07-16","deleted_at":null,"created_at":"2019-09-05 13:24:05","updated_at":"2019-09-05 13:24:05","weight_result":0.6,"weight_process":0.4},{"id":"190576042604","employee_id":"1915284193","period":"2019-06-16","deleted_at":null,"created_at":"2019-09-05 13:20:05","updated_at":"2019-09-05 13:20:05","weight_result":0.6,"weight_process":0.4},{"id":"190617642704","employee_id":"1915284199","period":"2019-06-16","deleted_at":null,"created_at":"2019-09-05 13:20:06","updated_at":"2019-09-05 13:20:06","weight_result":0.6,"weight_process":0.4},{"id":"190627440404","employee_id":"1915284128","period":"2019-07-16","deleted_at":null,"created_at":"2019-09-05 13:24:06","updated_at":"2019-09-05 13:24:06","weight_result":0.6,"weight_process":0.4},{"id":"190648145204","employee_id":"1915286113","period":"2019-10-16","deleted_at":null,"created_at":"2019-10-01 00:26:06","updated_at":"2019-10-01 00:26:06","weight_result":0.6,"weight_process":0.4},{"id":"190667944804","employee_id":"1915285198","period":"2019-07-16","deleted_at":null,"created_at":"2019-09-05 13:25:06","updated_at":"2019-09-05 13:25:06","weight_result":0.6,"weight_process":0.4},{"id":"190719044904","employee_id":"1915285214","period":"2019-07-16","deleted_at":null,"created_at":"2019-09-05 13:25:07","updated_at":"2019-09-05 13:25:07","weight_result":0.6,"weight_process":0.4},{"id":"190735640000","employee_id":"1907851161","period":"2019-10-16","deleted_at":null,"created_at":"2019-10-06 21:17:07","updated_at":"2019-10-06 21:48:15","weight_result":0.5,"weight_process":0.5},{"id":"190740145304","employee_id":"1915286124","period":"2019-10-16","deleted_at":null,"created_at":"2019-10-01 00:26:07","updated_at":"2019-10-01 00:26:07","weight_result":0.6,"weight_process":0.4},{"id":"190743240001","employee_id":"1915283145","period":"2019-10-16","deleted_at":null,"created_at":"2019-10-01 00:25:07","updated_at":"2019-10-01 00:25:07","weight_result":0.6,"weight_process":0.4},{"id":"190805045004","employee_id":"1915285215","period":"2019-07-16","deleted_at":null,"created_at":"2019-09-05 13:25:08","updated_at":"2019-09-05 13:25:08","weight_result":0.6,"weight_process":0.4},{"id":"190815540504","employee_id":"1915284132","period":"2019-07-16","deleted_at":null,"created_at":"2019-09-05 13:24:08","updated_at":"2019-09-05 13:24:08","weight_result":0.6,"weight_process":0.4},{"id":"190857740104","employee_id":"1915284116","period":"2019-10-16","deleted_at":null,"created_at":"2019-10-01 00:25:08","updated_at":"2019-10-01 00:25:08","weight_result":0.6,"weight_process":0.4},{"id":"190884842804","employee_id":"1915284252","period":"2019-06-16","deleted_at":null,"created_at":"2019-09-05 13:20:08","updated_at":"2019-09-05 13:20:08","weight_result":0.6,"weight_process":0.4},{"id":"190888545404","employee_id":"1915286147","period":"2019-10-16","deleted_at":null,"created_at":"2019-10-01 00:26:08","updated_at":"2019-10-01 00:26:08","weight_result":0.6,"weight_process":0.4},{"id":"190900342904","employee_id":"1915284269","period":"2019-06-16","deleted_at":null,"created_at":"2019-09-05 13:20:09","updated_at":"2019-09-05 13:20:09","weight_result":0.6,"weight_process":0.4},{"id":"190961345504","employee_id":"1915286156","period":"2019-10-16","deleted_at":null,"created_at":"2019-10-01 00:26:09","updated_at":"2019-10-01 00:26:09","weight_result":0.6,"weight_process":0.4},{"id":"190980445104","employee_id":"1915285243","period":"2019-07-16","deleted_at":null,"created_at":"2019-09-05 13:25:09","updated_at":"2019-09-05 13:25:09","weight_result":0.6,"weight_process":0.4},{"id":"190982040204","employee_id":"1915284117","period":"2019-10-16","deleted_at":null,"created_at":"2019-10-01 00:25:09","updated_at":"2019-10-01 00:25:09","weight_result":0.6,"weight_process":0.4},{"id":"191043745604","employee_id":"1915286169","period":"2019-10-16","deleted_at":null,"created_at":"2019-10-01 00:26:10","updated_at":"2019-10-01 00:26:10","weight_result":0.6,"weight_process":0.4},{"id":"191047343004","employee_id":"1915284279","period":"2019-06-16","deleted_at":null,"created_at":"2019-09-05 13:20:10","updated_at":"2019-09-05 13:20:10","weight_result":0.6,"weight_process":0.4},{"id":"191069640604","employee_id":"1915284136","period":"2019-07-16","deleted_at":null,"created_at":"2019-09-05 13:24:10","updated_at":"2019-09-05 13:24:10","weight_result":0.6,"weight_process":0.4},{"id":"191074445204","employee_id":"1915286113","period":"2019-07-16","deleted_at":null,"created_at":"2019-09-05 13:25:10","updated_at":"2019-09-05 13:25:10","weight_result":0.6,"weight_process":0.4},{"id":"191144840704","employee_id":"1915284138","period":"2019-07-16","deleted_at":null,"created_at":"2019-09-05 13:24:11","updated_at":"2019-09-05 13:24:11","weight_result":0.6,"weight_process":0.4},{"id":"191167445704","employee_id":"1915286191","period":"2019-10-16","deleted_at":null,"created_at":"2019-10-01 00:26:11","updated_at":"2019-10-01 00:26:11","weight_result":0.6,"weight_process":0.4},{"id":"191230345304","employee_id":"1915286124","period":"2019-07-16","deleted_at":null,"created_at":"2019-09-05 13:25:12","updated_at":"2019-09-05 13:25:12","weight_result":0.6,"weight_process":0.4},{"id":"191234643104","employee_id":"1915284282","period":"2019-06-16","deleted_at":null,"created_at":"2019-09-05 13:20:12","updated_at":"2019-09-05 13:20:12","weight_result":0.6,"weight_process":0.4},{"id":"191280140804","employee_id":"1915284139","period":"2019-07-16","deleted_at":null,"created_at":"2019-09-05 13:24:12","updated_at":"2019-09-05 13:24:12","weight_result":0.6,"weight_process":0.4},{"id":"191309145804","employee_id":"1915286198","period":"2019-10-16","deleted_at":null,"created_at":"2019-10-01 00:26:13","updated_at":"2019-10-01 00:26:13","weight_result":0.6,"weight_process":0.4},{"id":"191355745404","employee_id":"1915286147","period":"2019-07-16","deleted_at":null,"created_at":"2019-09-05 13:25:13","updated_at":"2019-09-05 13:25:13","weight_result":0.6,"weight_process":0.4},{"id":"191452843204","employee_id":"1915285113","period":"2019-06-16","deleted_at":null,"created_at":"2019-09-05 13:20:14","updated_at":"2019-09-05 13:20:14","weight_result":0.6,"weight_process":0.4},{"id":"191462145504","employee_id":"1915286156","period":"2019-07-16","deleted_at":null,"created_at":"2019-09-05 13:25:14","updated_at":"2019-09-05 13:25:14","weight_result":0.6,"weight_process":0.4},{"id":"191467840604","employee_id":"1915284136","period":"2019-10-16","deleted_at":null,"created_at":"2019-10-01 00:25:14","updated_at":"2019-10-01 00:25:14","weight_result":0.6,"weight_process":0.4},{"id":"191475045901","employee_id":"1915923150","period":"2019-10-16","deleted_at":null,"created_at":"2019-10-01 00:26:14","updated_at":"2019-10-04 14:07:00","weight_result":0.5,"weight_process":0.5},{"id":"191481240904","employee_id":"1915284140","period":"2019-07-16","deleted_at":null,"created_at":"2019-09-05 13:24:14","updated_at":"2019-09-05 13:24:14","weight_result":0.6,"weight_process":0.4},{"id":"191525946001","employee_id":"1921390115","period":"2019-10-16","deleted_at":null,"created_at":"2019-10-01 00:26:15","updated_at":"2019-10-04 14:07:00","weight_result":0.5,"weight_process":0.5},{"id":"191531041004","employee_id":"1915284151","period":"2019-07-16","deleted_at":null,"created_at":"2019-09-05 13:24:15","updated_at":"2019-09-05 13:24:15","weight_result":0.6,"weight_process":0.4},{"id":"191559943304","employee_id":"1915285119","period":"2019-06-16","deleted_at":null,"created_at":"2019-09-05 13:20:15","updated_at":"2019-09-05 13:20:15","weight_result":0.6,"weight_process":0.4},{"id":"191569045604","employee_id":"1915286169","period":"2019-07-16","deleted_at":null,"created_at":"2019-09-05 13:25:15","updated_at":"2019-09-05 13:25:15","weight_result":0.6,"weight_process":0.4},{"id":"191651240804","employee_id":"1915284139","period":"2019-10-16","deleted_at":null,"created_at":"2019-10-01 00:25:16","updated_at":"2019-10-01 00:25:16","weight_result":0.6,"weight_process":0.4},{"id":"191665343404","employee_id":"1915285131","period":"2019-06-16","deleted_at":null,"created_at":"2019-09-05 13:20:16","updated_at":"2019-09-05 13:20:16","weight_result":0.6,"weight_process":0.4},{"id":"191666245704","employee_id":"1915286191","period":"2019-07-16","deleted_at":null,"created_at":"2019-09-05 13:25:16","updated_at":"2019-09-05 13:25:16","weight_result":0.6,"weight_process":0.4},{"id":"191677646101","employee_id":"1940621128","period":"2019-10-16","deleted_at":null,"created_at":"2019-10-01 00:26:16","updated_at":"2019-10-04 14:07:00","weight_result":0.5,"weight_process":0.5},{"id":"191719344703","employee_id":"1915285195","period":"2019-07-16","deleted_at":null,"created_at":"2019-09-15 17:52:17","updated_at":"2019-09-15 17:52:17","weight_result":0.6,"weight_process":0.4},{"id":"191731245804","employee_id":"1915286198","period":"2019-07-16","deleted_at":null,"created_at":"2019-09-05 13:25:17","updated_at":"2019-09-05 13:25:17","weight_result":0.6,"weight_process":0.4},{"id":"191760240904","employee_id":"1915284140","period":"2019-10-16","deleted_at":null,"created_at":"2019-10-01 00:25:17","updated_at":"2019-10-01 00:25:17","weight_result":0.6,"weight_process":0.4},{"id":"191780146100","employee_id":"1917106131","period":"2019-10-16","deleted_at":null,"created_at":"2019-10-06 21:17:17","updated_at":"2019-10-06 21:48:15","weight_result":0.5,"weight_process":0.5},{"id":"191788143504","employee_id":"1915285140","period":"2019-06-16","deleted_at":null,"created_at":"2019-09-05 13:20:17","updated_at":"2019-09-05 13:20:17","weight_result":0.6,"weight_process":0.4},{"id":"191790541104","employee_id":"1915284152","period":"2019-07-16","deleted_at":null,"created_at":"2019-09-05 13:24:17","updated_at":"2019-09-05 13:24:17","weight_result":0.6,"weight_process":0.4},{"id":"191839543604","employee_id":"1915285141","period":"2019-06-16","deleted_at":null,"created_at":"2019-09-05 13:20:18","updated_at":"2019-09-05 13:20:18","weight_result":0.6,"weight_process":0.4},{"id":"191839841004","employee_id":"1915284151","period":"2019-10-16","deleted_at":null,"created_at":"2019-10-01 00:25:18","updated_at":"2019-10-01 00:25:18","weight_result":0.6,"weight_process":0.4},{"id":"191903541204","employee_id":"1915284154","period":"2019-07-16","deleted_at":null,"created_at":"2019-09-05 13:24:19","updated_at":"2019-09-05 13:24:19","weight_result":0.6,"weight_process":0.4},{"id":"191953043704","employee_id":"1915285147","period":"2019-06-16","deleted_at":null,"created_at":"2019-09-05 13:20:19","updated_at":"2019-09-05 13:20:19","weight_result":0.6,"weight_process":0.4},{"id":"192017143804","employee_id":"1915285155","period":"2019-06-16","deleted_at":null,"created_at":"2019-09-05 13:20:20","updated_at":"2019-09-05 13:20:20","weight_result":0.6,"weight_process":0.4},{"id":"192046441304","employee_id":"1915284158","period":"2019-07-16","deleted_at":null,"created_at":"2019-09-05 13:24:20","updated_at":"2019-09-05 13:24:20","weight_result":0.6,"weight_process":0.4},{"id":"192088041104","employee_id":"1915284152","period":"2019-10-16","deleted_at":null,"created_at":"2019-10-01 00:25:20","updated_at":"2019-10-01 00:25:20","weight_result":0.6,"weight_process":0.4},{"id":"192144541204","employee_id":"1915284154","period":"2019-10-16","deleted_at":null,"created_at":"2019-10-01 00:25:21","updated_at":"2019-10-01 00:25:21","weight_result":0.6,"weight_process":0.4},{"id":"192188943904","employee_id":"1915285162","period":"2019-06-16","deleted_at":null,"created_at":"2019-09-05 13:20:21","updated_at":"2019-09-05 13:20:21","weight_result":0.6,"weight_process":0.4},{"id":"192207241304","employee_id":"1915284158","period":"2019-10-16","deleted_at":null,"created_at":"2019-10-01 00:25:22","updated_at":"2019-10-01 00:25:22","weight_result":0.6,"weight_process":0.4},{"id":"192275541404","employee_id":"1915284159","period":"2019-07-16","deleted_at":null,"created_at":"2019-09-05 13:24:22","updated_at":"2019-09-05 13:24:22","weight_result":0.6,"weight_process":0.4},{"id":"192324744004","employee_id":"1915285163","period":"2019-06-16","deleted_at":null,"created_at":"2019-09-05 13:20:23","updated_at":"2019-09-05 13:20:23","weight_result":0.6,"weight_process":0.4},{"id":"192331041504","employee_id":"1915284162","period":"2019-07-16","deleted_at":null,"created_at":"2019-09-05 13:24:23","updated_at":"2019-09-05 13:24:23","weight_result":0.6,"weight_process":0.4},{"id":"192451841504","employee_id":"1915284162","period":"2019-10-16","deleted_at":null,"created_at":"2019-10-01 00:25:24","updated_at":"2019-10-01 00:25:24","weight_result":0.6,"weight_process":0.4},{"id":"192476844104","employee_id":"1915285165","period":"2019-06-16","deleted_at":null,"created_at":"2019-09-05 13:20:24","updated_at":"2019-09-05 13:20:24","weight_result":0.6,"weight_process":0.4},{"id":"192478541604","employee_id":"1915284163","period":"2019-07-16","deleted_at":null,"created_at":"2019-09-05 13:24:24","updated_at":"2019-09-05 13:24:24","weight_result":0.6,"weight_process":0.4},{"id":"192593044204","employee_id":"1915285173","period":"2019-06-16","deleted_at":null,"created_at":"2019-09-05 13:20:25","updated_at":"2019-09-05 13:20:25","weight_result":0.6,"weight_process":0.4},{"id":"192610341704","employee_id":"1915284167","period":"2019-10-16","deleted_at":null,"created_at":"2019-10-01 00:25:26","updated_at":"2019-10-01 00:25:26","weight_result":0.6,"weight_process":0.4},{"id":"192618541500","employee_id":"1915284162","period":"2019-09-16","deleted_at":null,"created_at":"2019-08-06 22:01:26","updated_at":"2019-09-18 22:51:35","weight_result":0.8,"weight_process":0.2},{"id":"192673340900","employee_id":"1915284140","period":"2019-09-16","deleted_at":null,"created_at":"2019-08-06 22:01:26","updated_at":"2019-09-18 22:49:57","weight_result":0.6,"weight_process":0.4},{"id":"192680940900","employee_id":"1915284140","period":"2019-08-16","deleted_at":null,"created_at":"2019-08-06 22:01:26","updated_at":"2019-08-06 22:01:26","weight_result":0.6,"weight_process":0.4},{"id":"192681741704","employee_id":"1915284167","period":"2019-07-16","deleted_at":null,"created_at":"2019-09-05 13:24:26","updated_at":"2019-09-05 13:24:26","weight_result":0.6,"weight_process":0.4},{"id":"192687041500","employee_id":"1915284162","period":"2019-08-16","deleted_at":null,"created_at":"2019-08-06 22:01:26","updated_at":"2019-08-06 22:01:26","weight_result":0.6,"weight_process":0.4},{"id":"192697644304","employee_id":"1915285175","period":"2019-06-16","deleted_at":null,"created_at":"2019-09-05 13:20:26","updated_at":"2019-09-05 13:20:26","weight_result":0.6,"weight_process":0.4},{"id":"192705141000","employee_id":"1915284151","period":"2019-09-16","deleted_at":null,"created_at":"2019-08-06 22:01:27","updated_at":"2019-08-06 22:01:27","weight_result":0.6,"weight_process":0.4},{"id":"192719744404","employee_id":"1915285177","period":"2019-06-16","deleted_at":null,"created_at":"2019-09-05 13:20:27","updated_at":"2019-09-05 13:20:27","weight_result":0.6,"weight_process":0.4},{"id":"192724240100","employee_id":"1915284116","period":"2019-08-16","deleted_at":null,"created_at":"2019-08-06 22:01:27","updated_at":"2019-08-06 22:01:27","weight_result":0.6,"weight_process":0.4},{"id":"192732340100","employee_id":"1915284116","period":"2019-09-16","deleted_at":null,"created_at":"2019-08-06 22:01:27","updated_at":"2019-08-06 22:01:27","weight_result":0.6,"weight_process":0.4},{"id":"192756341000","employee_id":"1915284151","period":"2019-08-16","deleted_at":null,"created_at":"2019-08-06 22:01:27","updated_at":"2019-08-06 22:01:27","weight_result":0.6,"weight_process":0.4},{"id":"192795841804","employee_id":"1915284168","period":"2019-07-16","deleted_at":null,"created_at":"2019-09-05 13:24:27","updated_at":"2019-09-05 13:24:27","weight_result":0.6,"weight_process":0.4},{"id":"192800940800","employee_id":"1915284139","period":"2019-09-16","deleted_at":null,"created_at":"2019-08-06 22:01:28","updated_at":"2019-08-06 22:01:28","weight_result":0.6,"weight_process":0.4},{"id":"192807144504","employee_id":"1915285191","period":"2019-06-16","deleted_at":null,"created_at":"2019-09-05 13:20:28","updated_at":"2019-09-05 13:20:28","weight_result":0.6,"weight_process":0.4},{"id":"192845341904","employee_id":"1915284171","period":"2019-07-16","deleted_at":null,"created_at":"2019-09-05 13:24:28","updated_at":"2019-09-05 13:24:28","weight_result":0.6,"weight_process":0.4},{"id":"192847340800","employee_id":"1915284139","period":"2019-08-16","deleted_at":null,"created_at":"2019-08-06 22:01:28","updated_at":"2019-08-06 22:01:28","weight_result":0.6,"weight_process":0.4},{"id":"192848642000","employee_id":"1915284172","period":"2019-08-16","deleted_at":null,"created_at":"2019-08-06 22:01:29","updated_at":"2019-08-06 22:01:29","weight_result":0.6,"weight_process":0.4},{"id":"192849942800","employee_id":"1915284252","period":"2019-08-16","deleted_at":null,"created_at":"2019-08-06 22:01:28","updated_at":"2019-08-06 22:01:28","weight_result":0.6,"weight_process":0.4},{"id":"192882042800","employee_id":"1915284252","period":"2019-09-16","deleted_at":null,"created_at":"2019-08-06 22:01:28","updated_at":"2019-08-06 22:01:28","weight_result":0.6,"weight_process":0.4},{"id":"192917846300","employee_id":"1929074119","period":"2019-10-16","deleted_at":null,"created_at":"2019-10-06 21:17:29","updated_at":"2019-10-06 21:48:15","weight_result":0.5,"weight_process":0.5},{"id":"192919440104","employee_id":"1915284116","period":"2019-06-16","deleted_at":null,"created_at":"2019-09-05 13:19:29","updated_at":"2019-09-05 13:19:29","weight_result":0.6,"weight_process":0.4},{"id":"192940440300","employee_id":"1915284127","period":"2019-09-16","deleted_at":null,"created_at":"2019-08-06 22:01:29","updated_at":"2019-08-06 22:01:29","weight_result":0.6,"weight_process":0.4},{"id":"192941242004","employee_id":"1915284172","period":"2019-10-16","deleted_at":null,"created_at":"2019-10-01 00:25:29","updated_at":"2019-10-01 00:25:29","weight_result":0.6,"weight_process":0.4},{"id":"192960241300","employee_id":"1915284158","period":"2019-09-16","deleted_at":null,"created_at":"2019-08-06 22:01:29","updated_at":"2019-08-06 22:01:29","weight_result":0.6,"weight_process":0.4},{"id":"192974441300","employee_id":"1915284158","period":"2019-08-16","deleted_at":null,"created_at":"2019-08-06 22:01:29","updated_at":"2019-08-06 22:01:29","weight_result":0.6,"weight_process":0.4},{"id":"192981440300","employee_id":"1915284127","period":"2019-08-16","deleted_at":null,"created_at":"2019-08-06 22:01:29","updated_at":"2019-08-06 22:01:29","weight_result":0.6,"weight_process":0.4},{"id":"192982242000","employee_id":"1915284172","period":"2019-09-16","deleted_at":null,"created_at":"2019-08-06 22:01:29","updated_at":"2019-08-06 22:01:29","weight_result":0.6,"weight_process":0.4},{"id":"192988544604","employee_id":"1915285193","period":"2019-06-16","deleted_at":null,"created_at":"2019-09-05 13:20:29","updated_at":"2019-09-05 13:20:29","weight_result":0.6,"weight_process":0.4},{"id":"193004944704","employee_id":"1915285195","period":"2019-06-16","deleted_at":null,"created_at":"2019-09-05 13:20:30","updated_at":"2019-09-05 13:20:30","weight_result":0.6,"weight_process":0.4},{"id":"193016642004","employee_id":"1915284172","period":"2019-07-16","deleted_at":null,"created_at":"2019-09-05 13:24:30","updated_at":"2019-09-05 13:24:30","weight_result":0.6,"weight_process":0.4},{"id":"193057940400","employee_id":"1915284128","period":"2019-09-16","deleted_at":null,"created_at":"2019-08-06 22:01:30","updated_at":"2019-08-06 22:01:30","weight_result":0.6,"weight_process":0.4},{"id":"193083240400","employee_id":"1915284128","period":"2019-08-16","deleted_at":null,"created_at":"2019-08-06 22:01:30","updated_at":"2019-08-06 22:01:30","weight_result":0.6,"weight_process":0.4},{"id":"193112142104","employee_id":"1915284179","period":"2019-07-16","deleted_at":null,"created_at":"2019-09-05 13:24:31","updated_at":"2019-09-05 13:24:31","weight_result":0.6,"weight_process":0.4},{"id":"193115940200","employee_id":"1915284117","period":"2019-08-16","deleted_at":null,"created_at":"2019-08-06 22:01:31","updated_at":"2019-08-06 22:01:31","weight_result":0.6,"weight_process":0.4},{"id":"193126241100","employee_id":"1915284152","period":"2019-09-16","deleted_at":null,"created_at":"2019-08-06 22:01:31","updated_at":"2019-08-06 22:01:31","weight_result":0.6,"weight_process":0.4},{"id":"193144442700","employee_id":"1915284199","period":"2019-09-16","deleted_at":null,"created_at":"2019-08-06 22:01:31","updated_at":"2019-08-06 22:01:31","weight_result":0.6,"weight_process":0.4},{"id":"193149842104","employee_id":"1915284179","period":"2019-10-16","deleted_at":null,"created_at":"2019-10-01 00:25:31","updated_at":"2019-10-01 00:25:31","weight_result":0.6,"weight_process":0.4},{"id":"193153141100","employee_id":"1915284152","period":"2019-08-16","deleted_at":null,"created_at":"2019-08-06 22:01:31","updated_at":"2019-08-06 22:01:31","weight_result":0.6,"weight_process":0.4},{"id":"193159740200","employee_id":"1915284117","period":"2019-09-16","deleted_at":null,"created_at":"2019-08-06 22:01:31","updated_at":"2019-08-06 22:01:31","weight_result":0.6,"weight_process":0.4},{"id":"193167440204","employee_id":"1915284117","period":"2019-06-16","deleted_at":null,"created_at":"2019-09-05 13:19:31","updated_at":"2019-09-05 13:19:31","weight_result":0.6,"weight_process":0.4},{"id":"193187842700","employee_id":"1915284199","period":"2019-08-16","deleted_at":null,"created_at":"2019-08-06 22:01:31","updated_at":"2019-08-06 22:01:31","weight_result":0.6,"weight_process":0.4},{"id":"193204940600","employee_id":"1915284136","period":"2019-09-16","deleted_at":null,"created_at":"2019-08-06 22:01:32","updated_at":"2019-08-06 22:01:32","weight_result":0.6,"weight_process":0.4},{"id":"193208440600","employee_id":"1915284136","period":"2019-08-16","deleted_at":null,"created_at":"2019-08-06 22:01:32","updated_at":"2019-09-19 19:04:37","weight_result":0.7,"weight_process":0.3},{"id":"193212643100","employee_id":"1915284282","period":"2019-09-16","deleted_at":null,"created_at":"2019-08-06 22:01:32","updated_at":"2019-08-06 22:01:32","weight_result":0.6,"weight_process":0.4},{"id":"193216440304","employee_id":"1915284127","period":"2019-06-16","deleted_at":null,"created_at":"2019-09-05 13:19:32","updated_at":"2019-09-05 13:19:32","weight_result":0.6,"weight_process":0.4},{"id":"193217145900","employee_id":"1921390115","period":"2019-09-16","deleted_at":null,"created_at":"2019-09-25 01:36:33","updated_at":"2019-09-25 01:36:33","weight_result":0.6,"weight_process":0.4},{"id":"193217242204","employee_id":"1915284183","period":"2019-10-16","deleted_at":null,"created_at":"2019-10-01 00:25:32","updated_at":"2019-10-01 00:25:32","weight_result":0.6,"weight_process":0.4},{"id":"193236740700","employee_id":"1915284138","period":"2019-08-16","deleted_at":null,"created_at":"2019-08-06 22:01:32","updated_at":"2019-08-06 22:01:32","weight_result":0.6,"weight_process":0.4},{"id":"193240143100","employee_id":"1915284282","period":"2019-08-16","deleted_at":null,"created_at":"2019-08-06 22:01:32","updated_at":"2019-08-06 22:01:32","weight_result":0.6,"weight_process":0.4},{"id":"193242140700","employee_id":"1915284138","period":"2019-09-16","deleted_at":null,"created_at":"2019-08-06 22:01:32","updated_at":"2019-08-06 22:01:32","weight_result":0.6,"weight_process":0.4},{"id":"193250144804","employee_id":"1915285198","period":"2019-06-16","deleted_at":null,"created_at":"2019-09-05 13:20:32","updated_at":"2019-09-05 13:20:32","weight_result":0.6,"weight_process":0.4},{"id":"193265342600","employee_id":"1915284193","period":"2019-08-16","deleted_at":null,"created_at":"2019-08-06 22:01:32","updated_at":"2019-08-06 22:01:32","weight_result":0.6,"weight_process":0.4},{"id":"193267942600","employee_id":"1915284193","period":"2019-09-16","deleted_at":null,"created_at":"2019-08-06 22:01:32","updated_at":"2019-08-06 22:01:32","weight_result":0.6,"weight_process":0.4},{"id":"193314041400","employee_id":"1915284159","period":"2019-08-16","deleted_at":null,"created_at":"2019-08-06 22:01:33","updated_at":"2019-08-06 22:01:33","weight_result":0.6,"weight_process":0.4},{"id":"193329142300","employee_id":"1915284184","period":"2019-08-16","deleted_at":null,"created_at":"2019-08-06 22:01:33","updated_at":"2019-08-06 22:01:33","weight_result":0.6,"weight_process":0.4},{"id":"193343642500","employee_id":"1915284192","period":"2019-08-16","deleted_at":null,"created_at":"2019-08-06 22:01:33","updated_at":"2019-08-06 22:01:33","weight_result":0.6,"weight_process":0.4},{"id":"193347641400","employee_id":"1915284159","period":"2019-09-16","deleted_at":null,"created_at":"2019-08-06 22:01:33","updated_at":"2019-08-06 22:01:33","weight_result":0.6,"weight_process":0.4},{"id":"193356842500","employee_id":"1915284192","period":"2019-09-16","deleted_at":null,"created_at":"2019-08-06 22:01:33","updated_at":"2019-08-06 22:01:33","weight_result":0.6,"weight_process":0.4},{"id":"193360642300","employee_id":"1915284184","period":"2019-09-16","deleted_at":null,"created_at":"2019-08-06 22:01:33","updated_at":"2019-08-06 22:01:33","weight_result":0.6,"weight_process":0.4},{"id":"193365644904","employee_id":"1915285214","period":"2019-06-16","deleted_at":null,"created_at":"2019-09-05 13:20:33","updated_at":"2019-09-05 13:20:33","weight_result":0.6,"weight_process":0.4},{"id":"193369141800","employee_id":"1915284168","period":"2019-08-16","deleted_at":null,"created_at":"2019-08-06 22:01:33","updated_at":"2019-08-06 22:01:33","weight_result":0.6,"weight_process":0.4},{"id":"193373041800","employee_id":"1915284168","period":"2019-09-16","deleted_at":null,"created_at":"2019-08-06 22:01:33","updated_at":"2019-08-06 22:01:33","weight_result":0.6,"weight_process":0.4},{"id":"193374542204","employee_id":"1915284183","period":"2019-07-16","deleted_at":null,"created_at":"2019-09-05 13:24:33","updated_at":"2019-09-05 13:24:33","weight_result":0.6,"weight_process":0.4},{"id":"193420942304","employee_id":"1915284184","period":"2019-07-16","deleted_at":null,"created_at":"2019-09-05 13:24:34","updated_at":"2019-09-05 13:24:34","weight_result":0.6,"weight_process":0.4},{"id":"193422445004","employee_id":"1915285215","period":"2019-06-16","deleted_at":null,"created_at":"2019-09-05 13:20:34","updated_at":"2019-09-05 13:20:34","weight_result":0.6,"weight_process":0.4},{"id":"193423841900","employee_id":"1915284171","period":"2019-09-16","deleted_at":null,"created_at":"2019-08-06 22:01:34","updated_at":"2019-08-06 22:01:34","weight_result":0.6,"weight_process":0.4},{"id":"193447742404","employee_id":"1915284190","period":"2019-10-16","deleted_at":null,"created_at":"2019-10-01 00:25:34","updated_at":"2019-10-01 00:25:34","weight_result":0.6,"weight_process":0.4},{"id":"193457542400","employee_id":"1915284190","period":"2019-08-16","deleted_at":null,"created_at":"2019-08-06 22:01:34","updated_at":"2019-08-06 22:01:34","weight_result":0.6,"weight_process":0.4},{"id":"193486742400","employee_id":"1915284190","period":"2019-09-16","deleted_at":null,"created_at":"2019-08-06 22:01:34","updated_at":"2019-08-06 22:01:34","weight_result":0.6,"weight_process":0.4},{"id":"193490041900","employee_id":"1915284171","period":"2019-08-16","deleted_at":null,"created_at":"2019-08-06 22:01:34","updated_at":"2019-08-06 22:01:34","weight_result":0.6,"weight_process":0.4},{"id":"193494840404","employee_id":"1915284128","period":"2019-06-16","deleted_at":null,"created_at":"2019-09-05 13:19:34","updated_at":"2019-09-05 13:19:34","weight_result":0.6,"weight_process":0.4},{"id":"193511342200","employee_id":"1915284183","period":"2019-09-16","deleted_at":null,"created_at":"2019-08-06 22:01:35","updated_at":"2019-08-06 22:01:35","weight_result":0.6,"weight_process":0.4},{"id":"193531740500","employee_id":"1915284132","period":"2019-09-16","deleted_at":null,"created_at":"2019-08-06 22:01:35","updated_at":"2019-08-06 22:01:35","weight_result":0.6,"weight_process":0.4},{"id":"193532742200","employee_id":"1915284183","period":"2019-08-16","deleted_at":null,"created_at":"2019-08-06 22:01:35","updated_at":"2019-08-06 22:01:35","weight_result":0.6,"weight_process":0.4},{"id":"193533945104","employee_id":"1915285243","period":"2019-06-16","deleted_at":null,"created_at":"2019-09-05 13:20:35","updated_at":"2019-09-05 13:20:35","weight_result":0.6,"weight_process":0.4},{"id":"193542342504","employee_id":"1915284192","period":"2019-10-16","deleted_at":null,"created_at":"2019-10-01 00:25:35","updated_at":"2019-10-01 00:25:35","weight_result":0.6,"weight_process":0.4},{"id":"193545640500","employee_id":"1915284132","period":"2019-08-16","deleted_at":null,"created_at":"2019-08-06 22:01:35","updated_at":"2019-08-06 22:01:35","weight_result":0.6,"weight_process":0.4},{"id":"193584743000","employee_id":"1915284279","period":"2019-08-16","deleted_at":null,"created_at":"2019-08-06 22:01:35","updated_at":"2019-08-06 22:01:35","weight_result":0.6,"weight_process":0.4},{"id":"193589140504","employee_id":"1915284132","period":"2019-06-16","deleted_at":null,"created_at":"2019-09-05 13:19:35","updated_at":"2019-09-05 13:19:35","weight_result":0.6,"weight_process":0.4},{"id":"193592043000","employee_id":"1915284279","period":"2019-09-16","deleted_at":null,"created_at":"2019-08-06 22:01:35","updated_at":"2019-08-06 22:01:35","weight_result":0.6,"weight_process":0.4},{"id":"193602344000","employee_id":"1915285163","period":"2019-08-16","deleted_at":null,"created_at":"2019-08-06 22:01:36","updated_at":"2019-08-06 22:01:36","weight_result":0.6,"weight_process":0.4},{"id":"193609742100","employee_id":"1915284179","period":"2019-09-16","deleted_at":null,"created_at":"2019-08-06 22:01:36","updated_at":"2019-08-06 22:01:36","weight_result":0.6,"weight_process":0.4},{"id":"193616344500","employee_id":"1915285191","period":"2019-08-16","deleted_at":null,"created_at":"2019-08-06 22:01:36","updated_at":"2019-08-06 22:01:36","weight_result":0.6,"weight_process":0.4},{"id":"193619243500","employee_id":"1915285140","period":"2019-08-16","deleted_at":null,"created_at":"2019-08-06 22:01:36","updated_at":"2019-08-06 22:01:36","weight_result":0.6,"weight_process":0.4},{"id":"193619943300","employee_id":"1915285119","period":"2019-08-16","deleted_at":null,"created_at":"2019-08-06 22:01:37","updated_at":"2019-08-06 22:01:37","weight_result":0.6,"weight_process":0.4},{"id":"193622041200","employee_id":"1915284154","period":"2019-09-16","deleted_at":null,"created_at":"2019-08-06 22:01:36","updated_at":"2019-08-06 22:01:36","weight_result":0.6,"weight_process":0.4},{"id":"193633141200","employee_id":"1915284154","period":"2019-08-16","deleted_at":null,"created_at":"2019-08-06 22:01:36","updated_at":"2019-08-06 22:01:36","weight_result":0.6,"weight_process":0.4},{"id":"193637241600","employee_id":"1915284163","period":"2019-09-16","deleted_at":null,"created_at":"2019-08-06 22:01:36","updated_at":"2019-08-06 22:01:36","weight_result":0.6,"weight_process":0.4},{"id":"193637544100","employee_id":"1915285165","period":"2019-09-16","deleted_at":null,"created_at":"2019-08-06 22:01:36","updated_at":"2019-08-06 22:01:36","weight_result":0.6,"weight_process":0.4},{"id":"193639443800","employee_id":"1915285155","period":"2019-08-16","deleted_at":null,"created_at":"2019-08-06 22:01:36","updated_at":"2019-08-06 22:01:36","weight_result":0.6,"weight_process":0.4},{"id":"193644543800","employee_id":"1915285155","period":"2019-09-16","deleted_at":null,"created_at":"2019-08-06 22:01:36","updated_at":"2019-08-06 22:01:36","weight_result":0.6,"weight_process":0.4},{"id":"193645144400","employee_id":"1915285177","period":"2019-09-16","deleted_at":null,"created_at":"2019-08-06 22:01:36","updated_at":"2019-08-06 22:01:36","weight_result":0.6,"weight_process":0.4},{"id":"193647644100","employee_id":"1915285165","period":"2019-08-16","deleted_at":null,"created_at":"2019-08-06 22:01:36","updated_at":"2019-08-06 22:01:36","weight_result":0.6,"weight_process":0.4},{"id":"193651543600","employee_id":"1915285141","period":"2019-09-16","deleted_at":null,"created_at":"2019-08-06 22:01:36","updated_at":"2019-08-06 22:01:36","weight_result":0.6,"weight_process":0.4},{"id":"193654045000","employee_id":"1915285215","period":"2019-09-16","deleted_at":null,"created_at":"2019-08-06 22:01:36","updated_at":"2019-08-06 22:01:36","weight_result":0.6,"weight_process":0.4},{"id":"193655741600","employee_id":"1915284163","period":"2019-08-16","deleted_at":null,"created_at":"2019-08-06 22:01:36","updated_at":"2019-08-06 22:01:36","weight_result":0.6,"weight_process":0.4},{"id":"193656144600","employee_id":"1915285193","period":"2019-08-16","deleted_at":null,"created_at":"2019-08-06 22:01:36","updated_at":"2019-08-06 22:01:36","weight_result":0.6,"weight_process":0.4},{"id":"193658445204","employee_id":"1915286113","period":"2019-06-16","deleted_at":null,"created_at":"2019-09-05 13:20:36","updated_at":"2019-09-05 13:20:36","weight_result":0.6,"weight_process":0.4},{"id":"193662042900","employee_id":"1915284269","period":"2019-09-16","deleted_at":null,"created_at":"2019-08-06 22:01:36","updated_at":"2019-08-06 22:01:36","weight_result":0.6,"weight_process":0.4},{"id":"193665242404","employee_id":"1915284190","period":"2019-07-16","deleted_at":null,"created_at":"2019-09-05 13:24:36","updated_at":"2019-09-05 13:24:36","weight_result":0.6,"weight_process":0.4},{"id":"193665544600","employee_id":"1915285193","period":"2019-09-16","deleted_at":null,"created_at":"2019-08-06 22:01:36","updated_at":"2019-08-06 22:01:36","weight_result":0.6,"weight_process":0.4},{"id":"193666941700","employee_id":"1915284167","period":"2019-09-16","deleted_at":null,"created_at":"2019-08-06 22:01:36","updated_at":"2019-08-06 22:01:36","weight_result":0.6,"weight_process":0.4},{"id":"193667845000","employee_id":"1915285215","period":"2019-08-16","deleted_at":null,"created_at":"2019-08-06 22:01:36","updated_at":"2019-08-06 22:01:36","weight_result":0.6,"weight_process":0.4},{"id":"193670544500","employee_id":"1915285191","period":"2019-09-16","deleted_at":null,"created_at":"2019-08-06 22:01:36","updated_at":"2019-08-06 22:01:36","weight_result":0.6,"weight_process":0.4},{"id":"193671144400","employee_id":"1915285177","period":"2019-08-16","deleted_at":null,"created_at":"2019-08-06 22:01:36","updated_at":"2019-08-06 22:01:36","weight_result":0.6,"weight_process":0.4},{"id":"193677942100","employee_id":"1915284179","period":"2019-08-16","deleted_at":null,"created_at":"2019-08-06 22:01:36","updated_at":"2019-08-06 22:01:36","weight_result":0.6,"weight_process":0.4},{"id":"193678943600","employee_id":"1915285141","period":"2019-08-16","deleted_at":null,"created_at":"2019-08-06 22:01:36","updated_at":"2019-08-06 22:01:36","weight_result":0.6,"weight_process":0.4},{"id":"193684241700","employee_id":"1915284167","period":"2019-08-16","deleted_at":null,"created_at":"2019-08-06 22:01:36","updated_at":"2019-08-06 22:01:36","weight_result":0.6,"weight_process":0.4},{"id":"193692243500","employee_id":"1915285140","period":"2019-09-16","deleted_at":null,"created_at":"2019-08-06 22:01:36","updated_at":"2019-08-06 22:01:36","weight_result":0.6,"weight_process":0.4},{"id":"193693244000","employee_id":"1915285163","period":"2019-09-16","deleted_at":null,"created_at":"2019-08-06 22:01:36","updated_at":"2019-08-06 22:01:36","weight_result":0.6,"weight_process":0.4},{"id":"193695342900","employee_id":"1915284269","period":"2019-08-16","deleted_at":null,"created_at":"2019-08-06 22:01:36","updated_at":"2019-08-06 22:01:36","weight_result":0.6,"weight_process":0.4},{"id":"193701545400","employee_id":"1915286147","period":"2019-08-16","deleted_at":null,"created_at":"2019-08-06 22:01:37","updated_at":"2019-08-06 22:01:37","weight_result":0.6,"weight_process":0.4},{"id":"193708343200","employee_id":"1915285113","period":"2019-08-16","deleted_at":null,"created_at":"2019-08-06 22:01:37","updated_at":"2019-08-06 22:01:37","weight_result":0.6,"weight_process":0.4},{"id":"193713544300","employee_id":"1915285175","period":"2019-09-16","deleted_at":null,"created_at":"2019-08-06 22:01:37","updated_at":"2019-08-06 22:01:37","weight_result":0.6,"weight_process":0.4},{"id":"193715543300","employee_id":"1915285119","period":"2019-09-16","deleted_at":null,"created_at":"2019-08-06 22:01:37","updated_at":"2019-08-06 22:01:37","weight_result":0.6,"weight_process":0.4},{"id":"193717444700","employee_id":"1915285195","period":"2019-09-16","deleted_at":null,"created_at":"2019-08-06 22:01:37","updated_at":"2019-08-06 22:01:37","weight_result":0.6,"weight_process":0.4},{"id":"193722245600","employee_id":"1915286169","period":"2019-09-16","deleted_at":null,"created_at":"2019-08-06 22:01:37","updated_at":"2019-08-06 22:01:37","weight_result":0.6,"weight_process":0.4},{"id":"193724643400","employee_id":"1915285131","period":"2019-08-16","deleted_at":null,"created_at":"2019-08-06 22:01:37","updated_at":"2019-08-06 22:01:37","weight_result":0.6,"weight_process":0.4},{"id":"193724645700","employee_id":"1915286191","period":"2019-08-16","deleted_at":null,"created_at":"2019-08-06 22:01:37","updated_at":"2019-08-06 22:01:37","weight_result":0.6,"weight_process":0.4},{"id":"193724744800","employee_id":"1915285198","period":"2019-08-16","deleted_at":null,"created_at":"2019-08-06 22:01:37","updated_at":"2019-08-06 22:01:37","weight_result":0.6,"weight_process":0.4},{"id":"193726044300","employee_id":"1915285175","period":"2019-08-16","deleted_at":null,"created_at":"2019-08-06 22:01:37","updated_at":"2019-08-06 22:01:37","weight_result":0.6,"weight_process":0.4},{"id":"193732745300","employee_id":"1915286124","period":"2019-08-16","deleted_at":null,"created_at":"2019-08-06 22:01:37","updated_at":"2019-08-06 22:01:37","weight_result":0.6,"weight_process":0.4},{"id":"193737144700","employee_id":"1915285195","period":"2019-08-16","deleted_at":null,"created_at":"2019-08-06 22:01:37","updated_at":"2019-08-06 22:01:37","weight_result":0.6,"weight_process":0.4},{"id":"193737643900","employee_id":"1915285162","period":"2019-08-16","deleted_at":null,"created_at":"2019-08-06 22:01:37","updated_at":"2019-08-06 22:01:37","weight_result":0.6,"weight_process":0.4},{"id":"193737745800","employee_id":"1915286198","period":"2019-09-16","deleted_at":null,"created_at":"2019-08-06 22:01:37","updated_at":"2019-08-06 22:01:37","weight_result":0.6,"weight_process":0.4},{"id":"193743245300","employee_id":"1915286124","period":"2019-09-16","deleted_at":null,"created_at":"2019-08-06 22:01:37","updated_at":"2019-08-06 22:01:37","weight_result":0.6,"weight_process":0.4},{"id":"193749144900","employee_id":"1915285214","period":"2019-08-16","deleted_at":null,"created_at":"2019-08-06 22:01:37","updated_at":"2019-08-06 22:01:37","weight_result":0.6,"weight_process":0.4},{"id":"193749445200","employee_id":"1915286113","period":"2019-09-16","deleted_at":null,"created_at":"2019-08-06 22:01:37","updated_at":"2019-08-06 22:01:37","weight_result":0.6,"weight_process":0.4},{"id":"193749844900","employee_id":"1915285214","period":"2019-09-16","deleted_at":null,"created_at":"2019-08-06 22:01:37","updated_at":"2019-08-06 22:01:37","weight_result":0.6,"weight_process":0.4},{"id":"193750645500","employee_id":"1915286156","period":"2019-09-16","deleted_at":null,"created_at":"2019-08-06 22:01:37","updated_at":"2019-08-06 22:01:37","weight_result":0.6,"weight_process":0.4},{"id":"193754545400","employee_id":"1915286147","period":"2019-09-16","deleted_at":null,"created_at":"2019-08-06 22:01:37","updated_at":"2019-08-06 22:01:37","weight_result":0.6,"weight_process":0.4},{"id":"193755743200","employee_id":"1915285113","period":"2019-09-16","deleted_at":null,"created_at":"2019-08-06 22:01:37","updated_at":"2019-08-06 22:01:37","weight_result":0.6,"weight_process":0.4},{"id":"193761043700","employee_id":"1915285147","period":"2019-08-16","deleted_at":null,"created_at":"2019-08-06 22:01:37","updated_at":"2019-08-06 22:01:37","weight_result":0.6,"weight_process":0.4},{"id":"193762445900","employee_id":"1915923150","period":"2019-09-16","deleted_at":null,"created_at":"2019-09-25 01:45:37","updated_at":"2019-09-25 01:45:37","weight_result":0.6,"weight_process":0.4},{"id":"193766543900","employee_id":"1915285162","period":"2019-09-16","deleted_at":null,"created_at":"2019-08-06 22:01:37","updated_at":"2019-08-06 22:01:37","weight_result":0.6,"weight_process":0.4},{"id":"193768345500","employee_id":"1915286156","period":"2019-08-16","deleted_at":null,"created_at":"2019-08-06 22:01:37","updated_at":"2019-08-06 22:01:37","weight_result":0.6,"weight_process":0.4},{"id":"193769740604","employee_id":"1915284136","period":"2019-06-16","deleted_at":null,"created_at":"2019-09-05 13:19:37","updated_at":"2019-09-05 13:19:37","weight_result":0.6,"weight_process":0.4},{"id":"193771145600","employee_id":"1915286169","period":"2019-08-16","deleted_at":null,"created_at":"2019-08-06 22:01:37","updated_at":"2019-08-06 22:01:37","weight_result":0.6,"weight_process":0.4},{"id":"193774043700","employee_id":"1915285147","period":"2019-09-16","deleted_at":null,"created_at":"2019-08-06 22:01:37","updated_at":"2019-08-06 22:01:37","weight_result":0.6,"weight_process":0.4},{"id":"193776543400","employee_id":"1915285131","period":"2019-09-16","deleted_at":null,"created_at":"2019-08-06 22:01:37","updated_at":"2019-08-06 22:01:37","weight_result":0.6,"weight_process":0.4},{"id":"193777744200","employee_id":"1915285173","period":"2019-09-16","deleted_at":null,"created_at":"2019-08-06 22:01:37","updated_at":"2019-08-06 22:01:37","weight_result":0.6,"weight_process":0.4},{"id":"193780144200","employee_id":"1915285173","period":"2019-08-16","deleted_at":null,"created_at":"2019-08-06 22:01:37","updated_at":"2019-08-06 22:01:37","weight_result":0.6,"weight_process":0.4},{"id":"193780945700","employee_id":"1915286191","period":"2019-09-16","deleted_at":null,"created_at":"2019-08-06 22:01:37","updated_at":"2019-08-06 22:01:37","weight_result":0.6,"weight_process":0.4},{"id":"193788245200","employee_id":"1915286113","period":"2019-08-16","deleted_at":null,"created_at":"2019-08-06 22:01:37","updated_at":"2019-08-06 22:01:37","weight_result":0.6,"weight_process":0.4},{"id":"193791144800","employee_id":"1915285198","period":"2019-09-16","deleted_at":null,"created_at":"2019-08-06 22:01:37","updated_at":"2019-08-06 22:01:37","weight_result":0.6,"weight_process":0.4},{"id":"193793645800","employee_id":"1915286198","period":"2019-08-16","deleted_at":null,"created_at":"2019-08-06 22:01:37","updated_at":"2019-08-06 22:01:37","weight_result":0.6,"weight_process":0.4},{"id":"193795642504","employee_id":"1915284192","period":"2019-07-16","deleted_at":null,"created_at":"2019-09-05 13:24:37","updated_at":"2019-09-05 13:24:37","weight_result":0.6,"weight_process":0.4},{"id":"193798445100","employee_id":"1915285243","period":"2019-09-16","deleted_at":null,"created_at":"2019-08-06 22:01:37","updated_at":"2019-08-06 22:01:37","weight_result":0.6,"weight_process":0.4},{"id":"193799445100","employee_id":"1915285243","period":"2019-08-16","deleted_at":null,"created_at":"2019-08-06 22:01:37","updated_at":"2019-08-06 22:01:37","weight_result":0.6,"weight_process":0.4},{"id":"193825146100","employee_id":"1938271132","period":"2019-10-16","deleted_at":null,"created_at":"2019-10-06 21:03:38","updated_at":"2019-10-06 21:48:16","weight_result":0.5,"weight_process":0.5},{"id":"193846640704","employee_id":"1915284138","period":"2019-06-16","deleted_at":null,"created_at":"2019-09-05 13:19:38","updated_at":"2019-09-05 13:19:38","weight_result":0.6,"weight_process":0.4},{"id":"193847142604","employee_id":"1915284193","period":"2019-07-16","deleted_at":null,"created_at":"2019-09-05 13:24:38","updated_at":"2019-09-05 13:24:38","weight_result":0.6,"weight_process":0.4},{"id":"193853142804","employee_id":"1915284252","period":"2019-10-16","deleted_at":null,"created_at":"2019-10-01 00:25:38","updated_at":"2019-10-01 00:25:38","weight_result":0.6,"weight_process":0.4},{"id":"193856945304","employee_id":"1915286124","period":"2019-06-16","deleted_at":null,"created_at":"2019-09-05 13:20:38","updated_at":"2019-09-05 13:20:38","weight_result":0.6,"weight_process":0.4},{"id":"193969145404","employee_id":"1915286147","period":"2019-06-16","deleted_at":null,"created_at":"2019-09-05 13:20:39","updated_at":"2019-09-05 13:20:39","weight_result":0.6,"weight_process":0.4},{"id":"193986240804","employee_id":"1915284139","period":"2019-06-16","deleted_at":null,"created_at":"2019-09-05 13:19:39","updated_at":"2019-09-05 13:19:39","weight_result":0.6,"weight_process":0.4},{"id":"194008045504","employee_id":"1915286156","period":"2019-06-16","deleted_at":null,"created_at":"2019-09-05 13:20:40","updated_at":"2019-09-05 13:20:40","weight_result":0.6,"weight_process":0.4},{"id":"194017742704","employee_id":"1915284199","period":"2019-07-16","deleted_at":null,"created_at":"2019-09-05 13:24:40","updated_at":"2019-09-05 13:24:40","weight_result":0.6,"weight_process":0.4},{"id":"194039942904","employee_id":"1915284269","period":"2019-10-16","deleted_at":null,"created_at":"2019-10-01 00:25:40","updated_at":"2019-10-01 00:25:40","weight_result":0.6,"weight_process":0.4},{"id":"194120040904","employee_id":"1915284140","period":"2019-06-16","deleted_at":null,"created_at":"2019-09-05 13:19:41","updated_at":"2019-09-05 13:19:41","weight_result":0.6,"weight_process":0.4},{"id":"194121843004","employee_id":"1915284279","period":"2019-10-16","deleted_at":null,"created_at":"2019-10-01 00:25:41","updated_at":"2019-10-01 00:25:41","weight_result":0.6,"weight_process":0.4},{"id":"194135842804","employee_id":"1915284252","period":"2019-07-16","deleted_at":null,"created_at":"2019-09-05 13:24:41","updated_at":"2019-09-05 13:24:41","weight_result":0.6,"weight_process":0.4},{"id":"194187245604","employee_id":"1915286169","period":"2019-06-16","deleted_at":null,"created_at":"2019-09-05 13:20:41","updated_at":"2019-09-05 13:20:41","weight_result":0.6,"weight_process":0.4},{"id":"194292145704","employee_id":"1915286191","period":"2019-06-16","deleted_at":null,"created_at":"2019-09-05 13:20:42","updated_at":"2019-09-05 13:20:42","weight_result":0.6,"weight_process":0.4},{"id":"194313243204","employee_id":"1915285113","period":"2019-10-16","deleted_at":null,"created_at":"2019-10-01 00:25:43","updated_at":"2019-10-01 00:25:43","weight_result":0.6,"weight_process":0.4},{"id":"194361145804","employee_id":"1915286198","period":"2019-06-16","deleted_at":null,"created_at":"2019-09-05 13:20:43","updated_at":"2019-09-05 13:20:43","weight_result":0.6,"weight_process":0.4},{"id":"194381841004","employee_id":"1915284151","period":"2019-06-16","deleted_at":null,"created_at":"2019-09-05 13:19:43","updated_at":"2019-09-05 13:19:43","weight_result":0.6,"weight_process":0.4},{"id":"194392942904","employee_id":"1915284269","period":"2019-07-16","deleted_at":null,"created_at":"2019-09-05 13:24:43","updated_at":"2019-09-05 13:24:43","weight_result":0.6,"weight_process":0.4},{"id":"194441343004","employee_id":"1915284279","period":"2019-07-16","deleted_at":null,"created_at":"2019-09-05 13:24:44","updated_at":"2019-09-05 13:24:44","weight_result":0.6,"weight_process":0.4},{"id":"194457941104","employee_id":"1915284152","period":"2019-06-16","deleted_at":null,"created_at":"2019-09-05 13:19:44","updated_at":"2019-09-05 13:19:44","weight_result":0.6,"weight_process":0.4},{"id":"194577943404","employee_id":"1915285131","period":"2019-10-16","deleted_at":null,"created_at":"2019-10-01 00:25:45","updated_at":"2019-10-01 00:25:45","weight_result":0.6,"weight_process":0.4},{"id":"194654441204","employee_id":"1915284154","period":"2019-06-16","deleted_at":null,"created_at":"2019-09-05 13:19:46","updated_at":"2019-09-05 13:19:46","weight_result":0.6,"weight_process":0.4},{"id":"194657443104","employee_id":"1915284282","period":"2019-07-16","deleted_at":null,"created_at":"2019-09-05 13:24:46","updated_at":"2019-09-05 13:24:46","weight_result":0.6,"weight_process":0.4},{"id":"194743443204","employee_id":"1915285113","period":"2019-07-16","deleted_at":null,"created_at":"2019-09-05 13:24:47","updated_at":"2019-09-05 13:24:47","weight_result":0.6,"weight_process":0.4},{"id":"194743641304","employee_id":"1915284158","period":"2019-06-16","deleted_at":null,"created_at":"2019-09-05 13:19:47","updated_at":"2019-09-05 13:19:47","weight_result":0.6,"weight_process":0.4},{"id":"194778041504","employee_id":"1915284162","period":"2019-06-16","deleted_at":null,"created_at":"2019-09-05 13:18:47","updated_at":"2019-09-05 13:18:47","weight_result":0.6,"weight_process":0.4},{"id":"194794043604","employee_id":"1915285141","period":"2019-10-16","deleted_at":null,"created_at":"2019-10-01 00:25:47","updated_at":"2019-10-01 00:25:47","weight_result":0.6,"weight_process":0.4},{"id":"194910143704","employee_id":"1915285147","period":"2019-10-16","deleted_at":null,"created_at":"2019-10-01 00:25:49","updated_at":"2019-10-01 00:25:49","weight_result":0.6,"weight_process":0.4},{"id":"194944143304","employee_id":"1915285119","period":"2019-07-16","deleted_at":null,"created_at":"2019-09-05 13:24:49","updated_at":"2019-09-05 13:24:49","weight_result":0.6,"weight_process":0.4},{"id":"194944241404","employee_id":"1915284159","period":"2019-06-16","deleted_at":null,"created_at":"2019-09-05 13:19:49","updated_at":"2019-09-05 13:19:49","weight_result":0.6,"weight_process":0.4},{"id":"195031743804","employee_id":"1915285155","period":"2019-10-16","deleted_at":null,"created_at":"2019-10-01 00:25:50","updated_at":"2019-10-01 00:25:50","weight_result":0.6,"weight_process":0.4},{"id":"195044743404","employee_id":"1915285131","period":"2019-07-16","deleted_at":null,"created_at":"2019-09-05 13:24:50","updated_at":"2019-09-05 13:24:50","weight_result":0.6,"weight_process":0.4},{"id":"195134143904","employee_id":"1915285162","period":"2019-10-16","deleted_at":null,"created_at":"2019-10-01 00:25:51","updated_at":"2019-10-01 00:25:51","weight_result":0.6,"weight_process":0.4},{"id":"195146043504","employee_id":"1915285140","period":"2019-07-16","deleted_at":null,"created_at":"2019-09-05 13:24:51","updated_at":"2019-09-05 13:24:51","weight_result":0.6,"weight_process":0.4},{"id":"195165341604","employee_id":"1915284163","period":"2019-06-16","deleted_at":null,"created_at":"2019-09-05 13:19:51","updated_at":"2019-09-05 13:19:51","weight_result":0.6,"weight_process":0.4},{"id":"195244543604","employee_id":"1915285141","period":"2019-07-16","deleted_at":null,"created_at":"2019-09-05 13:24:52","updated_at":"2019-09-05 13:24:52","weight_result":0.6,"weight_process":0.4},{"id":"195255541704","employee_id":"1915284167","period":"2019-06-16","deleted_at":null,"created_at":"2019-09-05 13:19:52","updated_at":"2019-09-05 13:19:52","weight_result":0.6,"weight_process":0.4},{"id":"195278744004","employee_id":"1915285163","period":"2019-10-16","deleted_at":null,"created_at":"2019-10-01 00:25:52","updated_at":"2019-10-01 00:25:52","weight_result":0.6,"weight_process":0.4},{"id":"195350141804","employee_id":"1915284168","period":"2019-06-16","deleted_at":null,"created_at":"2019-09-05 13:19:53","updated_at":"2019-09-05 13:19:53","weight_result":0.6,"weight_process":0.4},{"id":"195358943704","employee_id":"1915285147","period":"2019-07-16","deleted_at":null,"created_at":"2019-09-05 13:24:53","updated_at":"2019-09-05 13:24:53","weight_result":0.6,"weight_process":0.4},{"id":"195393944104","employee_id":"1915285165","period":"2019-10-16","deleted_at":null,"created_at":"2019-10-01 00:25:53","updated_at":"2019-10-01 00:25:53","weight_result":0.6,"weight_process":0.4},{"id":"195475344204","employee_id":"1915285173","period":"2019-10-16","deleted_at":null,"created_at":"2019-10-01 00:25:54","updated_at":"2019-10-01 00:25:54","weight_result":0.6,"weight_process":0.4},{"id":"195481543804","employee_id":"1915285155","period":"2019-07-16","deleted_at":null,"created_at":"2019-09-05 13:24:54","updated_at":"2019-09-05 13:24:54","weight_result":0.6,"weight_process":0.4},{"id":"195523643904","employee_id":"1915285162","period":"2019-07-16","deleted_at":null,"created_at":"2019-09-05 13:24:55","updated_at":"2019-09-05 13:24:55","weight_result":0.6,"weight_process":0.4},{"id":"195562641904","employee_id":"1915284171","period":"2019-06-16","deleted_at":null,"created_at":"2019-09-05 13:19:55","updated_at":"2019-09-05 13:19:55","weight_result":0.6,"weight_process":0.4},{"id":"195607046300","employee_id":"1956735143","period":"2019-10-16","deleted_at":null,"created_at":"2019-10-06 21:16:56","updated_at":"2019-10-06 21:48:16","weight_result":0.5,"weight_process":0.5},{"id":"195685442004","employee_id":"1915284172","period":"2019-06-16","deleted_at":null,"created_at":"2019-09-05 13:19:56","updated_at":"2019-09-05 13:19:56","weight_result":0.6,"weight_process":0.4},{"id":"195774644004","employee_id":"1915285163","period":"2019-07-16","deleted_at":null,"created_at":"2019-09-05 13:24:57","updated_at":"2019-09-05 13:24:57","weight_result":0.6,"weight_process":0.4},{"id":"195794746100","employee_id":"1940621128","period":"2019-09-16","deleted_at":null,"created_at":"2019-09-25 01:46:57","updated_at":"2019-09-25 01:46:57","weight_result":0.6,"weight_process":0.4},{"id":"195827142104","employee_id":"1915284179","period":"2019-06-16","deleted_at":null,"created_at":"2019-09-05 13:19:58","updated_at":"2019-09-05 13:19:58","weight_result":0.6,"weight_process":0.4},{"id":"195853444504","employee_id":"1915285191","period":"2019-10-16","deleted_at":null,"created_at":"2019-10-01 00:25:58","updated_at":"2019-10-01 00:25:58","weight_result":0.6,"weight_process":0.4},{"id":"195899844104","employee_id":"1915285165","period":"2019-07-16","deleted_at":null,"created_at":"2019-09-05 13:24:58","updated_at":"2019-09-05 13:24:58","weight_result":0.6,"weight_process":0.4},{"id":"195934342204","employee_id":"1915284183","period":"2019-06-16","deleted_at":null,"created_at":"2019-09-05 13:19:59","updated_at":"2019-09-05 13:19:59","weight_result":0.6,"weight_process":0.4},{"id":"195951644204","employee_id":"1915285173","period":"2019-07-16","deleted_at":null,"created_at":"2019-09-05 13:24:59","updated_at":"2019-09-05 13:24:59","weight_result":0.6,"weight_process":0.4}]