[{"id":"00dd9031-cf59-4b95-a444-f04ec19c14dd","type":"App\\Notifications\\SendMessage","notifiable_type":"App\\Model\\User","notifiable_id":"1950300028","data":"{\"type\":\"message\",\"subject\":\"Perubahan Status untuk periode 2019-09-16 sudah disetujui \",\"from\":\"Zhang Eng Ting\"}","read_at":"2019-09-26 15:15:42","created_at":"2019-09-26 15:13:02","updated_at":"2019-09-26 15:15:42"},{"id":"07284775-17b8-432a-a6b4-a82770d1c574","type":"App\\Notifications\\SendMessage","notifiable_type":"App\\Model\\User","notifiable_id":"1950300028","data":"{\"type\":\"message\",\"subject\":\"Perubahan Status untuk periode 2019-09-16 sudah disetujui \",\"from\":\"Zhang Eng Ting\"}","read_at":"2019-09-26 15:09:42","created_at":"2019-09-26 15:06:24","updated_at":"2019-09-26 15:09:42"},{"id":"2d532815-2270-456d-8d77-c2e27597099a","type":"App\\Notifications\\SendMessage","notifiable_type":"App\\Model\\User","notifiable_id":"1950300028","data":"{\"type\":\"message\",\"subject\":\"Meily E. Karundeng sudah mengirimkan permintaan perubahan pengesahan untuk periode Sep 2019\",\"from\":\"Meily E. Karundeng\"}","read_at":"2019-09-26 15:09:40","created_at":"2019-09-26 15:04:38","updated_at":"2019-09-26 15:09:40"},{"id":"3f1da406-2457-45e6-9a76-e4d289fcfa16","type":"App\\Notifications\\EndorsementNotification","notifiable_type":"App\\Model\\User","notifiable_id":"1950300028","data":"{\"type\":\"redirect\",\"subject\":\"Li Guang sudah mengesahkan PMS nya sendiri untuk periode Sep 2019\",\"redirectTo\":\"realisasi\\/1915284151\\/8\",\"from\":\"Li Guang\"}","read_at":"2019-09-14 20:27:44","created_at":"2019-09-14 20:25:55","updated_at":"2019-09-14 20:27:44"},{"id":"4ac1b7e8-2fa7-4c5d-9862-825623c262ac","type":"App\\Notifications\\EndorsementNotification","notifiable_type":"App\\Model\\User","notifiable_id":"1950300028","data":"{\"type\":\"redirect\",\"subject\":\"Wang Jingxing sudah mengesahkan PMS nya sendiri untuk periode Aug 2019\",\"redirectTo\":\"realisasi\\/1915284136\\/7\",\"from\":\"Wang Jingxing\"}","read_at":"2019-09-10 15:37:13","created_at":"2019-09-10 15:36:34","updated_at":"2019-09-10 15:37:13"},{"id":"4c54dd22-58d9-40eb-8820-c95c6fbb787c","type":"App\\Notifications\\EndorsementNotification","notifiable_type":"App\\Model\\User","notifiable_id":"1934031051","data":"{\"type\":\"redirect\",\"subject\":\"Zhang Heng Xiang sudah mengesahkan PMS nya sendiri untuk periode Sep 2019\",\"redirectTo\":\"realisasi\\/1915284162\\/8\",\"from\":\"Zhang Heng Xiang\"}","read_at":"2019-09-26 14:58:42","created_at":"2019-09-19 22:49:20","updated_at":"2019-09-26 14:58:42"},{"id":"686bb3aa-23ee-4ba2-aea0-511de5375209","type":"App\\Notifications\\EndorsementNotification","notifiable_type":"App\\Model\\User","notifiable_id":"1934031051","data":"{\"type\":\"redirect\",\"subject\":\"Zhang Heng Xiang sudah mengesahkan PMS nya sendiri untuk periode Jul 2019\",\"redirectTo\":\"realisasi\\/1915284162\\/6\",\"from\":\"Zhang Heng Xiang\"}","read_at":"2019-09-12 20:25:53","created_at":"2019-09-10 15:33:25","updated_at":"2019-09-12 20:25:53"},{"id":"698b5822-49ef-4dde-8fa9-b6730ea6dac9","type":"App\\Notifications\\RequestChange","notifiable_type":"App\\Model\\User","notifiable_id":"1936858059","data":"{\"type\":\"request-change\",\"subject\":\"Percobaan ubah pengesahan untuk mekanisme baru\",\"message\":\"bacoba aj ya hehe\",\"from\":\"Meily E. Karundeng\",\"to\":{\"id\":\"1915284162\",\"name\":\"Zhang Heng Xiang\",\"gender\":\"male\",\"role_id\":\"1915281248\",\"atasan_id\":\"1915283145\"},\"approved\":true}","read_at":"2019-09-26 15:05:45","created_at":"2019-09-26 15:04:38","updated_at":"2019-09-26 15:06:24"},{"id":"6a57821b-fcbe-4dad-9d02-6576c19be068","type":"App\\Notifications\\EndorsementNotification","notifiable_type":"App\\Model\\User","notifiable_id":"1908157082","data":"{\"type\":\"redirect\",\"subject\":\"Asep Zhang sudah mengesahkan PMS group dari \\\"Operator Rotary Kiln Group 1\\\"\",\"redirectTo\":\"realisasi-group\\/1938630853\",\"from\":\"Asep Zhang\"}","read_at":null,"created_at":"2019-10-04 23:42:28","updated_at":"2019-10-04 23:42:28"},{"id":"7c17ce8b-c634-4983-b5aa-98d5bf6dcce5","type":"App\\Notifications\\EndorsementNotification","notifiable_type":"App\\Model\\User","notifiable_id":"1908157082","data":"{\"type\":\"redirect\",\"subject\":\"Asep Zhang sudah mengesahkan PMS group dari \\\"Operator Rotary Kiln Group 1\\\"\",\"redirectTo\":\"realisasi-group\\/1938630853\",\"from\":\"Asep Zhang\"}","read_at":null,"created_at":"2019-10-06 22:22:15","updated_at":"2019-10-06 22:22:15"},{"id":"8004f01b-f60f-4ed2-b11d-89346f689f5b","type":"App\\Notifications\\SendMessage","notifiable_type":"App\\Model\\User","notifiable_id":"1950300028","data":"{\"type\":\"message\",\"subject\":\"Meily E. Karundeng sudah mengirimkan permintaan perubahan pengesahan untuk periode Sep 2019\",\"from\":\"Meily E. Karundeng\"}","read_at":"2019-09-26 15:12:11","created_at":"2019-09-26 15:12:01","updated_at":"2019-09-26 15:12:11"},{"id":"80c2f64d-56a4-401d-958f-781e742f64a7","type":"App\\Notifications\\EndorsementNotification","notifiable_type":"App\\Model\\User","notifiable_id":"1908157082","data":"{\"type\":\"redirect\",\"subject\":\"Cao Cao sudah mengesahkan PMS group dari \\\"Ketua Group pada Area RD & CMP\\\"\",\"redirectTo\":\"realisasi-group\\/1939379886\",\"from\":\"Cao Cao\"}","read_at":null,"created_at":"2019-10-06 21:52:55","updated_at":"2019-10-06 21:52:55"},{"id":"815769eb-6219-4202-9bde-07fe1da7e5fa","type":"App\\Notifications\\SendMessage","notifiable_type":"App\\Model\\User","notifiable_id":"1935871055","data":"{\"type\":\"message\",\"subject\":\"Perubahan Status untuk periode 2019-10-16 sudah disetujui \",\"from\":\"Darma Nusa Alting\"}","read_at":"2019-10-04 22:11:02","created_at":"2019-10-04 22:10:34","updated_at":"2019-10-04 22:11:02"},{"id":"85096cf1-0a66-426c-a01e-928e3b37fe9a","type":"App\\Notifications\\SendMessage","notifiable_type":"App\\Model\\User","notifiable_id":"1955352018","data":"{\"type\":\"message\",\"subject\":\"Zhang Heng Xiang sudah mengirimkan permintaan perubahan pengesahan untuk periode Sep 2019\",\"from\":\"Zhang Heng Xiang\"}","read_at":"2019-09-24 14:05:25","created_at":"2019-09-24 14:04:25","updated_at":"2019-09-24 14:05:25"},{"id":"9684a2ff-8f4e-415f-a285-c8982f3da3e7","type":"App\\Notifications\\EndorsementNotification","notifiable_type":"App\\Model\\User","notifiable_id":"1950300028","data":"{\"type\":\"redirect\",\"subject\":\"Li Guang sudah mengesahkan PMS nya sendiri untuk periode Jul 2019\",\"redirectTo\":\"realisasi\\/1915284151\\/6\",\"from\":\"Li Guang\"}","read_at":"2019-09-10 15:35:35","created_at":"2019-09-10 15:34:56","updated_at":"2019-09-10 15:35:35"},{"id":"a0074be3-493a-4981-a944-958f0432a682","type":"App\\Notifications\\EndorsementNotification","notifiable_type":"App\\Model\\User","notifiable_id":"1950300028","data":"{\"type\":\"redirect\",\"subject\":\"Zhang Eng Ting sudah mengesahkan PMS nya sendiri untuk periode Sep 2019\",\"redirectTo\":\"realisasi\\/1915284192\\/8\",\"from\":\"Zhang Eng Ting\"}","read_at":"2019-09-19 20:28:03","created_at":"2019-09-19 20:26:49","updated_at":"2019-09-19 20:28:03"},{"id":"a2b1aa27-79aa-42c5-83fa-70e22330650d","type":"App\\Notifications\\EndorsementNotification","notifiable_type":"App\\Model\\User","notifiable_id":"1950300028","data":"{\"type\":\"redirect\",\"subject\":\"Li Guang sudah mengesahkan PMS nya sendiri untuk periode Sep 2019\",\"redirectTo\":\"realisasi\\/1915284151\\/8\",\"from\":\"Li Guang\"}","read_at":"2019-09-24 14:03:59","created_at":"2019-09-24 14:03:09","updated_at":"2019-09-24 14:03:59"},{"id":"a5aae15c-6f5c-4373-98bb-38a9aec2ccad","type":"App\\Notifications\\EndorsementNotification","notifiable_type":"App\\Model\\User","notifiable_id":"1908157082","data":"{\"type\":\"redirect\",\"subject\":\"Asep Zhang sudah mengesahkan PMS group dari \\\"Operator Rotary Kiln Group 1\\\"\",\"redirectTo\":\"realisasi-group\\/1938630853\",\"from\":\"Asep Zhang\"}","read_at":"2019-10-04 21:40:37","created_at":"2019-10-04 21:40:28","updated_at":"2019-10-04 21:40:37"},{"id":"a9a74c02-8929-4bc2-9a6b-821f5ce1d381","type":"App\\Notifications\\EndorsementNotification","notifiable_type":"App\\Model\\User","notifiable_id":"1934031051","data":"{\"type\":\"redirect\",\"subject\":\"Zhang Heng Xiang sudah mengesahkan PMS nya sendiri untuk periode Jul 2019\",\"redirectTo\":\"realisasi\\/1915284162\\/6\",\"from\":\"Zhang Heng Xiang\"}","read_at":"2019-09-26 14:58:37","created_at":"2019-09-19 20:39:40","updated_at":"2019-09-26 14:58:37"},{"id":"ab8e9b42-1dbe-46a7-86dd-3ffce5a69fef","type":"App\\Notifications\\RequestChange","notifiable_type":"App\\Model\\User","notifiable_id":"1936858059","data":"{\"type\":\"request-change\",\"subject\":\"Perubahan untuk periode hehe\",\"message\":\"bacoba aja\",\"from\":\"Zhang Heng Xiang\",\"to\":{\"id\":\"1915284151\",\"name\":\"Li Guang\",\"gender\":\"male\",\"role_id\":\"1915282245\",\"atasan_id\":\"1915284162\"},\"approved\":true}","read_at":"2019-09-24 14:05:55","created_at":"2019-09-24 14:04:25","updated_at":"2019-09-24 14:06:27"},{"id":"b51fe985-012d-480f-9ec9-e5d2825766aa","type":"App\\Notifications\\EndorsementNotification","notifiable_type":"App\\Model\\User","notifiable_id":"1908157082","data":"{\"type\":\"redirect\",\"subject\":\"Asep Zhang sudah mengesahkan PMS group dari \\\"Operator Rotary Kiln Group 1\\\"\",\"redirectTo\":\"realisasi-group\\/1938630853\",\"from\":\"Asep Zhang\"}","read_at":null,"created_at":"2019-10-06 22:18:11","updated_at":"2019-10-06 22:18:11"},{"id":"bf10b3d2-a5f8-468b-bca3-285ebe1b12f1","type":"App\\Notifications\\SendMessage","notifiable_type":"App\\Model\\User","notifiable_id":"1955352018","data":"{\"type\":\"message\",\"subject\":\"Perubahan Status untuk periode 2019-09-16 sudah disetujui \",\"from\":\"Zhang Eng Ting\"}","read_at":"2019-09-24 14:07:23","created_at":"2019-09-24 14:06:27","updated_at":"2019-09-24 14:07:23"},{"id":"c35a3897-1f0d-461a-8363-7a29c9555adc","type":"App\\Notifications\\RequestChange","notifiable_type":"App\\Model\\User","notifiable_id":"1936858059","data":"{\"type\":\"request-change\",\"subject\":\"bacoba untuk softdelete\",\"message\":\"ini deskripsi\",\"from\":\"Meily E. Karundeng\",\"to\":{\"id\":\"1915284162\",\"name\":\"Zhang Heng Xiang\",\"gender\":\"male\",\"role_id\":\"1915281248\",\"atasan_id\":\"1915283145\"},\"approved\":true}","read_at":"2019-09-26 15:12:47","created_at":"2019-09-26 15:12:00","updated_at":"2019-09-26 15:13:02"},{"id":"ca3338b2-df57-4970-a9d6-78fc05104ea6","type":"App\\Notifications\\EndorsementNotification","notifiable_type":"App\\Model\\User","notifiable_id":"1908157082","data":"{\"type\":\"redirect\",\"subject\":\"Asep Zhang sudah mengesahkan PMS nya sendiri untuk periode Oct 2019\",\"redirectTo\":\"realisasi\\/1915285113\\/9\",\"from\":\"Asep Zhang\"}","read_at":"2019-10-04 20:07:16","created_at":"2019-10-04 20:06:57","updated_at":"2019-10-04 20:07:16"},{"id":"d53b3d54-5432-4241-b9c1-942f3e9ccc2e","type":"App\\Notifications\\RequestChange","notifiable_type":"App\\Model\\User","notifiable_id":"1936858059","data":"{\"type\":\"request-change\",\"subject\":\"Permintaan perubahan status pengesahan untuk Li Guang\",\"message\":\"punten tolong diubah ya :)\",\"from\":\"Zhang Heng Xiang\",\"to\":{\"id\":\"1915284151\",\"name\":\"Li Guang\",\"gender\":\"male\",\"role_id\":\"1915282245\",\"atasan_id\":\"1915284162\"},\"approved\":true}","read_at":"2019-09-14 20:29:03","created_at":"2019-09-14 20:28:26","updated_at":"2019-09-14 20:29:09"},{"id":"d545a7d9-3463-47a0-9d6e-a2fc2966dd67","type":"App\\Notifications\\SendMessage","notifiable_type":"App\\Model\\User","notifiable_id":"1955352018","data":"{\"type\":\"message\",\"subject\":\"Zhang Heng Xiang sudah mengirimkan permintaan perubahan pengesahan untuk periode Sep 2019\",\"from\":\"Zhang Heng Xiang\"}","read_at":"2019-09-24 14:02:10","created_at":"2019-09-14 20:28:26","updated_at":"2019-09-24 14:02:10"},{"id":"d58c3223-c471-410d-ae36-3b926de7a8b8","type":"App\\Notifications\\EndorsementNotification","notifiable_type":"App\\Model\\User","notifiable_id":"1936044017","data":"{\"type\":\"redirect\",\"subject\":\"Li Delu sudah mengesahkan PMS dari Asep Zhang untuk periode Oct 2019\",\"redirectTo\":\"realisasi\\/1915285113\\/9\",\"from\":\"Li Delu\"}","read_at":null,"created_at":"2019-10-04 20:07:25","updated_at":"2019-10-04 20:07:25"},{"id":"d653a547-a13d-4558-ad6c-73759c6168a2","type":"App\\Notifications\\EndorsementNotification","notifiable_type":"App\\Model\\User","notifiable_id":"1934031051","data":"{\"type\":\"redirect\",\"subject\":\"Zhang Heng Xiang sudah mengesahkan PMS nya sendiri untuk periode Oct 2019\",\"redirectTo\":\"realisasi\\/1915284162\\/9\",\"from\":\"Zhang Heng Xiang\"}","read_at":null,"created_at":"2019-10-04 20:52:21","updated_at":"2019-10-04 20:52:21"},{"id":"ec9cfaee-1584-4f91-8420-d600debe59d5","type":"App\\Notifications\\RequestChange","notifiable_type":"App\\Model\\User","notifiable_id":"1907369060","data":"{\"type\":\"request-change\",\"subject\":\"test untuk yang grup\",\"message\":\"ini bacoba aja ya\",\"from\":\"Li Delu\",\"to\":{\"id\":\"1915285113\",\"name\":\"Asep Zhang\",\"gender\":\"male\",\"role_id\":\"1915282233\",\"atasan_id\":\"1915284167\"},\"approved\":true}","read_at":"2019-10-04 22:01:17","created_at":"2019-10-04 21:59:36","updated_at":"2019-10-04 22:10:34"},{"id":"f86c5f5c-429d-40ca-a777-a78a1a2cb231","type":"App\\Notifications\\SendMessage","notifiable_type":"App\\Model\\User","notifiable_id":"1935871055","data":"{\"type\":\"message\",\"subject\":\"Li Delu sudah mengirimkan permintaan perubahan pengesahan untuk periode Oct 2019\",\"from\":\"Li Delu\"}","read_at":"2019-10-04 21:59:51","created_at":"2019-10-04 21:59:36","updated_at":"2019-10-04 21:59:51"},{"id":"fc75b94d-caa5-4c25-9640-0da6e0e70f01","type":"App\\Notifications\\SendMessage","notifiable_type":"App\\Model\\User","notifiable_id":"1955352018","data":"{\"type\":\"message\",\"subject\":\"Perubahan Status untuk periode 2019-09-16 sudah disetujui \",\"from\":\"Zhang Eng Ting\"}","read_at":"2019-09-14 20:29:43","created_at":"2019-09-14 20:29:09","updated_at":"2019-09-14 20:29:43"}]